window,date,arm,combined,nrmse_diag,nrmse_offdiag
may_jun,20240501,april_mean,0.2185045924589094,0.09087550384314794,0.34613368107467085
may_jun,20240502,april_mean,0.2284792807304245,0.08195024439354553,0.3750083170673035
may_jun,20240503,april_mean,0.2531101125326101,0.15333717513408252,0.3528830499311377
may_jun,20240504,april_mean,0.26116158385900035,0.1387783741852272,0.38354479353277343
may_jun,20240505,april_mean,0.28290802882071336,0.18249953846862946,0.3833165191727973
may_jun,20240506,april_mean,0.25163540838619003,0.12912421843099534,0.37414659834138475
may_jun,20240507,april_mean,0.2282759073006407,0.10766352192321958,0.3488882926780618
may_jun,20240508,april_mean,0.20553821759606036,0.09151561778422797,0.31956081740789277
may_jun,20240509,april_mean,0.2311014935849846,0.09502573181124188,0.36717725535872736
may_jun,20240510,april_mean,0.22268697610628518,0.08574628737157153,0.35962766484099884
may_jun,20240511,april_mean,0.2213674076550248,0.10323249846331488,0.3395023168467347
may_jun,20240512,april_mean,0.2415247549208773,0.12874373547548063,0.354305774366274
may_jun,20240513,april_mean,0.20130187616686712,0.09087211757204969,0.3117316347616846
may_jun,20240514,april_mean,0.20986837759485508,0.09569494503958355,0.3240418101501266
may_jun,20240515,april_mean,0.2247919705132171,0.09314387512206015,0.35644006590437405
may_jun,20240516,april_mean,0.20329618020008602,0.09347913641078624,0.3131132239893858
may_jun,20240517,april_mean,0.20066160089743285,0.09501467230718444,0.3063085294876812
may_jun,20240518,april_mean,0.2527917597738564,0.1315745785885491,0.3740089409591636
may_jun,20240519,april_mean,0.26023973896556224,0.12370202146395032,0.39677745646717416
may_jun,20240520,april_mean,0.1975177671378206,0.08170426626854588,0.3133312680070953
may_jun,20240521,april_mean,0.21564636543562082,0.08967932967962315,0.3416134011916185
may_jun,20240522,april_mean,0.20990938825753533,0.11093951842662747,0.3088792580884432
may_jun,20240523,april_mean,0.20379408338838617,0.08360723770816669,0.32398092906860565
may_jun,20240524,april_mean,0.1978827891841839,0.08761730540161236,0.3081482729667554
may_jun,20240525,april_mean,0.21665374533647155,0.10508742172676018,0.32822006894618294
may_jun,20240526,april_mean,0.27637582289771645,0.15664406021614893,0.39610758557928394
may_jun,20240527,april_mean,0.205270177780533,0.09975913022813317,0.31078122533293284
may_jun,20240528,april_mean,0.17756232419400064,0.08100643230278612,0.27411821608521514
may_jun,20240530,april_mean,0.22280071424921516,0.10916846116552095,0.3364329673329094
may_jun,20240531,april_mean,0.21046551348473136,0.08467070008360358,0.3362603268858591
may_jun,20240601,april_mean,0.21718180780314392,0.11553214852156046,0.31883146708472737
may_jun,20240602,april_mean,0.24457429371089429,0.12387800300628521,0.36527058441550336
may_jun,20240603,april_mean,0.22826659721425818,0.10650823628158343,0.3500249581469329
may_jun,20240604,april_mean,0.21894113527257725,0.0963331582824185,0.341549112262736
may_jun,20240605,april_mean,0.2162854864362222,0.09055293191701044,0.3420180409554339
may_jun,20240606,april_mean,0.20781213326791403,0.09252520520630975,0.3230990613295183
may_jun,20240607,april_mean,0.2097898761099463,0.07853875989167512,0.34104099232821744
may_jun,20240608,april_mean,0.22746574850828383,0.11882797368878781,0.3361035233277799
may_jun,20240609,april_mean,0.23555775323974798,0.11648226309424817,0.35463324338524777
may_jun,20240610,april_mean,0.22635396185074322,0.1032380478522808,0.34946987584920564
may_jun,20240611,april_mean,0.2151842983818404,0.10058226504048509,0.32978633172319566
may_jun,20240612,april_mean,0.22373985756664735,0.10616514020608626,0.34131457492720846
may_jun,20240613,april_mean,0.19989612328042886,0.09068778585112502,0.3091044607097327
may_jun,20240614,april_mean,0.21471907877129234,0.09854221622915006,0.33089594131343464
may_jun,20240615,april_mean,0.2085111867689598,0.11896494493628006,0.29805742860163953
may_jun,20240616,april_mean,0.22939946119633617,0.11498718786633098,0.34381173452634134
may_jun,20240617,april_mean,0.21012962800852888,0.10151871708450023,0.31874053893255755
may_jun,20240618,april_mean,0.20988491470269152,0.08941249070496637,0.33035733870041667
may_jun,20240619,april_mean,0.21249841201562222,0.11256723757949039,0.31242958645175406
may_jun,20240620,april_mean,0.20633502480335308,0.09306101448715978,0.3196090351195464
may_jun,20240621,april_mean,0.19957238410659955,0.07859597135338678,0.32054879685981236
may_jun,20240622,april_mean,0.20954686987970653,0.09437528538125833,0.3247184543781547
may_jun,20240623,april_mean,0.24320373842421375,0.1036205590246339,0.3827869178237936
may_jun,20240624,april_mean,0.20937126974250045,0.09182814358578688,0.326914395899214
may_jun,20240625,april_mean,0.21000975092823027,0.1057112175056422,0.3143082843508183
may_jun,20240626,april_mean,0.23060154511907216,0.10119455155120602,0.36000853868693833
may_jun,20240627,april_mean,0.21488283178604,0.11489407439887675,0.31487158917320324
may_jun,20240628,april_mean,0.2011920518987458,0.08638385798068954,0.3160002458168021
may_jun,20240629,april_mean,0.2195921677123025,0.10271765697808666,0.33646667844651834
may_jun,20240630,april_mean,0.25304926540370454,0.11175479307101328,0.3943437377363958
may_jun,20240501,novdec_mean,0.23909755356351384,0.11451988723281714,0.36367521989421053
may_jun,20240502,novdec_mean,0.2328822189103782,0.07899315622267732,0.38677128159807905
may_jun,20240503,novdec_mean,0.22553603526680338,0.11930077983098117,0.3317712907026256
may_jun,20240504,novdec_mean,0.2339773993110831,0.11542839448479099,0.35252640413737524
may_jun,20240505,novdec_mean,0.2533546734976593,0.14633689734320743,0.36037244965211107
may_jun,20240506,novdec_mean,0.2275497980353768,0.10529019038844036,0.3498094056823133
may_jun,20240507,novdec_mean,0.2499781790705797,0.13282054928788772,0.3671358088532717
may_jun,20240508,novdec_mean,0.22412326452426318,0.11869809837691467,0.3295484306716117
may_jun,20240509,novdec_mean,0.2506669471723223,0.11584387659126955,0.385490017753375
may_jun,20240510,novdec_mean,0.23569766218582697,0.09585882548535897,0.375536498886295
may_jun,20240511,novdec_mean,0.20602287579529813,0.07567274273957586,0.3363730088510204
may_jun,20240512,novdec_mean,0.22508551383897837,0.10678275115080771,0.34338827652714904
may_jun,20240513,novdec_mean,0.21505209456329694,0.10394628732434757,0.3261579018022463
may_jun,20240514,novdec_mean,0.2221410989775372,0.11358468425184295,0.3306975137032314
may_jun,20240515,novdec_mean,0.241706829776896,0.10868969624644982,0.3747239633073422
may_jun,20240516,novdec_mean,0.20816111040785526,0.1059990702511708,0.31032315056453974
may_jun,20240517,novdec_mean,0.19529596348730088,0.08906761858492876,0.30152430838967303
may_jun,20240518,novdec_mean,0.23677191722556876,0.10425567253439418,0.36928816191674335
may_jun,20240519,novdec_mean,0.22991772837460395,0.09630975316263132,0.3635257035865766
may_jun,20240520,novdec_mean,0.22517674704156304,0.09937836316815697,0.3509751309149691
may_jun,20240521,novdec_mean,0.23801965085978982,0.11595340260866127,0.3600858991109184
may_jun,20240522,novdec_mean,0.22757129422626837,0.12731580238412724,0.3278267860684095
may_jun,20240523,novdec_mean,0.20578893272893772,0.10891059480457256,0.3026672706533029
may_jun,20240524,novdec_mean,0.2220477133070069,0.1118929482035116,0.3322024784105022
may_jun,20240525,novdec_mean,0.21437885825515454,0.09456723289060905,0.33419048361970005
may_jun,20240526,novdec_mean,0.24928400054940542,0.12393808513079557,0.37462991596801526
may_jun,20240527,novdec_mean,0.22529618287902003,0.12224653309987303,0.328345832658167
may_jun,20240528,novdec_mean,0.20203796807270305,0.10370753563694529,0.3003684005084608
may_jun,20240530,novdec_mean,0.22257848597301433,0.12066070300517204,0.32449626894085665
may_jun,20240531,novdec_mean,0.23034883751902924,0.10962343943109062,0.3510742356069678
may_jun,20240601,novdec_mean,0.21520580037131443,0.09598091117362359,0.3344306895690053
may_jun,20240602,novdec_mean,0.23473743299353872,0.10843148654551332,0.3610433794415641
may_jun,20240603,novdec_mean,0.22925286969198921,0.13541085543724918,0.32309488394672925
may_jun,20240604,novdec_mean,0.2449069596429686,0.12857903020176428,0.3612348890841729
may_jun,20240605,novdec_mean,0.22789074193062722,0.10771379396801634,0.3480676898932381
may_jun,20240606,novdec_mean,0.22526254162232046,0.12753250923403261,0.3229925740106083
may_jun,20240607,novdec_mean,0.2176977367305578,0.09082193678195055,0.34457353667916507
may_jun,20240608,novdec_mean,0.21590556809483374,0.10489290650128395,0.3269182296883835
may_jun,20240609,novdec_mean,0.232217117747422,0.10904248627273806,0.355391749222106
may_jun,20240610,novdec_mean,0.2359306812915835,0.12733189376097287,0.34452946882219415
may_jun,20240611,novdec_mean,0.23709012268805982,0.13632351286121014,0.3378567325149095
may_jun,20240612,novdec_mean,0.2381989319282041,0.13371706550338897,0.34268079835301923
may_jun,20240613,novdec_mean,0.2244086290063295,0.11945993105757084,0.3293573269550881
may_jun,20240614,novdec_mean,0.23458326326798415,0.11728361333841403,0.35188291319755427
may_jun,20240615,novdec_mean,0.21560941530632072,0.10164216069192629,0.32957666992071516
may_jun,20240616,novdec_mean,0.22886663642211824,0.11348862124832473,0.3442446515959117
may_jun,20240617,novdec_mean,0.22743505399956912,0.1323530658347402,0.322517042164398
may_jun,20240618,novdec_mean,0.23252112571087508,0.12000905720071757,0.34503319422103257
may_jun,20240619,novdec_mean,0.22985493502708615,0.14035520674034938,0.31935466331382295
may_jun,20240620,novdec_mean,0.23494228013900234,0.12493357972715623,0.34495098055084844
may_jun,20240621,novdec_mean,0.2221081454436276,0.09682102594169258,0.34739526494556267
may_jun,20240622,novdec_mean,0.20843879610438945,0.08811741888619011,0.3287601733225888
may_jun,20240623,novdec_mean,0.24556965726862473,0.11369436411625031,0.3774449504209992
may_jun,20240624,novdec_mean,0.23176179852851816,0.11998285938616893,0.3435407376708674
may_jun,20240625,novdec_mean,0.2507487274891166,0.14394143159544912,0.357556023382784
may_jun,20240626,novdec_mean,0.26351922643751596,0.1335791942262273,0.39345925864880466
may_jun,20240627,novdec_mean,0.23764825655535868,0.1394545730881438,0.33584194002257356
may_jun,20240628,novdec_mean,0.23227156923862335,0.11466580805289786,0.3498773304243488
may_jun,20240629,novdec_mean,0.23203225883499212,0.10290817930740886,0.3611563383625754
may_jun,20240630,novdec_mean,0.24552637274213407,0.10345317759981447,0.38759956788445366
may_jun,20240501,anchor,0.22275441144891345,0.0932589152646856,0.3522499076331413
may_jun,20240502,anchor,0.22393644177050098,0.07292078651748983,0.3749520970235121
may_jun,20240503,anchor,0.24244344576737276,0.13270851589525412,0.3521783756394914
may_jun,20240504,anchor,0.22341234908347668,0.10565704160475252,0.3411676565622008
may_jun,20240505,anchor,0.22250440316256317,0.11534122730539996,0.3296675790197264
may_jun,20240506,anchor,0.23067466789175184,0.11712980635474007,0.3442195294287636
may_jun,20240507,anchor,0.22226923970050963,0.09884245400347336,0.3456960253975459
may_jun,20240508,anchor,0.19540114320127874,0.08321191055215942,0.30759037585039806
may_jun,20240509,anchor,0.2218989778528265,0.08960252008595852,0.35419543561969447
may_jun,20240510,anchor,0.2188153359090522,0.08492040315790889,0.3527102686601955
may_jun,20240511,anchor,0.1955757463201016,0.07030608937834593,0.3208454032618573
may_jun,20240512,anchor,0.18918514774499712,0.0872263969121813,0.2911438985778129
may_jun,20240513,anchor,0.20425887661578596,0.0868935850778162,0.3216241681537557
may_jun,20240514,anchor,0.20612117626473964,0.09434488094125905,0.31789747158822024
may_jun,20240515,anchor,0.2131883777672121,0.08663316015609027,0.339743595378334
may_jun,20240516,anchor,0.1945600962754016,0.08585420855103584,0.30326598399976734
may_jun,20240517,anchor,0.197804281186743,0.09221373116125027,0.30339483121223576
may_jun,20240518,anchor,0.22147373505582318,0.09087610160124585,0.35207136851040055
may_jun,20240519,anchor,0.1963958990836038,0.08552187288271025,0.30726992528449737
may_jun,20240520,anchor,0.20464949436590876,0.07883778675195698,0.33046120197986056
may_jun,20240521,anchor,0.20404989041318958,0.07702764441280867,0.3310721364135705
may_jun,20240522,anchor,0.20543739100337338,0.10358406459956454,0.3072907174071822
may_jun,20240523,anchor,0.1865970054075225,0.07571995118144614,0.29747405963359885
may_jun,20240524,anchor,0.1960895582552874,0.08449270006519408,0.30768641644538075
may_jun,20240525,anchor,0.19406945430102615,0.08159381436903988,0.3065450942330124
may_jun,20240526,anchor,0.21250895738798828,0.1083724776313605,0.31664543714461607
may_jun,20240527,anchor,0.2031819293511849,0.09694930268312572,0.30941455601924406
may_jun,20240528,anchor,0.18015987366458625,0.07442011014051239,0.2858996371886601
may_jun,20240530,anchor,0.21362526966478346,0.10385334150293676,0.3233971978266302
may_jun,20240531,anchor,0.2112647472567433,0.08222379352458616,0.34030570098890045
may_jun,20240601,anchor,0.19774448412919468,0.08880198327339954,0.3066869849849898
may_jun,20240602,anchor,0.19371649002101327,0.0930622810945477,0.2943706989474788
may_jun,20240603,anchor,0.22263700275291443,0.10283384070475537,0.3424401648010735
may_jun,20240604,anchor,0.21068126742937357,0.08383043885851875,0.3375320960002284
may_jun,20240605,anchor,0.21041395154862658,0.08209836959966912,0.33872953349758406
may_jun,20240606,anchor,0.2000435255335979,0.08056318875920446,0.3195238623079913
may_jun,20240607,anchor,0.21117207393544044,0.08014023848147254,0.3422039093894083
may_jun,20240608,anchor,0.2047375398665734,0.08839308449321866,0.32108199523992814
may_jun,20240609,anchor,0.19292623785998894,0.09568656105526703,0.29016591466471087
may_jun,20240610,anchor,0.22312848430347762,0.1008703180974755,0.34538665050947975
may_jun,20240611,anchor,0.2055942093367364,0.08834714403397956,0.3228412746394932
may_jun,20240612,anchor,0.21462748213028865,0.089301624486953,0.3399533397736243
may_jun,20240613,anchor,0.19250876128006583,0.08477267067535924,0.3002448518847724
may_jun,20240614,anchor,0.21778075232332988,0.09700412796696534,0.33855737667969443
may_jun,20240615,anchor,0.18659764842171286,0.0929939118267175,0.2802013850167082
may_jun,20240616,anchor,0.202759737005222,0.0977927024614086,0.30772677154903544
may_jun,20240617,anchor,0.20899623647901433,0.09720980831823647,0.32078266463979216
may_jun,20240618,anchor,0.20381585867184573,0.07728726246391539,0.3303444548797761
may_jun,20240619,anchor,0.2029036233157524,0.09687958512178425,0.30892766150972056
may_jun,20240620,anchor,0.2021632366999022,0.08227245213554109,0.3220540212642633
may_jun,20240621,anchor,0.2006817377449675,0.07844822342982036,0.3229152520601147
may_jun,20240622,anchor,0.18999383897515282,0.07750885460370217,0.3024788233466035
may_jun,20240623,anchor,0.19718234287970554,0.10121653067045429,0.2931481550889568
may_jun,20240624,anchor,0.20304803133499466,0.0858319723001242,0.32026409036986514
may_jun,20240625,anchor,0.19356666795965952,0.08280231796629704,0.304331017953022
may_jun,20240626,anchor,0.21604076770220576,0.08833804715801272,0.34374348824639883
may_jun,20240627,anchor,0.21097596093338442,0.10465408933731357,0.31729783252945526
may_jun,20240628,anchor,0.1979013871420981,0.08636358453419435,0.30943918975000184
may_jun,20240629,anchor,0.20579375957185847,0.08742787130421063,0.3241596478395063
may_jun,20240630,anchor,0.1985746812068561,0.08510611039141493,0.31204325202229727
may_jun,20240501,anchor_rts,0.21807197594653407,0.09348226869648023,0.3426616831965879
may_jun,20240502,anchor_rts,0.22233265202333424,0.07273172317243588,0.3719335808742326
may_jun,20240503,anchor_rts,0.23370956558151945,0.12975098540954208,0.3376681457534968
may_jun,20240504,anchor_rts,0.22209340296390132,0.10618448389193834,0.3380023220358643
may_jun,20240505,anchor_rts,0.21694164038686675,0.11316416631350472,0.32071911446022877
may_jun,20240506,anchor_rts,0.22826682472291215,0.11662131536512561,0.3399123340806987
may_jun,20240507,anchor_rts,0.2217771387681115,0.1033675031620166,0.3401867743742064
may_jun,20240508,anchor_rts,0.19793488900873846,0.08561499774677407,0.31025478027070286
may_jun,20240509,anchor_rts,0.22579974215143617,0.09195816918925596,0.35964131511361636
may_jun,20240510,anchor_rts,0.2178154589931314,0.08607114505999046,0.3495597729262723
may_jun,20240511,anchor_rts,0.1963913027167648,0.06910157816229819,0.32368102727123144
may_jun,20240512,anchor_rts,0.19027539528051146,0.08565477733031755,0.29489601323070536
may_jun,20240513,anchor_rts,0.20196024258831136,0.08671211998996194,0.3172083651866608
may_jun,20240514,anchor_rts,0.20588520926424142,0.09494481591364039,0.31682560261484244
may_jun,20240515,anchor_rts,0.211414035933076,0.08528291433489368,0.3375451575312583
may_jun,20240516,anchor_rts,0.19194136600771572,0.08516436737919816,0.2987183646362333
may_jun,20240517,anchor_rts,0.19399311255362317,0.08946157684761083,0.2985246482596355
may_jun,20240518,anchor_rts,0.21829669421221742,0.09025986304149622,0.3463335253829386
may_jun,20240519,anchor_rts,0.19375118330511187,0.08547914678923046,0.3020232198209933
may_jun,20240520,anchor_rts,0.20321151113661137,0.0774776820760591,0.32894534019716365
may_jun,20240521,anchor_rts,0.20236952061056365,0.07666180091770002,0.3280772403034273
may_jun,20240522,anchor_rts,0.2024474992445786,0.09941440042200941,0.30548059806714783
may_jun,20240523,anchor_rts,0.18734443792374805,0.07578829093180403,0.29890058491569205
may_jun,20240524,anchor_rts,0.19513934057139182,0.08578221856493408,0.30449646257784957
may_jun,20240525,anchor_rts,0.1953811129803181,0.08333131816822363,0.30743090779241256
may_jun,20240526,anchor_rts,0.2108307889920285,0.10828520647380592,0.3133763715102511
may_jun,20240527,anchor_rts,0.20131854560442738,0.0940339999352909,0.3086030912735639
may_jun,20240528,anchor_rts,0.17599254752813448,0.07458435651022939,0.2774007385460396
may_jun,20240530,anchor_rts,0.21088839001173643,0.10048262664555094,0.3212941533779219
may_jun,20240531,anchor_rts,0.20696071871751087,0.07926909688504927,0.3346523405499725
may_jun,20240601,anchor_rts,0.19834283600672656,0.08877213514125502,0.3079135368721981
may_jun,20240602,anchor_rts,0.1926916548544545,0.09040932865064337,0.2949739810582656
may_jun,20240603,anchor_rts,0.21933663075177734,0.09811708263873009,0.3405561788648246
may_jun,20240604,anchor_rts,0.20909269026340854,0.08406728724828463,0.3341180932785325
may_jun,20240605,anchor_rts,0.2055473477015018,0.07985527360651995,0.33123942179648364
may_jun,20240606,anchor_rts,0.19646282661466138,0.07706871658530147,0.3158569366440213
may_jun,20240607,anchor_rts,0.20540824347803247,0.07806400449535773,0.3327524824607072
may_jun,20240608,anchor_rts,0.20286976340467877,0.09258832669445566,0.3131512001149019
may_jun,20240609,anchor_rts,0.19335947765853145,0.09432091401829737,0.29239804129876557
may_jun,20240610,anchor_rts,0.21884785975895643,0.09410187760373855,0.3435938419141743
may_jun,20240611,anchor_rts,0.1995479910463678,0.08459048122861774,0.3145055008641179
may_jun,20240612,anchor_rts,0.20757377490918197,0.0834574016692912,0.3316901481490727
may_jun,20240613,anchor_rts,0.19209539451538432,0.08386959071001572,0.30032119832075294
may_jun,20240614,anchor_rts,0.21193118073832945,0.09056467373241653,0.3332976877442424
may_jun,20240615,anchor_rts,0.1863280572005259,0.09562581401752036,0.27703030038353144
may_jun,20240616,anchor_rts,0.20234288975028436,0.09661536157486131,0.30807041792570744
may_jun,20240617,anchor_rts,0.2012818138445303,0.0880242433238446,0.314539384365216
may_jun,20240618,anchor_rts,0.2004409383013739,0.07487765238647313,0.3260042242162747
may_jun,20240619,anchor_rts,0.19796232356537335,0.09135350695622377,0.3045711401745229
may_jun,20240620,anchor_rts,0.19824519783025582,0.07727120828761634,0.3192191873728953
may_jun,20240621,anchor_rts,0.19750560944664475,0.0774457593378536,0.3175654595554359
may_jun,20240622,anchor_rts,0.18907444846053753,0.07976364160874476,0.2983852553123303
may_jun,20240623,anchor_rts,0.19200841459781942,0.09532003664062941,0.2886967925550094
may_jun,20240624,anchor_rts,0.1961377530819614,0.08070191925969832,0.3115735869042245
may_jun,20240625,anchor_rts,0.18777817211495443,0.07303512889750952,0.30252121533239934
may_jun,20240626,anchor_rts,0.2122220991050332,0.08410017374330891,0.3403440244667575
may_jun,20240627,anchor_rts,0.2065470373113281,0.09947663803773606,0.31361743658492014
may_jun,20240628,anchor_rts,0.19192068135892212,0.07977588872359563,0.3040654739942486
may_jun,20240629,anchor_rts,0.20606136406567382,0.09033405383980396,0.3217886742915437
may_jun,20240630,anchor_rts,0.20222499969827396,0.08862065370162997,0.31582934569491794
may_jun,20240501,anchor_rts_fullgrid,0.22782565447318878,0.10594318115733033,0.34970812778904725
may_jun,20240502,anchor_rts_fullgrid,0.22971953702432618,0.07626807287761815,0.3831710011710342
may_jun,20240503,anchor_rts_fullgrid,0.22478970353764377,0.1207504705608271,0.32882893651446043
may_jun,20240504,anchor_rts_fullgrid,0.22075629408975941,0.1057520795968694,0.33576050858264944
may_jun,20240505,anchor_rts_fullgrid,0.21511207547330724,0.1091767900028128,0.3210473609438017
may_jun,20240506,anchor_rts_fullgrid,0.21877138341651473,0.10698286958263119,0.33055989725039825
may_jun,20240507,anchor_rts_fullgrid,0.23359342508543215,0.11589374687478536,0.35129310329607893
may_jun,20240508,anchor_rts_fullgrid,0.20966956976058182,0.09898063304954785,0.3203585064716158
may_jun,20240509,anchor_rts_fullgrid,0.2367189305180903,0.10279189310134516,0.3706459679348354
may_jun,20240510,anchor_rts_fullgrid,0.22681203117075222,0.09461635097584109,0.35900771136566334
may_jun,20240511,anchor_rts_fullgrid,0.19870832786456968,0.07216106267493994,0.32525559305419943
may_jun,20240512,anchor_rts_fullgrid,0.188925005660657,0.08507987147536072,0.2927701398459533
may_jun,20240513,anchor_rts_fullgrid,0.20975376031943446,0.09465339657276652,0.3248541240661024
may_jun,20240514,anchor_rts_fullgrid,0.20800766717348634,0.09593460830759162,0.3200807260393811
may_jun,20240515,anchor_rts_fullgrid,0.21666703562987524,0.08884549900619741,0.34448857225355306
may_jun,20240516,anchor_rts_fullgrid,0.19494959431745093,0.09164485041105554,0.29825433822384634
may_jun,20240517,anchor_rts_fullgrid,0.19252097895047166,0.08776921281149311,0.29727274508945023
may_jun,20240518,anchor_rts_fullgrid,0.21774517292053144,0.08819258940090206,0.3472977564401608
may_jun,20240519,anchor_rts_fullgrid,0.19313550705165905,0.08467119334361019,0.3015998207597079
may_jun,20240520,anchor_rts_fullgrid,0.21045414696294398,0.08398266093139288,0.3369256329944951
may_jun,20240521,anchor_rts_fullgrid,0.21067711561896008,0.08672140045032709,0.33463283078759304
may_jun,20240522,anchor_rts_fullgrid,0.20448835114224193,0.10182061105393338,0.3071560912305505
may_jun,20240523,anchor_rts_fullgrid,0.192626418914731,0.08353493354095909,0.3017179042885029
may_jun,20240524,anchor_rts_fullgrid,0.20091954054097005,0.09405707191386375,0.30778200916807635
may_jun,20240525,anchor_rts_fullgrid,0.19535309540146706,0.0848325119100591,0.30587367889287503
may_jun,20240526,anchor_rts_fullgrid,0.20862192831411008,0.10449763230585622,0.31274622432236393
may_jun,20240527,anchor_rts_fullgrid,0.20873610188232505,0.105124711173203,0.3123474925914471
may_jun,20240528,anchor_rts_fullgrid,0.17550378384825993,0.07541306349867997,0.2755945041978399
may_jun,20240530,anchor_rts_fullgrid,0.2119250617036818,0.10303929895966091,0.3208108244477027
may_jun,20240531,anchor_rts_fullgrid,0.21000776507904603,0.08676767214046775,0.3332478580176243
may_jun,20240601,anchor_rts_fullgrid,0.19774685026559582,0.08621027522180287,0.3092834253093888
may_jun,20240602,anchor_rts_fullgrid,0.1928878421366677,0.09112053283719326,0.2946551514361421
may_jun,20240603,anchor_rts_fullgrid,0.22491166187308714,0.10890994721398692,0.3409133765321874
may_jun,20240604,anchor_rts_fullgrid,0.2129521399301288,0.0911354826613338,0.3347687971989238
may_jun,20240605,anchor_rts_fullgrid,0.20448575880845898,0.07986276250106324,0.32910875511585475
may_jun,20240606,anchor_rts_fullgrid,0.20019076143500192,0.08631128806369961,0.31407023480630425
may_jun,20240607,anchor_rts_fullgrid,0.2032074579881787,0.07588347904689592,0.3305314369294615
may_jun,20240608,anchor_rts_fullgrid,0.20025943070056518,0.08944411126734204,0.3110747501337883
may_jun,20240609,anchor_rts_fullgrid,0.1929140287653573,0.09479236580797407,0.2910356917227405
may_jun,20240610,anchor_rts_fullgrid,0.22222107326802382,0.10391813123857323,0.3405240152974744
may_jun,20240611,anchor_rts_fullgrid,0.20439649997137968,0.09217305668145226,0.3166199432613071
may_jun,20240612,anchor_rts_fullgrid,0.2118394062088304,0.09345651245848684,0.33022229995917396
may_jun,20240613,anchor_rts_fullgrid,0.19174593488198433,0.08654326964296888,0.2969486001209998
may_jun,20240614,anchor_rts_fullgrid,0.2129969807247009,0.09547586141032643,0.3305181000390754
may_jun,20240615,anchor_rts_fullgrid,0.18488823314820252,0.09116471413424343,0.2786117521621616
may_jun,20240616,anchor_rts_fullgrid,0.2026683323523478,0.09693682784733937,0.3083998368573562
may_jun,20240617,anchor_rts_fullgrid,0.20632739376198916,0.09924523242111438,0.31340955510286395
may_jun,20240618,anchor_rts_fullgrid,0.20034175867416815,0.07695522414656464,0.32372829320177166
may_jun,20240619,anchor_rts_fullgrid,0.1991694504610993,0.09837316465644151,0.29996573626575707
may_jun,20240620,anchor_rts_fullgrid,0.2006161568546036,0.08305278662355439,0.31817952708565284
may_jun,20240621,anchor_rts_fullgrid,0.19712850196286935,0.07635274916932924,0.3179042547564095
may_jun,20240622,anchor_rts_fullgrid,0.1881871615534039,0.07825600340734924,0.29811831969945857
may_jun,20240623,anchor_rts_fullgrid,0.19461260140902817,0.09781860145032416,0.29140660136773217
may_jun,20240624,anchor_rts_fullgrid,0.19850605526749576,0.08502488104128302,0.3119872294937085
may_jun,20240625,anchor_rts_fullgrid,0.19572015699204498,0.08485397519253715,0.3065863387915528
may_jun,20240626,anchor_rts_fullgrid,0.21325453781483633,0.08590530286021446,0.3406037727694582
may_jun,20240627,anchor_rts_fullgrid,0.20530230186394868,0.10044161115965261,0.31016299256824476
may_jun,20240628,anchor_rts_fullgrid,0.19469460510368192,0.08188587281452679,0.30750333739283703
may_jun,20240629,anchor_rts_fullgrid,0.20409781537037716,0.0858385964699346,0.32235703427081974
may_jun,20240630,anchor_rts_fullgrid,0.20232632997950808,0.08576477230921159,0.3188878876498046
may_jun,20240501,anchor_rts_fm,0.21618844085907019,0.08971519852155248,0.3426616831965879
may_jun,20240502,anchor_rts_fm,0.22175734095147773,0.07158110102872282,0.3719335808742326
may_jun,20240503,anchor_rts_fm,0.23409823212505337,0.13052831849660995,0.3376681457534968
may_jun,20240504,anchor_rts_fm,0.22192642591004097,0.10585052978421763,0.3380023220358643
may_jun,20240505,anchor_rts_fm,0.21380467398360464,0.10689023350698049,0.32071911446022877
may_jun,20240506,anchor_rts_fm,0.22727830500295157,0.11464427592520442,0.3399123340806987
may_jun,20240507,anchor_rts_fm,0.221975233181562,0.10376369198891762,0.3401867743742064
may_jun,20240508,anchor_rts_fm,0.1976693340647696,0.08508388785883633,0.31025478027070286
may_jun,20240509,anchor_rts_fm,0.2246468741789385,0.08965243324426066,0.35964131511361636
may_jun,20240510,anchor_rts_fm,0.2166791826560167,0.0837985923857611,0.3495597729262723
may_jun,20240511,anchor_rts_fm,0.1973230666381508,0.07096510600507015,0.32368102727123144
may_jun,20240512,anchor_rts_fm,0.1900111784610869,0.08512634369146845,0.29489601323070536
may_jun,20240513,anchor_rts_fm,0.20367261776030082,0.09013687033394083,0.3172083651866608
may_jun,20240514,anchor_rts_fm,0.20549817405158455,0.09417074548832667,0.31682560261484244
may_jun,20240515,anchor_rts_fm,0.2108406490442902,0.08413614055732209,0.3375451575312583
may_jun,20240516,anchor_rts_fm,0.19108886052797924,0.08345935641972517,0.2987183646362333
may_jun,20240517,anchor_rts_fm,0.19361172278887298,0.08869879731811049,0.2985246482596355
may_jun,20240518,anchor_rts_fm,0.21644057256542987,0.08654761974792113,0.3463335253829386
may_jun,20240519,anchor_rts_fm,0.1927139847171757,0.08340474961335814,0.3020232198209933
may_jun,20240520,anchor_rts_fm,0.20404228153999637,0.0791392228828291,0.32894534019716365
may_jun,20240521,anchor_rts_fm,0.20261771027465314,0.07715818024587898,0.3280772403034273
may_jun,20240522,anchor_rts_fm,0.20180406730561123,0.09812753654407465,0.30548059806714783
may_jun,20240523,anchor_rts_fm,0.18694825869254522,0.07499593246939837,0.29890058491569205
may_jun,20240524,anchor_rts_fm,0.19568499714762116,0.08687353171739275,0.30449646257784957
may_jun,20240525,anchor_rts_fm,0.19470571743683146,0.08198052708125038,0.30743090779241256
may_jun,20240526,anchor_rts_fm,0.20682796683037286,0.10027956215049459,0.3133763715102511
may_jun,20240527,anchor_rts_fm,0.20264435831125574,0.09668562534894758,0.3086030912735639
may_jun,20240528,anchor_rts_fm,0.17545350822651512,0.07350627790699069,0.2774007385460396
may_jun,20240530,anchor_rts_fm,0.20897807335811214,0.09666199333830242,0.3212941533779219
may_jun,20240531,anchor_rts_fm,0.2078983644323878,0.08114438831480308,0.3346523405499725
may_jun,20240601,anchor_rts_fm,0.19617649300684709,0.08443944914149612,0.3079135368721981
may_jun,20240602,anchor_rts_fm,0.1928178024281971,0.09066162379812859,0.2949739810582656
may_jun,20240603,anchor_rts_fm,0.22132411968579316,0.10209206050676173,0.3405561788648246
may_jun,20240604,anchor_rts_fm,0.20932118621373413,0.08452427914893576,0.3341180932785325
may_jun,20240605,anchor_rts_fm,0.20410194684229477,0.07696447188810593,0.33123942179648364
may_jun,20240606,anchor_rts_fm,0.1982724465659942,0.08068795648796703,0.3158569366440213
may_jun,20240607,anchor_rts_fm,0.2047864135111046,0.07682034456150197,0.3327524824607072
may_jun,20240608,anchor_rts_fm,0.1998726720928502,0.08659414407079853,0.3131512001149019
may_jun,20240609,anchor_rts_fm,0.1931563574353398,0.09391467357191403,0.29239804129876557
may_jun,20240610,anchor_rts_fm,0.2200131737639654,0.09643250561375649,0.3435938419141743
may_jun,20240611,anchor_rts_fm,0.19925349788903396,0.08400149491395004,0.3145055008641179
may_jun,20240612,anchor_rts_fm,0.20653106656546183,0.08137198498185097,0.3316901481490727
may_jun,20240613,anchor_rts_fm,0.19131187216226234,0.08230254600377175,0.30032119832075294
may_jun,20240614,anchor_rts_fm,0.21182207485307802,0.09034646196191365,0.3332976877442424
may_jun,20240615,anchor_rts_fm,0.1844301594720966,0.09183001856066175,0.27703030038353144
may_jun,20240616,anchor_rts_fm,0.20125452387749893,0.0944386298292904,0.30807041792570744
may_jun,20240617,anchor_rts_fm,0.20187198276655385,0.08920458116789172,0.314539384365216
may_jun,20240618,anchor_rts_fm,0.20023631534874645,0.07446840648121822,0.3260042242162747
may_jun,20240619,anchor_rts_fm,0.19591192278810454,0.08725270540168618,0.3045711401745229
may_jun,20240620,anchor_rts_fm,0.19669786494636526,0.07417654251983526,0.3192191873728953
may_jun,20240621,anchor_rts_fm,0.19495343344334715,0.0723414073312584,0.3175654595554359
may_jun,20240622,anchor_rts_fm,0.18602446892374513,0.07366368253515997,0.2983852553123303
may_jun,20240623,anchor_rts_fm,0.19235160058608858,0.09600640861716775,0.2886967925550094
may_jun,20240624,anchor_rts_fm,0.19638825801928966,0.08120292913435483,0.3115735869042245
may_jun,20240625,anchor_rts_fm,0.18768676782970817,0.072852320327017,0.30252121533239934
may_jun,20240626,anchor_rts_fm,0.21118026345571325,0.08201650244466901,0.3403440244667575
may_jun,20240627,anchor_rts_fm,0.20291112038687933,0.09220480418883853,0.31361743658492014
may_jun,20240628,anchor_rts_fm,0.19012469991879327,0.07618392584333797,0.3040654739942486
may_jun,20240629,anchor_rts_fm,0.20497909081833537,0.08816950734512707,0.3217886742915437
may_jun,20240630,anchor_rts_fm,0.20130489709507643,0.0867804484952349,0.31582934569491794
may_jun,20240501,final,0.2159737546262389,0.08928582605588994,0.3426616831965879
may_jun,20240502,final,0.22167619080574033,0.07141880073724804,0.3719335808742326
may_jun,20240503,final,0.2332582320305987,0.12884831830770063,0.3376681457534968
may_jun,20240504,final,0.22208853093052996,0.10617473982519564,0.3380023220358643
may_jun,20240505,final,0.2133122405189684,0.10590536657770803,0.32071911446022877
may_jun,20240506,final,0.22731201180596056,0.11471168953122243,0.3399123340806987
may_jun,20240507,final,0.22135580853442352,0.10252484269464063,0.3401867743742064
may_jun,20240508,final,0.19732161379686394,0.08438844732302504,0.31025478027070286
may_jun,20240509,final,0.22440334855052302,0.08916538198742976,0.3596413151136163
may_jun,20240510,final,0.21684840369119807,0.08413703445612383,0.3495597729262723
may_jun,20240511,final,0.19770314871233197,0.07172527015343251,0.32368102727123144
may_jun,20240512,final,0.1899098055140926,0.08492359779747984,0.29489601323070536
may_jun,20240513,final,0.20357939338341702,0.08995042158017327,0.3172083651866608
may_jun,20240514,final,0.20536318569721593,0.0939007687795894,0.31682560261484244
may_jun,20240515,final,0.21058678066704192,0.08362840380282555,0.3375451575312583
may_jun,20240516,final,0.19078396286949376,0.08284956110275422,0.2987183646362333
may_jun,20240517,final,0.1931571609078351,0.08778967355603472,0.2985246482596355
may_jun,20240518,final,0.21618433463818987,0.08603514389344112,0.3463335253829386
may_jun,20240519,final,0.1929195669055902,0.08381591399018715,0.3020232198209933
may_jun,20240520,final,0.2039303989589217,0.07891545772067975,0.32894534019716365
may_jun,20240521,final,0.20225395259855067,0.07643066489367403,0.3280772403034273
may_jun,20240522,final,0.201360147910257,0.09723969775336617,0.30548059806714783
may_jun,20240523,final,0.1865457999215208,0.07419101492734952,0.29890058491569205
may_jun,20240524,final,0.19631855598971815,0.0881406494015867,0.30449646257784957
may_jun,20240525,final,0.1950478977695611,0.08266488774670969,0.30743090779241256
may_jun,20240526,final,0.20621548953124733,0.09905460755224356,0.3133763715102511
may_jun,20240527,final,0.20237752291917127,0.09615195456477862,0.3086030912735639
may_jun,20240528,final,0.17548500325898708,0.07356926797193461,0.2774007385460396
may_jun,20240530,final,0.20864225089311622,0.09599034840831054,0.3212941533779219
may_jun,20240531,final,0.208236355614838,0.08182037067970352,0.3346523405499725
may_jun,20240601,final,0.1965193118520206,0.08512508683184314,0.3079135368721981
may_jun,20240602,final,0.19247598224495815,0.08997798343165073,0.2949739810582656
may_jun,20240603,final,0.22117631659848264,0.10179645433214067,0.3405561788648246
may_jun,20240604,final,0.20916718883238536,0.08421628438623825,0.3341180932785325
may_jun,20240605,final,0.20394708435284858,0.07665474690921355,0.33123942179648364
may_jun,20240606,final,0.19806437403754382,0.0802718114310663,0.3158569366440213
may_jun,20240607,final,0.2043478651511808,0.07594324784165443,0.3327524824607072
may_jun,20240608,final,0.1994843599176657,0.08581751972042949,0.3131512001149019
may_jun,20240609,final,0.19297683879497077,0.09355563629117598,0.29239804129876557
may_jun,20240610,final,0.21953283086275185,0.0954718198113294,0.3435938419141743
may_jun,20240611,final,0.1990366990903087,0.08356789731649948,0.3145055008641179
may_jun,20240612,final,0.20631873000252704,0.08094731185598134,0.3316901481490727
may_jun,20240613,final,0.19140585473964952,0.08249051115854611,0.30032119832075294
may_jun,20240614,final,0.21213118646488666,0.09096468518553089,0.3332976877442424
may_jun,20240615,final,0.18461640798721413,0.09220251559089682,0.27703030038353144
may_jun,20240616,final,0.2012399820992924,0.09440954627287734,0.30807041792570744
may_jun,20240617,final,0.2018021684955132,0.0890649526258104,0.314539384365216
may_jun,20240618,final,0.20038646133854263,0.07476869846081058,0.3260042242162747
may_jun,20240619,final,0.19585765713520806,0.0871441740958932,0.3045711401745229
may_jun,20240620,final,0.19657726721760632,0.07393534706231737,0.3192191873728953
may_jun,20240621,final,0.19473574043127334,0.07190602130711074,0.3175654595554359
may_jun,20240622,final,0.18639356113613714,0.07440186695994397,0.2983852553123303
may_jun,20240623,final,0.1925791402683581,0.09646148798170677,0.2886967925550094
may_jun,20240624,final,0.1967443395509461,0.08191509219766772,0.3115735869042245
may_jun,20240625,final,0.18741725911682372,0.07231330290124813,0.30252121533239934
may_jun,20240626,final,0.21108102970567416,0.0818180349445908,0.3403440244667575
may_jun,20240627,final,0.20274855864679886,0.09187968070867758,0.31361743658492014
may_jun,20240628,final,0.19001771273646278,0.07596995147867694,0.3040654739942486
may_jun,20240629,final,0.204940810649872,0.08809294700820032,0.3217886742915437
may_jun,20240630,final,0.200747692337593,0.08566603898026806,0.31582934569491794
late_jan,20240125,april_mean,0.23975590110091277,0.16301504924529323,0.3164967529565323
late_jan,20240126,april_mean,0.2372554376382217,0.13666141668846934,0.33784945858797405
late_jan,20240127,april_mean,0.2948041888205849,0.19414577227637533,0.39546260536479444
late_jan,20240128,april_mean,0.29166681469771993,0.1705269795587978,0.412806649836642
late_jan,20240129,april_mean,0.21922533630341823,0.1107411079705881,0.32770956463624834
late_jan,20240130,april_mean,0.22868693446645216,0.12828892897391767,0.3290849399589867
late_jan,20240131,april_mean,0.21449454278163282,0.1184774869953373,0.3105115985679283
late_jan,20240125,novdec_mean,0.2102369394425149,0.08897725854063658,0.3314966203443932
late_jan,20240126,novdec_mean,0.2247348159661401,0.09759507007197457,0.3518745618603056
late_jan,20240127,novdec_mean,0.25854741251620506,0.12781101901989586,0.3892838060125142
late_jan,20240128,novdec_mean,0.2374360785910574,0.10591704213313002,0.36895511504898476
late_jan,20240129,novdec_mean,0.21446434095424605,0.11135614361964467,0.3175725382888474
late_jan,20240130,novdec_mean,0.20702554569324905,0.08609934296610784,0.32795174842039027
late_jan,20240131,novdec_mean,0.211554437104473,0.09774151643692595,0.32536735777202
late_jan,20240125,anchor,0.2187711957411454,0.09595718294368037,0.3415852085386104
late_jan,20240126,anchor,0.21784210201170617,0.09816308483566341,0.3375211191877489
late_jan,20240127,anchor,0.23813429924492407,0.12906135541584607,0.3472072430740021
late_jan,20240128,anchor,0.21854121954774894,0.12034460147486363,0.31673783762063423
late_jan,20240129,anchor,0.2117760969487073,0.10738595799782652,0.3161662358995881
late_jan,20240130,anchor,0.23355533506816417,0.14458337226341822,0.3225272978729101
late_jan,20240131,anchor,0.22197502291324334,0.13725310032525243,0.3066969455012343
late_jan,20240125,anchor_rts,0.20826991297599504,0.09689522713705166,0.3196445988149384
late_jan,20240126,anchor_rts,0.21293834145592788,0.0910646495619105,0.33481203334994525
late_jan,20240127,anchor_rts,0.2294059551773432,0.11315868391159455,0.3456532264430918
late_jan,20240128,anchor_rts,0.201769318568582,0.10233917599312924,0.30119946114403473
late_jan,20240129,anchor_rts,0.20075769478998715,0.08980032143534417,0.3117150681446301
late_jan,20240130,anchor_rts,0.21154827997763614,0.1079962381967193,0.31510032175855296
late_jan,20240131,anchor_rts,0.20158047207258892,0.10351820817846145,0.29964273596671637
late_jan,20240125,anchor_rts_fullgrid,0.21388877675832013,0.10638774707436036,0.32138980644227993
late_jan,20240126,anchor_rts_fullgrid,0.22078385455224253,0.10331750584842209,0.338250203256063
late_jan,20240127,anchor_rts_fullgrid,0.24013478041612185,0.12512272859766158,0.35514683223458215
late_jan,20240128,anchor_rts_fullgrid,0.21177440300946315,0.11164074411225525,0.31190806190667103
late_jan,20240129,anchor_rts_fullgrid,0.2048260816107048,0.09804716642397776,0.31160499679743187
late_jan,20240130,anchor_rts_fullgrid,0.21411690542451803,0.11458956983201428,0.31364424101702176
late_jan,20240131,anchor_rts_fullgrid,0.20510048568726424,0.11093828719848473,0.2992626841760438
late_jan,20240125,anchor_rts_fm,0.20618732276869198,0.09273004672244557,0.3196445988149384
late_jan,20240126,anchor_rts_fm,0.2114036026154114,0.0879951718808776,0.33481203334994525
late_jan,20240127,anchor_rts_fm,0.2265389234359418,0.10742462042879179,0.3456532264430918
late_jan,20240128,anchor_rts_fm,0.19861331435833976,0.0960271675726448,0.30119946114403473
late_jan,20240129,anchor_rts_fm,0.1990463864602075,0.0863777047757849,0.3117150681446301
late_jan,20240130,anchor_rts_fm,0.20194657260012827,0.08879282344170361,0.31510032175855296
late_jan,20240131,anchor_rts_fm,0.1942645146403154,0.08888629331391446,0.29964273596671637
late_jan,20240125,final,0.20655823462815776,0.09347187044137713,0.3196445988149384
late_jan,20240126,final,0.21160184533615695,0.08839165732236863,0.33481203334994525
late_jan,20240127,final,0.22576580039469601,0.10587837434630028,0.34565322644309177
late_jan,20240128,final,0.19843132884529308,0.09566319654655145,0.30119946114403473
late_jan,20240129,final,0.19879675770486807,0.085878447265106,0.3117150681446301
late_jan,20240130,final,0.20241484823575936,0.08972937471296577,0.31510032175855296
late_jan,20240131,final,0.19481483165274213,0.08998692733876791,0.29964273596671637
april,20240401,april_mean,0.1982998130611732,0.08879044226233053,0.3078091838600159
april,20240402,april_mean,0.20993002929164148,0.0929762906880577,0.3268837678952253
april,20240403,april_mean,0.19485264490215448,0.09391180038914916,0.2957934894151598
april,20240404,april_mean,0.1857134942180873,0.07911612464657594,0.29231086378959864
april,20240405,april_mean,0.21136633349703832,0.07645175925604006,0.3462809077380366
april,20240406,april_mean,0.2473254503248959,0.13540736102711623,0.3592435396226756
april,20240407,april_mean,0.23579420862469117,0.12325081244270757,0.34833760480667475
april,20240409,april_mean,0.2025060032534945,0.09274141148933535,0.31227059501765364
april,20240410,april_mean,0.21072142790703124,0.1107791295006125,0.31066372631344996
april,20240411,april_mean,0.2169301732959327,0.0865955206749326,0.3472648259169328
april,20240412,april_mean,0.22091740397224346,0.09662520493896432,0.3452096030055226
april,20240413,april_mean,0.217966069338279,0.11980239191708408,0.3161297467594739
april,20240414,april_mean,0.2537209574171822,0.15801726815185485,0.34942464668250955
april,20240415,april_mean,0.19560181358457718,0.08000887322704374,0.3111947539421106
april,20240416,april_mean,0.21249826293861385,0.09565484069361155,0.3293416851836162
april,20240417,april_mean,0.19717160412832313,0.08202623131908286,0.3123169769375634
april,20240418,april_mean,0.20131380996922427,0.09333016101300087,0.3092974589254477
april,20240419,april_mean,0.21355617867566562,0.09609673399062264,0.3310156233607086
april,20240420,april_mean,0.23884496536885685,0.14661654974379656,0.33107338099391714
april,20240421,april_mean,0.2578918444094004,0.16207782115969815,0.3537058676591026
april,20240422,april_mean,0.191008029116497,0.08174320759767281,0.3002728506353212
april,20240423,april_mean,0.20478407868811102,0.08996261985186453,0.3196055375243575
april,20240424,april_mean,0.1827176748067434,0.07940181667335496,0.28603353294013184
april,20240425,april_mean,0.2016933695100034,0.09157705867314196,0.31180968034686485
april,20240427,april_mean,0.2333886896036481,0.1324022832663529,0.3343750959409433
april,20240428,april_mean,0.27048235804066567,0.17626884131593848,0.36469587476539284
april,20240429,april_mean,0.24293536951687128,0.1067547778516937,0.3791159611820489
april,20240430,april_mean,0.2002954293109126,0.0800460893658356,0.32054476925598957
april,20240401,novdec_mean,0.25681982723887303,0.16966032508092005,0.343979329396826
april,20240402,novdec_mean,0.2644443611404343,0.1558606541187213,0.3730280681621473
april,20240403,novdec_mean,0.2456757553862752,0.1653564702475352,0.3259950405250152
april,20240404,novdec_mean,0.25724229201736126,0.1769449356441558,0.33753964839056677
april,20240405,novdec_mean,0.27345317416087234,0.1586554413986235,0.38825090692312114
april,20240406,novdec_mean,0.23384378214680746,0.11835345473904632,0.3493341095545686
april,20240407,novdec_mean,0.24545308225734036,0.12234225794786649,0.3685639065668142
april,20240409,novdec_mean,0.2522517759409962,0.16555558500079567,0.33894796688119666
april,20240410,novdec_mean,0.25445112410210446,0.16947262855693718,0.33942961964727175
april,20240411,novdec_mean,0.2742330819471272,0.16672736327770896,0.3817388006165454
april,20240412,novdec_mean,0.26694906618938,0.15681938200139586,0.3770787503773642
april,20240413,novdec_mean,0.2473628086558991,0.14232436303752066,0.35240125427427754
april,20240414,novdec_mean,0.23019331172354154,0.11985747461427027,0.3405291488328128
april,20240415,novdec_mean,0.2447051195164674,0.15987290946650914,0.3295373295664257
april,20240416,novdec_mean,0.2902551711876601,0.1999365083818631,0.3805738339934571
april,20240417,novdec_mean,0.26948634035894503,0.18173727587233485,0.35723540484555527
april,20240418,novdec_mean,0.2584601269647502,0.16045873894067442,0.3564615149888259
april,20240419,novdec_mean,0.2830580811176222,0.1685518032912633,0.39756435894398107
april,20240420,novdec_mean,0.23427487654274542,0.12045099532720764,0.3480987577582832
april,20240421,novdec_mean,0.2389903129055691,0.1190753732027529,0.3589052526083853
april,20240422,novdec_mean,0.25293624552880517,0.1647971500673643,0.34107534099024606
april,20240423,novdec_mean,0.2620360318555599,0.15386504248331137,0.3702070212278084
april,20240424,novdec_mean,0.26244135582432754,0.18774744646814517,0.3371352651805099
april,20240425,novdec_mean,0.2805646406408875,0.19150201143000178,0.3696272698517732
april,20240427,novdec_mean,0.24285479719554176,0.1325505504449502,0.3531590439461333
april,20240428,novdec_mean,0.24227008746116713,0.12355867249848465,0.3609815024238496
april,20240429,novdec_mean,0.26555679682812305,0.13390411954666098,0.39720947410958507
april,20240430,novdec_mean,0.25582056567697525,0.16323207117401278,0.3484090601799377
april,20240401,anchor,0.25793197612035057,0.16612395158463433,0.34974000065606686
april,20240402,anchor,0.23348760120877698,0.12136723181289452,0.3456079706046595
april,20240403,anchor,0.21364030882872806,0.11665885076200327,0.31062176689545284
april,20240404,anchor,0.2127837970481186,0.11587211766816095,0.3096954764280762
april,20240405,anchor,0.23140368773527986,0.1045342641654668,0.35827311130509293
april,20240406,anchor,0.210562959103389,0.08778747233334452,0.33333844587343353
april,20240407,anchor,0.20192363004284078,0.08312957106773218,0.3207176890179494
april,20240409,anchor,0.20171757829618459,0.08396984996924459,0.31946530662312456
april,20240410,anchor,0.21550289303625225,0.10123957924303928,0.3297662068294652
april,20240411,anchor,0.21432811095522894,0.07781666776674111,0.35083955414371676
april,20240412,anchor,0.2184897818913802,0.08992117493301471,0.3470583888497457
april,20240413,anchor,0.19352714621078426,0.0894496047778717,0.29760468764369685
april,20240414,anchor,0.19563514300266244,0.10138456641765278,0.28988571958767206
april,20240415,anchor,0.19359793051488827,0.07823304047940434,0.3089628205503722
april,20240416,anchor,0.20660431637136598,0.0847514736747096,0.32845715906802236
april,20240417,anchor,0.18665561281126888,0.0750913342325326,0.29821989139000515
april,20240418,anchor,0.19929665725884255,0.09170954730831596,0.3068837672093691
april,20240419,anchor,0.21410512553635896,0.09382679803362484,0.33438345303909306
april,20240420,anchor,0.21140777769030397,0.10265724300153223,0.3201583123790757
april,20240421,anchor,0.19961895278221525,0.11549379257953356,0.28374411298489693
april,20240422,anchor,0.18809388989498319,0.08094027054116965,0.2952475092487967
april,20240423,anchor,0.20502011709373424,0.09253408682021672,0.31750614736725175
april,20240424,anchor,0.1760733243928654,0.07435377044448664,0.27779287834124416
april,20240425,anchor,0.19102208999192216,0.08789881659182007,0.29414536339202424
april,20240427,anchor,0.21127221057193063,0.09861021295730193,0.3239342081865593
april,20240428,anchor,0.2233926391771279,0.12973221886600222,0.3170530594882536
april,20240429,anchor,0.2438881266952419,0.11228569252187023,0.37549056086861354
april,20240430,anchor,0.20192893368954623,0.08772774235575428,0.31613012502333815
april,20240401,anchor_rts,0.22380419312914965,0.12665919244046386,0.32094919381783543
april,20240402,anchor_rts,0.21310464563272602,0.09592284935227491,0.33028644191317713
april,20240403,anchor_rts,0.1972572134909736,0.10077676358030487,0.29373766340164237
april,20240404,anchor_rts,0.19791350188040216,0.09825943269054375,0.29756757107026055
april,20240405,anchor_rts,0.2221483257342403,0.0927062584967035,0.3515903929717771
april,20240406,anchor_rts,0.20805559807062915,0.08619113338489603,0.32992006275636226
april,20240407,anchor_rts,0.19380876400761152,0.07910401418314851,0.30851351383207454
april,20240409,anchor_rts,0.20036876566327583,0.08345931077582691,0.31727822055072474
april,20240410,anchor_rts,0.21258363062148028,0.10210247341631389,0.32306478782664666
april,20240411,anchor_rts,0.21393272822208653,0.08062251265070508,0.347242943793468
april,20240412,anchor_rts,0.22106521505239585,0.09280817054378124,0.34932225956101043
april,20240413,anchor_rts,0.19270991955075056,0.08914715398547833,0.2962726851160228
april,20240414,anchor_rts,0.19062165364489403,0.09728902949528988,0.28395427779449817
april,20240415,anchor_rts,0.19580184617391827,0.08070926474170187,0.31089442760613467
april,20240416,anchor_rts,0.20969731105711245,0.09004950178616698,0.3293451203280579
april,20240417,anchor_rts,0.1905749052020296,0.07828886146137344,0.3028609489426858
april,20240418,anchor_rts,0.19880755902534375,0.0891465853519685,0.308468532698719
april,20240419,anchor_rts,0.2169474871944692,0.09551125683469959,0.33838371755423885
april,20240420,anchor_rts,0.20995603911572147,0.09924406040820713,0.32066801782323584
april,20240421,anchor_rts,0.19277860001422895,0.10919278668900471,0.27636441333945316
april,20240422,anchor_rts,0.18987590991309156,0.08287864443778398,0.29687317538839914
april,20240423,anchor_rts,0.20354624356868906,0.0893164250121007,0.3177760621252774
april,20240424,anchor_rts,0.17980550419130265,0.07709564485967736,0.28251536352292794
april,20240425,anchor_rts,0.19817730524713842,0.09126799665729579,0.30508661383698105
april,20240427,anchor_rts,0.2126897613280395,0.0984847011286298,0.3268948215274492
april,20240428,anchor_rts,0.21708771147408024,0.12242797493932626,0.3117474480088342
april,20240429,anchor_rts,0.23563986274876586,0.10547560366980531,0.3658041218277264
april,20240430,anchor_rts,0.19893480816524411,0.08269791654415186,0.31517169978633636
april,20240401,anchor_rts_fullgrid,0.2311432104979012,0.1385729227194061,0.32371349827639634
april,20240402,anchor_rts_fullgrid,0.21872758630145028,0.1035318713390869,0.33392330126381364
april,20240403,anchor_rts_fullgrid,0.2051290246807381,0.11419517850337002,0.2960628708581062
april,20240404,anchor_rts_fullgrid,0.20673047083528207,0.11070193290878091,0.3027590087617832
april,20240405,anchor_rts_fullgrid,0.22838512027552862,0.10332496694771846,0.35344527360333877
april,20240406,anchor_rts_fullgrid,0.2088955223890013,0.08791196489133758,0.32987907988666504
april,20240407,anchor_rts_fullgrid,0.19720472558673768,0.08146440945377223,0.31294504171970317
april,20240409,anchor_rts_fullgrid,0.2027665394976839,0.0849486566715827,0.3205844223237851
april,20240410,anchor_rts_fullgrid,0.21532882531627426,0.10426306460735928,0.3263945860251892
april,20240411,anchor_rts_fullgrid,0.21735368935217875,0.08668542817961233,0.34802195052474516
april,20240412,anchor_rts_fullgrid,0.22469488846892366,0.09818632037891047,0.35120345655893687
april,20240413,anchor_rts_fullgrid,0.19511375884391152,0.09123641756649893,0.2989911001213241
april,20240414,anchor_rts_fullgrid,0.18771611352572234,0.09212866225018439,0.2833035648012603
april,20240415,anchor_rts_fullgrid,0.19841001197494976,0.08593990666378724,0.31088011728611226
april,20240416,anchor_rts_fullgrid,0.21763151252761445,0.1016957156289947,0.3335673094262342
april,20240417,anchor_rts_fullgrid,0.19370846815117077,0.08409121018287334,0.3033257261194682
april,20240418,anchor_rts_fullgrid,0.19942862154019142,0.08903366127007582,0.309823581810307
april,20240419,anchor_rts_fullgrid,0.22206095257718417,0.10039697211473618,0.34372493303963214
april,20240420,anchor_rts_fullgrid,0.20608133642947057,0.09194314408362286,0.3202195287753183
april,20240421,anchor_rts_fullgrid,0.19083760056630103,0.10225759213980128,0.27941760899280077
april,20240422,anchor_rts_fullgrid,0.1935011896394372,0.08693580089941771,0.30006657837945666
april,20240423,anchor_rts_fullgrid,0.20033338765460754,0.08193963013968092,0.31872714516953415
april,20240424,anchor_rts_fullgrid,0.1856583553528477,0.08373781389517301,0.28757889681052234
april,20240425,anchor_rts_fullgrid,0.2026080831516025,0.09902164199880886,0.30619452430439614
april,20240427,anchor_rts_fullgrid,0.2115976798239421,0.09545424570065675,0.32774111394722744
april,20240428,anchor_rts_fullgrid,0.2117032084166292,0.11314616444343453,0.31026025238982385
april,20240429,anchor_rts_fullgrid,0.2287744759235075,0.09387611014563942,0.3636728417013756
april,20240430,anchor_rts_fullgrid,0.19727422843550288,0.07738604945050433,0.31716240742050145
april,20240401,anchor_rts_fm,0.21210604927830928,0.10326290473878313,0.32094919381783543
april,20240402,anchor_rts_fm,0.20806568735942244,0.08584493280566775,0.33028644191317713
april,20240403,anchor_rts_fm,0.19223077088365254,0.09072387836566269,0.29373766340164237
april,20240404,anchor_rts_fm,0.19051839880083307,0.08346922653140561,0.29756757107026055
april,20240405,anchor_rts_fm,0.21546786084886813,0.07934532872595917,0.3515903929717771
april,20240406,anchor_rts_fm,0.2055741764742839,0.08122829019220554,0.32992006275636226
april,20240407,anchor_rts_fm,0.19308322541376627,0.07765293699545801,0.30851351383207454
april,20240409,anchor_rts_fm,0.20118714102670626,0.08509606150268778,0.31727822055072474
april,20240410,anchor_rts_fm,0.21254630680443523,0.10202782578222379,0.32306478782664666
april,20240411,anchor_rts_fm,0.21508743628463192,0.08293192877579586,0.347242943793468
april,20240412,anchor_rts_fm,0.22075676566389102,0.09219127176677158,0.34932225956101043
april,20240413,anchor_rts_fm,0.1935013858887665,0.09073008666151022,0.2962726851160228
april,20240414,anchor_rts_fm,0.19219641019556313,0.10043854259662811,0.28395427779449817
april,20240415,anchor_rts_fm,0.19465536478855067,0.07841630197096668,0.31089442760613467
april,20240416,anchor_rts_fm,0.21037153638786082,0.09139795244766372,0.3293451203280579
april,20240417,anchor_rts_fm,0.1901843039128136,0.0775076588829414,0.3028609489426858
april,20240418,anchor_rts_fm,0.19987931910886086,0.09129010551900271,0.308468532698719
april,20240419,anchor_rts_fm,0.21683527203313407,0.09528682651202933,0.33838371755423885
april,20240420,anchor_rts_fm,0.20838199491889783,0.09609597201455981,0.32066801782323584
april,20240421,anchor_rts_fm,0.19109470731828668,0.10582500129712019,0.27636441333945316
april,20240422,anchor_rts_fm,0.18985018112245783,0.08282718685651652,0.29687317538839914
april,20240423,anchor_rts_fm,0.20372965524877107,0.0896832483722647,0.3177760621252774
april,20240424,anchor_rts_fm,0.17847375216833386,0.07443214081373978,0.28251536352292794
april,20240425,anchor_rts_fm,0.19837889843313206,0.09167118302928307,0.30508661383698105
april,20240427,anchor_rts_fm,0.21025127992317733,0.09360773831890547,0.3268948215274492
april,20240428,anchor_rts_fm,0.213611221423481,0.11547499483812777,0.3117474480088342
april,20240429,anchor_rts_fm,0.23394650094225525,0.10208888005678406,0.3658041218277264
april,20240430,anchor_rts_fm,0.19720047460456935,0.07922924942280235,0.31517169978633636
april,20240401,final,0.21180645265147727,0.10266371148511909,0.32094919381783543
april,20240402,final,0.2079984373869222,0.08571043286066728,0.33028644191317713
april,20240403,final,0.19224414786128918,0.09075063232093603,0.29373766340164237
april,20240404,final,0.19029563661499366,0.08302370215972674,0.29756757107026055
april,20240405,final,0.2157238079832575,0.07985722299473792,0.3515903929717771
april,20240406,final,0.20551004969707498,0.08110003663778771,0.32992006275636226
april,20240407,final,0.19320690412033942,0.07790029440860433,0.30851351383207454
april,20240409,final,0.20071449535697214,0.08415077016321955,0.31727822055072474
april,20240410,final,0.2125950697338012,0.10212535164095574,0.32306478782664666
april,20240411,final,0.21469357173894565,0.08214419968442332,0.347242943793468
april,20240412,final,0.2209379951262323,0.09255373069145414,0.34932225956101043
april,20240413,final,0.1936272083636335,0.09098173161124423,0.2962726851160228
april,20240414,final,0.19184760511440793,0.09974093243431768,0.28395427779449817
april,20240415,final,0.19446769769986308,0.07804096779359143,0.3108944276061347
april,20240416,final,0.20979540406779273,0.09024568780752756,0.3293451203280579
april,20240417,final,0.18990818823481206,0.07695542752693833,0.3028609489426858
april,20240418,final,0.20007786784483853,0.09168720299095807,0.308468532698719
april,20240419,final,0.2170519491786237,0.09572018080300855,0.33838371755423885
april,20240420,final,0.20767947432952483,0.09469093083581379,0.32066801782323584
april,20240421,final,0.19040936032170638,0.10445430730395959,0.27636441333945316
april,20240422,final,0.18951473975570898,0.08215630412301887,0.2968731753883991
april,20240423,final,0.20376723588726953,0.08975840964926163,0.3177760621252774
april,20240424,final,0.17823136746939774,0.07394737141586753,0.28251536352292794
april,20240425,final,0.19849225475375393,0.0918978956705268,0.30508661383698105
april,20240427,final,0.20987326420812175,0.09285170688879428,0.3268948215274492
april,20240428,final,0.2129421680140389,0.11413688801924358,0.3117474480088342
april,20240429,final,0.23414442293528415,0.10248472404284184,0.3658041218277264
april,20240430,final,0.19742415106797048,0.07967660234960461,0.31517169978633636
january,20240101,april_mean,0.5892710911697715,0.3923708345920138,0.7861713477475293
january,20240102,april_mean,0.489848793861965,0.3493090170804534,0.6303885706434765
january,20240103,april_mean,0.5615078384619868,0.37710265524794456,0.7459130216760291
january,20240104,april_mean,0.4690543975589607,0.2992579710389673,0.6388508240789541
january,20240105,april_mean,0.36788551796444335,0.2249913205776976,0.510779715351189
january,20240106,april_mean,0.38561220475279573,0.23234443280612557,0.5388799766994659
january,20240107,april_mean,0.3204368143115314,0.22804494378081192,0.41282868484225094
january,20240108,april_mean,0.30963806886536516,0.1830059039101663,0.43627023382056407
january,20240109,april_mean,0.30911424178170255,0.19620847223722487,0.42202001132618017
january,20240110,april_mean,0.48879982863751825,0.19828131075220973,0.7793183465228268
january,20240111,april_mean,0.29361223668268477,0.1741048963636351,0.4131195770017344
january,20240112,april_mean,0.27718688258353047,0.1652242342242132,0.3891495309428477
january,20240113,april_mean,0.2817919458160837,0.20333879898725937,0.36024509264490795
january,20240114,april_mean,0.2796743906528158,0.17309800061591782,0.38625078068971375
january,20240115,april_mean,0.23131446968584132,0.13102408967392354,0.3316048496977591
january,20240116,april_mean,0.23528111373544558,0.1282352956639161,0.3423269318069751
january,20240117,april_mean,0.24832228061992753,0.15543101515284113,0.34121354608701393
january,20240119,april_mean,0.25014898438989075,0.16370104714618566,0.3365969216335959
january,20240120,april_mean,0.27948530466861554,0.1838401238223773,0.37513048551485373
january,20240121,april_mean,0.27422281656615416,0.16110752825421917,0.3873381048780891
january,20240122,april_mean,0.22753669115727032,0.13386408958198978,0.3212092927325509
january,20240125,april_mean,0.23975590110091277,0.16301504924529323,0.3164967529565323
january,20240126,april_mean,0.2372554376382217,0.13666141668846934,0.33784945858797405
january,20240127,april_mean,0.2948041888205849,0.19414577227637533,0.39546260536479444
january,20240128,april_mean,0.29166681469771993,0.1705269795587978,0.412806649836642
january,20240129,april_mean,0.21922533630341823,0.1107411079705881,0.32770956463624834
january,20240130,april_mean,0.22868693446645216,0.12828892897391767,0.3290849399589867
january,20240131,april_mean,0.21449454278163282,0.1184774869953373,0.3105115985679283
january,20240101,novdec_mean,0.557907888727075,0.3434288526534572,0.7723869248006928
january,20240102,novdec_mean,0.4654223820108686,0.2965111729325052,0.634333591089232
january,20240103,novdec_mean,0.5238462195368766,0.31281353681741714,0.7348789022563361
january,20240104,novdec_mean,0.4477289937361357,0.25885693056774656,0.6366010569045248
january,20240105,novdec_mean,0.3661163108215919,0.21051657732747567,0.5217160443157082
january,20240106,novdec_mean,0.39757871082052326,0.23876390685573934,0.5563935147853072
january,20240107,novdec_mean,0.33597330476623577,0.2404492835182963,0.4314973260141753
january,20240108,novdec_mean,0.3168916569349398,0.18126613106795672,0.4525171828019229
january,20240109,novdec_mean,0.32295195318390496,0.21136512076245187,0.434538785605358
january,20240110,novdec_mean,0.511644536402315,0.22525026828497313,0.7980388045196568
january,20240111,novdec_mean,0.31936744857494076,0.20431848517462214,0.4344164119752594
january,20240112,novdec_mean,0.323757890193878,0.2224027339223046,0.4251130464654514
january,20240113,novdec_mean,0.3350014258258945,0.26200398448613904,0.4079988671656499
january,20240114,novdec_mean,0.3230891118041604,0.2220883377166601,0.4240898858916607
january,20240115,novdec_mean,0.2663419711910668,0.18697302500929117,0.3457109173728424
january,20240116,novdec_mean,0.2851742011271824,0.19593899644263613,0.37440940581172866
january,20240117,novdec_mean,0.2915266145780727,0.21888148212424396,0.36417174703190147
january,20240119,novdec_mean,0.3026089242333912,0.23454261676698251,0.3706752316997999
january,20240120,novdec_mean,0.3428988726192519,0.27117047055470705,0.4146272746837968
january,20240121,novdec_mean,0.32008837497661224,0.23332370436406213,0.40685304558916235
january,20240122,novdec_mean,0.28172456540085755,0.21997134446463018,0.343477786337085
january,20240125,novdec_mean,0.29562846662061204,0.24608793760410166,0.34516899563712244
january,20240126,novdec_mean,0.30222304634707187,0.22939104345951966,0.375055049234624
january,20240127,novdec_mean,0.36234229025952447,0.287238398946126,0.437446181572923
january,20240128,novdec_mean,0.355699202174318,0.25208706292590877,0.4593113414227272
january,20240129,novdec_mean,0.2657579583076556,0.19173988934381112,0.3397760272715001
january,20240130,novdec_mean,0.28824125264948175,0.2131954288465266,0.36328707645243696
january,20240131,novdec_mean,0.26902496201498627,0.20762787964861307,0.3304220443813595
january,20240101,anchor,0.5636585882883274,0.3480614960504631,0.7792556805261918
january,20240102,anchor,0.46438914401465525,0.2997434593444532,0.6290348286848573
january,20240103,anchor,0.5243415160301431,0.3156356151541259,0.7330474169061603
january,20240104,anchor,0.44333570028358993,0.2584611738179879,0.6282102267491919
january,20240105,anchor,0.35743106950438513,0.20851937535654377,0.5063427636522265
january,20240106,anchor,0.3893383293179891,0.22570156226453997,0.5529750963714383
january,20240107,anchor,0.3142130268475972,0.21326449404363612,0.4151615596515584
january,20240108,anchor,0.2964049282294576,0.16371979122872776,0.4290900652301874
january,20240109,anchor,0.3073818866887472,0.20485005258765873,0.40991372078983573
january,20240110,anchor,0.4947919179168473,0.20982504484885423,0.7797587909848404
january,20240111,anchor,0.2954655062369993,0.182866717369551,0.4080642951044476
january,20240112,anchor,0.2872189461324784,0.17392781496915036,0.40051007729580645
january,20240113,anchor,0.2659218576925988,0.18450011286187568,0.34734360252332186
january,20240114,anchor,0.2699057592088647,0.15304934675678103,0.3867621716609484
january,20240115,anchor,0.23213383282004502,0.13391729155645227,0.33035037408363777
january,20240116,anchor,0.2563668645812593,0.1533218384650045,0.35941189069751406
january,20240117,anchor,0.26421789872382734,0.18063076070137699,0.3478050367462777
january,20240119,anchor,0.25765103613553875,0.16903596834502413,0.3462661039260534
january,20240120,anchor,0.2512131547793291,0.15086215195675717,0.351564157601901
january,20240121,anchor,0.23247447740991267,0.13253967343012188,0.33240928138970344
january,20240122,anchor,0.23232595782153648,0.13988857768796886,0.3247633379551041
january,20240125,anchor,0.25339928976387555,0.18122576103182528,0.3255728184959258
january,20240126,anchor,0.24123260942417046,0.1390191211942525,0.3434460976540884
january,20240127,anchor,0.2564710942259977,0.15433911069380912,0.3586030777581863
january,20240128,anchor,0.2330026272294587,0.13265417345814892,0.3333510810007685
january,20240129,anchor,0.21892105972596446,0.11314670563160227,0.32469541382032663
january,20240130,anchor,0.2379825049714418,0.14805071834958342,0.3279142915933002
january,20240131,anchor,0.22214412315016352,0.1375913007990928,0.3066969455012343
january,20240101,anchor_rts,0.5325684231463884,0.31322750803683536,0.7519093382559415
january,20240102,anchor_rts,0.4433233719377116,0.2677267410907903,0.6189200027846329
january,20240103,anchor_rts,0.5000437357864227,0.28134837370625787,0.7187390978665874
january,20240104,anchor_rts,0.4398542731435834,0.2535005845923704,0.6262079616947964
january,20240105,anchor_rts,0.36858451273229015,0.22480996564806321,0.5123590598165171
january,20240106,anchor_rts,0.3996950275929123,0.23804502831888785,0.5613450268669368
january,20240107,anchor_rts,0.3222759982726082,0.22405955275699746,0.420492443788219
january,20240108,anchor_rts,0.3162941667976663,0.1799990501619674,0.4525892834333652
january,20240109,anchor_rts,0.32964517785387715,0.24153418986095565,0.41775616584679864
january,20240110,anchor_rts,0.521646654548569,0.25441961596352325,0.7888736931336148
january,20240111,anchor_rts,0.3300742680303628,0.22844882531077346,0.4316997107499522
january,20240112,anchor_rts,0.33218426654574956,0.2312110701998582,0.4331574628916409
january,20240113,anchor_rts,0.31267470749341103,0.23340745258088008,0.391941962405942
january,20240114,anchor_rts,0.28730563316259344,0.1815720279697199,0.393039238355467
january,20240115,anchor_rts,0.2670552545189333,0.1926083385571516,0.341502170480715
january,20240116,anchor_rts,0.30539119910498075,0.2168506347551433,0.3939317634548182
january,20240117,anchor_rts,0.30601289110466184,0.24316161830513336,0.36886416390419036
january,20240119,anchor_rts,0.30012735504880006,0.23020357029108118,0.370051139806519
january,20240120,anchor_rts,0.3012673272834618,0.21832353558731002,0.3842111189796135
january,20240121,anchor_rts,0.25724236553880797,0.17421402746624123,0.3402707036113747
january,20240122,anchor_rts,0.2678774315561778,0.20926228269242136,0.32649258041993423
january,20240125,anchor_rts,0.2964578468799094,0.24423486522766502,0.3486808285321537
january,20240126,anchor_rts,0.2871921565640115,0.20684217764965987,0.3675421354783631
january,20240127,anchor_rts,0.3045328201097739,0.22030389708181364,0.3887617431377342
january,20240128,anchor_rts,0.27078848168255615,0.18112008005416885,0.36045688331094344
january,20240129,anchor_rts,0.24769253014992798,0.17067634530452294,0.32470871499533305
january,20240130,anchor_rts,0.27596935953485874,0.20917773609122528,0.3427609829784922
january,20240131,anchor_rts,0.2552883016466618,0.20067523038311186,0.3099013729102117
january,20240101,anchor_rts_fullgrid,0.5419716506122614,0.32394498364768326,0.7599983175768396
january,20240102,anchor_rts_fullgrid,0.4494503097486733,0.28065798894943145,0.6182426305479151
january,20240103,anchor_rts_fullgrid,0.5074013793588458,0.29679396878541625,0.7180087899322753
january,20240104,anchor_rts_fullgrid,0.4380897320777386,0.25505355866652096,0.6211259054889562
january,20240105,anchor_rts_fullgrid,0.3610253151155358,0.21659621135836502,0.5054544188727066
january,20240106,anchor_rts_fullgrid,0.3962349714270779,0.23362220212236615,0.5588477407317897
january,20240107,anchor_rts_fullgrid,0.31766180785956283,0.22166679018257332,0.41365682553655236
january,20240108,anchor_rts_fullgrid,0.3043363830921797,0.16966307663649324,0.4390096895478662
january,20240109,anchor_rts_fullgrid,0.31708583890016173,0.22179698695593253,0.4123746908443909
january,20240110,anchor_rts_fullgrid,0.5079124265130989,0.23079383405505632,0.7850310189711415
january,20240111,anchor_rts_fullgrid,0.312807449038364,0.20570218474671192,0.41991271333001606
january,20240112,anchor_rts_fullgrid,0.3138323610593009,0.2086344949350996,0.41903022718350214
january,20240113,anchor_rts_fullgrid,0.296984215295393,0.21824750918144903,0.375720921409337
january,20240114,anchor_rts_fullgrid,0.2828760164288341,0.1751760915501085,0.39057594130755974
january,20240115,anchor_rts_fullgrid,0.2501173608875238,0.16739293056172963,0.332841791213318
january,20240116,anchor_rts_fullgrid,0.28148127287443275,0.18891960364752786,0.37404294210133765
january,20240117,anchor_rts_fullgrid,0.28616177779212354,0.213671355930836,0.3586521996534111
january,20240119,anchor_rts_fullgrid,0.28365112237614254,0.20773020996567262,0.3595720347866124
january,20240120,anchor_rts_fullgrid,0.28618751826839006,0.1998763402130081,0.372498696323772
january,20240121,anchor_rts_fullgrid,0.24879551023854474,0.1646729894907647,0.3329180309863248
january,20240122,anchor_rts_fullgrid,0.256339692797213,0.18358183765599578,0.3290975479384302
january,20240125,anchor_rts_fullgrid,0.2757551299688382,0.21949054851316752,0.3320197114245089
january,20240126,anchor_rts_fullgrid,0.2733970764186062,0.18486221116396528,0.36193194167324716
january,20240127,anchor_rts_fullgrid,0.2892713342656249,0.20393422539971742,0.37460844313153235
january,20240128,anchor_rts_fullgrid,0.2645081470983678,0.17210079837293196,0.3569154958238036
january,20240129,anchor_rts_fullgrid,0.23399926573495433,0.14962693707786176,0.31837159439204693
january,20240130,anchor_rts_fullgrid,0.26189474641939453,0.18609444917017423,0.3376950436686148
january,20240131,anchor_rts_fullgrid,0.24107968397551843,0.17653205516527046,0.3056273127857664
january,20240101,anchor_rts_fm,0.5332701721410195,0.31463100602609734,0.7519093382559415
january,20240102,anchor_rts_fm,0.4462931699391688,0.2736663370937047,0.6189200027846329
january,20240103,anchor_rts_fm,0.5070233267976259,0.29530755572866424,0.7187390978665874
january,20240104,anchor_rts_fm,0.4420344802037185,0.2578609987126406,0.6262079616947964
january,20240105,anchor_rts_fm,0.3696391564582545,0.226919253099992,0.5123590598165171
january,20240106,anchor_rts_fm,0.40413643787259407,0.2469278488782514,0.5613450268669368
january,20240107,anchor_rts_fm,0.3249794429869252,0.22946644218563145,0.420492443788219
january,20240108,anchor_rts_fm,0.3180448803010361,0.18350047716870702,0.4525892834333652
january,20240109,anchor_rts_fm,0.3255288457677777,0.23330152568875673,0.41775616584679864
january,20240110,anchor_rts_fm,0.5179922404339232,0.24711078773423165,0.7888736931336148
january,20240111,anchor_rts_fm,0.32664696916988323,0.22159422758981429,0.4316997107499522
january,20240112,anchor_rts_fm,0.33338756053228935,0.23361765817293775,0.4331574628916409
january,20240113,anchor_rts_fm,0.31893335989543337,0.24592475738492472,0.391941962405942
january,20240114,anchor_rts_fm,0.2925628290239192,0.19208641969237147,0.393039238355467
january,20240115,anchor_rts_fm,0.2650763245856574,0.18865047869059973,0.341502170480715
january,20240116,anchor_rts_fm,0.301535156494348,0.20913854953387775,0.3939317634548182
january,20240117,anchor_rts_fm,0.3023908273143607,0.23591749072453103,0.36886416390419036
january,20240119,anchor_rts_fm,0.30222682032950127,0.23440250085248357,0.370051139806519
january,20240120,anchor_rts_fm,0.30939436655525276,0.234577614130892,0.3842111189796135
january,20240121,anchor_rts_fm,0.2638251873441156,0.1873796710768565,0.3402707036113747
january,20240122,anchor_rts_fm,0.2670629182009699,0.20763325598200552,0.32649258041993423
january,20240125,anchor_rts_fm,0.2959938144586877,0.24330680038522173,0.3486808285321537
january,20240126,anchor_rts_fm,0.2901847908057439,0.2128274461331247,0.3675421354783631
january,20240127,anchor_rts_fm,0.3117312343500066,0.23470072556227897,0.3887617431377342
january,20240128,anchor_rts_fm,0.27751476891731874,0.19457265452369407,0.36045688331094344
january,20240129,anchor_rts_fm,0.24728203991254152,0.16985536482975,0.32470871499533305
january,20240130,anchor_rts_fm,0.27466066191626204,0.2065603408540318,0.3427609829784922
january,20240131,anchor_rts_fm,0.2540069497892458,0.19811252666827997,0.3099013729102117
january,20240101,final,0.5335702195141955,0.3152311007724494,0.7519093382559415
january,20240102,final,0.44623807296172724,0.2735561431388216,0.6189200027846329
january,20240103,final,0.5065851317703897,0.2944311656741919,0.7187390978665874
january,20240104,final,0.44165534120828104,0.25710272072176565,0.6262079616947964
january,20240105,final,0.36919513192704145,0.22603120403756585,0.5123590598165171
january,20240106,final,0.4042268923657658,0.24710875786459488,0.5613450268669368
january,20240107,final,0.3248553817800995,0.22921831977197998,0.420492443788219
january,20240108,final,0.3186476730109809,0.18470606258859665,0.4525892834333652
january,20240109,final,0.32595133480588284,0.234146503764967,0.41775616584679864
january,20240110,final,0.518156453050619,0.24743921296762317,0.7888736931336148
january,20240111,final,0.3267370348022196,0.22177435885448693,0.4316997107499522
january,20240112,final,0.3330217986428218,0.23288613439400263,0.4331574628916409
january,20240113,final,0.31840746895216904,0.24487297549839604,0.39194196240594203
january,20240114,final,0.2921724008982165,0.19130556344096597,0.393039238355467
january,20240115,final,0.2655478941448013,0.1895936178088875,0.341502170480715
january,20240116,final,0.30228861048033,0.21064545750584185,0.3939317634548182
january,20240117,final,0.3028743727616411,0.2368845816190918,0.36886416390419036
january,20240119,final,0.3018870999612297,0.2337230601159404,0.370051139806519
january,20240120,final,0.308590369974157,0.23296962096870055,0.3842111189796135
january,20240121,final,0.2633381549820663,0.1864056063527579,0.3402707036113747
january,20240122,final,0.2673581523928269,0.20822372436571954,0.32649258041993423
january,20240125,final,0.29646028175975075,0.24423973498734783,0.3486808285321537
january,20240126,final,0.289973627323282,0.2124051191682009,0.3675421354783631
january,20240127,final,0.3108501857770102,0.23293862841628615,0.3887617431377342
january,20240128,final,0.27696628799228257,0.19347569267362166,0.36045688331094344
january,20240129,final,0.24742030542993904,0.17013189586454505,0.32470871499533305
january,20240130,final,0.27535736593142834,0.20795374888436446,0.3427609829784922
january,20240131,final,0.25461078071988924,0.1993201885295668,0.3099013729102117
stable_spring,20240415,april_mean,0.2072718845942776,0.09258264456303683,0.32196112462551835
stable_spring,20240416,april_mean,0.21325047423323146,0.09347172474919076,0.33302922371727217
stable_spring,20240417,april_mean,0.2030218347166221,0.08794710558050965,0.31809656385273455
stable_spring,20240418,april_mean,0.20958331455011356,0.09597735659967438,0.32318927250055274
stable_spring,20240419,april_mean,0.21031029855079364,0.09372930032406436,0.32689129677752293
stable_spring,20240420,april_mean,0.2504020790917059,0.16219054040558992,0.3386136177778219
stable_spring,20240421,april_mean,0.2739096559599128,0.17775868204436124,0.3700606298754644
stable_spring,20240422,april_mean,0.20133290340783216,0.08759584234094552,0.3150699644747188
stable_spring,20240423,april_mean,0.21564631319951055,0.1007715840638976,0.3305210423351235
stable_spring,20240424,april_mean,0.18592393945269903,0.08272225491500727,0.28912562399039077
stable_spring,20240425,april_mean,0.20718291854869794,0.0908077173845775,0.3235581197128184
stable_spring,20240427,april_mean,0.24303648059030947,0.1458848690696965,0.34018809211092244
stable_spring,20240428,april_mean,0.29050315516110237,0.19721677966094184,0.38378953066126287
stable_spring,20240429,april_mean,0.26273676125998124,0.12513348584428663,0.4003400366756758
stable_spring,20240430,april_mean,0.2071813453910116,0.09011544846911136,0.32424724231291185
stable_spring,20240501,april_mean,0.21171109391964893,0.08187824342769426,0.34154394441160363
stable_spring,20240502,april_mean,0.22684083086174026,0.08213629241255732,0.3715453693109232
stable_spring,20240503,april_mean,0.2593821442093701,0.16427501035395745,0.3544892780647828
stable_spring,20240504,april_mean,0.2624067845710023,0.14460232604543866,0.3802112430965659
stable_spring,20240505,april_mean,0.28829947662693584,0.19735576456193002,0.3792431886919416
stable_spring,20240506,april_mean,0.2535099840588926,0.1438360522443459,0.3631839158734393
stable_spring,20240507,april_mean,0.22108327945583198,0.09822774924142118,0.34393880967024276
stable_spring,20240508,april_mean,0.2001391017897724,0.08530293653887551,0.3149752670406693
stable_spring,20240509,april_mean,0.2246930499801302,0.08535345557448648,0.36403264438577393
stable_spring,20240510,april_mean,0.2180757908750351,0.08597479910205227,0.35017678264801794
stable_spring,20240511,april_mean,0.22469262817323693,0.11313511219689414,0.3362501441495797
stable_spring,20240512,april_mean,0.24863698753821892,0.1405174672303009,0.35675650784613694
stable_spring,20240513,april_mean,0.20125038087283753,0.08687636831383334,0.31562439343184173
stable_spring,20240514,april_mean,0.20683456576809914,0.09376144671073479,0.3199076848254635
stable_spring,20240515,april_mean,0.22106474255215947,0.09352709829286573,0.3486023868114532
stable_spring,20240516,april_mean,0.19762515283759832,0.08678744782590529,0.30846285784929134
stable_spring,20240517,april_mean,0.20293198248422856,0.10246551257172345,0.3033984523967337
stable_spring,20240518,april_mean,0.25930490283871566,0.1432972233594547,0.3753125823179766
stable_spring,20240519,april_mean,0.2647104099869233,0.13538290205117604,0.3940379179226705
stable_spring,20240520,april_mean,0.1990067379423614,0.07966795408421395,0.31834552180050885
stable_spring,20240521,april_mean,0.20902083990776543,0.0804951950401014,0.3375464847754295
stable_spring,20240522,april_mean,0.20650606613003789,0.10569901221459305,0.3073131200454827
stable_spring,20240523,april_mean,0.19819415327086554,0.07542697789772132,0.3209613286440098
stable_spring,20240524,april_mean,0.19041895463766,0.0796297754870888,0.3012081337882312
stable_spring,20240525,april_mean,0.22313990937275574,0.11402168058268372,0.33225813816282773
stable_spring,20240526,april_mean,0.28433075225057813,0.17019729730498928,0.39846420719616704
stable_spring,20240527,april_mean,0.1993795970403905,0.08926064495073568,0.3094985491300453
stable_spring,20240528,april_mean,0.17425949178071484,0.0777969613315573,0.2707220222298724
stable_spring,20240530,april_mean,0.21138367240203196,0.10039474716945239,0.3223725976346115
stable_spring,20240531,april_mean,0.20409065629817918,0.0772801704607743,0.3309011421355841
stable_spring,20240601,april_mean,0.2219688072917559,0.12373095870434912,0.32020665587916264
stable_spring,20240602,april_mean,0.2477082393600763,0.13048730058162944,0.36492917813852316
stable_spring,20240603,april_mean,0.21792965938653125,0.09379675366829306,0.34206256510476946
stable_spring,20240604,april_mean,0.20963565089075564,0.08804211614142263,0.33122918564008863
stable_spring,20240605,april_mean,0.21101251128494142,0.08108574308213667,0.34093927948774616
stable_spring,20240606,april_mean,0.19904419038337973,0.08357900727765999,0.31450937348909946
stable_spring,20240607,april_mean,0.20937118101824487,0.0820975363166665,0.33664482571982324
stable_spring,20240608,april_mean,0.23033780572164142,0.12997964751834187,0.330695963924941
stable_spring,20240609,april_mean,0.23790981102454628,0.12405178086763945,0.3517678411814531
stable_spring,20240610,april_mean,0.2165954707811842,0.0919956933207038,0.34119524824166464
stable_spring,20240611,april_mean,0.2098173682562433,0.0874517985754738,0.3321829379370128
stable_spring,20240612,april_mean,0.21340893477555475,0.09154909272457878,0.3352687768265307
stable_spring,20240613,april_mean,0.19658427459993583,0.0856499455368237,0.30751860366304795
stable_spring,20240415,novdec_mean,0.20128724622826388,0.09005886435622004,0.31251562810030775
stable_spring,20240416,novdec_mean,0.23437214564594502,0.1218524875551381,0.34689180373675194
stable_spring,20240417,novdec_mean,0.2141111463603672,0.10071915690226782,0.3275031358184666
stable_spring,20240418,novdec_mean,0.21296758223690918,0.09595176672727344,0.3299833977465449
stable_spring,20240419,novdec_mean,0.22827315675164253,0.10342686302867381,0.35311945047461124
stable_spring,20240420,novdec_mean,0.22071906976636663,0.11094931408335422,0.330488825449379
stable_spring,20240421,novdec_mean,0.2439862402125439,0.13150245657921594,0.35647002384587184
stable_spring,20240422,novdec_mean,0.2026198797659541,0.09394130695081199,0.31129845258109623
stable_spring,20240423,novdec_mean,0.21761120542616208,0.09222804220366446,0.3429943686486597
stable_spring,20240424,novdec_mean,0.20535518865188757,0.10688768077004905,0.30382269653372607
stable_spring,20240425,novdec_mean,0.2318279043422734,0.1191347193195483,0.3445210893649985
stable_spring,20240427,novdec_mean,0.22804587459338663,0.11162367792444755,0.3444680712623257
stable_spring,20240428,novdec_mean,0.2523758165117293,0.13792840711578785,0.36682322590767075
stable_spring,20240429,novdec_mean,0.23738933916479443,0.094246773368756,0.3805319049608329
stable_spring,20240430,novdec_mean,0.21375565126876747,0.09136002273768261,0.3361512797998523
stable_spring,20240501,novdec_mean,0.24599053419622452,0.12065338482541488,0.37132768356703416
stable_spring,20240502,novdec_mean,0.24555341859161078,0.08454800465020798,0.40655883253301356
stable_spring,20240503,novdec_mean,0.23469297477721082,0.12297093253247027,0.3464150170219514
stable_spring,20240504,novdec_mean,0.2530556206826501,0.12280967616884772,0.3833015651964524
stable_spring,20240505,novdec_mean,0.257808038205966,0.1482529469745702,0.3673631294373618
stable_spring,20240506,novdec_mean,0.2357296158355313,0.10922685457842034,0.3622323770926422
stable_spring,20240507,novdec_mean,0.2541345413584587,0.1404396980078885,0.36782938470902893
stable_spring,20240508,novdec_mean,0.23257866507666908,0.1241459509625761,0.3410113791907621
stable_spring,20240509,novdec_mean,0.2601565877047225,0.11947002164835482,0.4008431537610902
stable_spring,20240510,novdec_mean,0.23970948036483553,0.0999704612953698,0.37944849943430126
stable_spring,20240511,novdec_mean,0.22446748418914153,0.0844839152375498,0.3644510531407332
stable_spring,20240512,novdec_mean,0.23173988295416215,0.10914030157012734,0.35433946433819696
stable_spring,20240513,novdec_mean,0.21770641030897553,0.11163990092399255,0.3237729196939585
stable_spring,20240514,novdec_mean,0.2273091967745234,0.11359417352171469,0.3410242200273321
stable_spring,20240515,novdec_mean,0.23725494252773285,0.10819956728592191,0.3663103177695438
stable_spring,20240516,novdec_mean,0.2196252512033742,0.1150568738409364,0.324193628565812
stable_spring,20240517,novdec_mean,0.19354805471992528,0.0838261683383656,0.303269941101485
stable_spring,20240518,novdec_mean,0.24531165000589167,0.10559117934744514,0.38503212066433823
stable_spring,20240519,novdec_mean,0.23758823713102167,0.09917550426489816,0.37600096999714516
stable_spring,20240520,novdec_mean,0.22508043249095436,0.09855568547116385,0.3516051795107449
stable_spring,20240521,novdec_mean,0.24000166080923332,0.1176658286850013,0.36233749293346534
stable_spring,20240522,novdec_mean,0.23022045527943963,0.12280029436390753,0.3376406161949717
stable_spring,20240523,novdec_mean,0.2176552405796463,0.11350907221014064,0.321801408949152
stable_spring,20240524,novdec_mean,0.22656163524769413,0.11812055086043499,0.33500271963495326
stable_spring,20240525,novdec_mean,0.22204738680934233,0.09822806700214433,0.34586670661654034
stable_spring,20240526,novdec_mean,0.25886917344467364,0.1261557998711613,0.391582547018186
stable_spring,20240527,novdec_mean,0.23151445122957515,0.1268970911273181,0.3361318113318322
stable_spring,20240528,novdec_mean,0.20719734838513315,0.1098075269266558,0.3045871698436105
stable_spring,20240530,novdec_mean,0.23247173893568668,0.12559160059821603,0.3393518772731573
stable_spring,20240531,novdec_mean,0.2268883273268582,0.11191245385892656,0.34186420079478985
stable_spring,20240601,novdec_mean,0.2232848292319482,0.10155433263928813,0.34501532582460825
stable_spring,20240602,novdec_mean,0.24246633025286618,0.11400024235059361,0.3709324181551388
stable_spring,20240603,novdec_mean,0.2527829705763823,0.13872448958713487,0.36684145156562975
stable_spring,20240604,novdec_mean,0.24877149685799166,0.13424436503762802,0.36329862867835533
stable_spring,20240605,novdec_mean,0.23485170198726646,0.11627784783887454,0.3534255561356584
stable_spring,20240606,novdec_mean,0.22949617137030698,0.1298947796082777,0.32909756313233623
stable_spring,20240607,novdec_mean,0.2084229897241605,0.08956587908558429,0.32728010036273675
stable_spring,20240608,novdec_mean,0.22313229703695875,0.11011059330200496,0.33615400077191254
stable_spring,20240609,novdec_mean,0.2353065329678625,0.11204914802142328,0.3585639179143017
stable_spring,20240610,novdec_mean,0.24019530815323714,0.13284748044580527,0.34754313586066904
stable_spring,20240611,novdec_mean,0.2382245974123164,0.1367606572539195,0.3396885375707133
stable_spring,20240612,novdec_mean,0.23798895286673322,0.14075823222424688,0.33521967350921955
stable_spring,20240613,novdec_mean,0.21677815430192765,0.12011519237468574,0.3134411162291696
stable_spring,20240415,anchor,0.20314149961165995,0.08441292334384418,0.3218700758794757
stable_spring,20240416,anchor,0.2182175245349772,0.09340956866586748,0.3430254804040869
stable_spring,20240417,anchor,0.18668503418688326,0.07481642723783982,0.2985536411359267
stable_spring,20240418,anchor,0.20179655259548496,0.08531196469608811,0.3182811404948818
stable_spring,20240419,anchor,0.21258279002753327,0.09120486412480815,0.3339607159302584
stable_spring,20240420,anchor,0.20432750789066628,0.09117776749233257,0.317477248289
stable_spring,20240421,anchor,0.20547840353334826,0.1103868219878308,0.30056998507886573
stable_spring,20240422,anchor,0.19135181561883183,0.07930417038842646,0.3033994608492372
stable_spring,20240423,anchor,0.20671644819327892,0.08569285832356688,0.32774003806299096
stable_spring,20240424,anchor,0.17718568153563205,0.07757994656566047,0.2767914165056036
stable_spring,20240425,anchor,0.1999106728749729,0.09109919939106313,0.3087221463588827
stable_spring,20240427,anchor,0.2123165981310496,0.096411257897846,0.32822193836425323
stable_spring,20240428,anchor,0.2275426171983312,0.12848175769179507,0.32660347670486733
stable_spring,20240429,anchor,0.24795874924558448,0.11295584543141172,0.3829616530597572
stable_spring,20240430,anchor,0.20122164264554548,0.08721243318064333,0.31523085211044766
stable_spring,20240501,anchor,0.2097392877553219,0.07724407093848826,0.34223450457215554
stable_spring,20240502,anchor,0.22875773442941189,0.0825833335103193,0.3749321353485045
stable_spring,20240503,anchor,0.25971458526204827,0.15861122528316227,0.36081794524093425
stable_spring,20240504,anchor,0.2352985490990155,0.10950281743290903,0.361094280765122
stable_spring,20240505,anchor,0.23786081201514203,0.14041382529591498,0.33530779873436906
stable_spring,20240506,anchor,0.2495520036356874,0.14423565038260747,0.35486835688876733
stable_spring,20240507,anchor,0.2099579521518209,0.08852695424022654,0.33138895006341523
stable_spring,20240508,anchor,0.19121089112718767,0.07677586163403229,0.30564592062034307
stable_spring,20240509,anchor,0.21733982633533255,0.08042752791809726,0.35425212475256784
stable_spring,20240510,anchor,0.21344109708285364,0.08425673105922235,0.34262546310648495
stable_spring,20240511,anchor,0.20316313734780503,0.07614140593534995,0.3301848687602601
stable_spring,20240512,anchor,0.19654891635886074,0.0946464328895717,0.2984513998281498
stable_spring,20240513,anchor,0.19995289123829216,0.08221255179308047,0.31769323068350386
stable_spring,20240514,anchor,0.20764721440535633,0.09853348150311719,0.31676094730759546
stable_spring,20240515,anchor,0.21279675565064612,0.09339267593215737,0.33220083536913486
stable_spring,20240516,anchor,0.19670838047512168,0.08552475468275529,0.3078920062674881
stable_spring,20240517,anchor,0.20119002115857237,0.10295858077485338,0.2994214615422914
stable_spring,20240518,anchor,0.23073667167545459,0.1017304449102924,0.3597428984406168
stable_spring,20240519,anchor,0.20673959631167965,0.09366221938991079,0.3198169732334485
stable_spring,20240520,anchor,0.2026666237214228,0.07618111166901068,0.32915213577383495
stable_spring,20240521,anchor,0.19979805013249405,0.07393073033494546,0.32566536993004264
stable_spring,20240522,anchor,0.2059348605417292,0.10383183077837348,0.3080378903050849
stable_spring,20240523,anchor,0.1902350173001339,0.07291649852818431,0.30755353607208347
stable_spring,20240524,anchor,0.18965242612517672,0.07509987375110373,0.3042049784992497
stable_spring,20240525,anchor,0.1977974274706178,0.08179404808166083,0.3138008068595748
stable_spring,20240526,anchor,0.226345230912474,0.12482886811476099,0.32786159371018697
stable_spring,20240527,anchor,0.19602037150753643,0.08396201454437249,0.30807872847070034
stable_spring,20240528,anchor,0.18239388107034268,0.08086680616244818,0.2839209559782372
stable_spring,20240530,anchor,0.20927844961201936,0.09845214281198604,0.32010475641205266
stable_spring,20240531,anchor,0.20519070618973367,0.07323527606731237,0.33714613631215495
stable_spring,20240601,anchor,0.20050926040201517,0.09007173879105015,0.3109467820129802
stable_spring,20240602,anchor,0.19391805432481596,0.09235693787666627,0.29547917077296565
stable_spring,20240603,anchor,0.21631055738986996,0.08631342222277637,0.34630769255696353
stable_spring,20240604,anchor,0.20473839589207599,0.08072416020977374,0.32875263157437823
stable_spring,20240605,anchor,0.21025659827499704,0.08081500590418297,0.33969819064581114
stable_spring,20240606,anchor,0.19596589477210064,0.07423675154857076,0.3176950379956305
stable_spring,20240607,anchor,0.2125718961771315,0.0848128119895209,0.3403309803647421
stable_spring,20240608,anchor,0.2078322705430272,0.09517621529771901,0.32048832578833536
stable_spring,20240609,anchor,0.19121621162744856,0.09352477599877908,0.28890764725611806
stable_spring,20240610,anchor,0.21754237088499428,0.08891706036255856,0.34616768140743
stable_spring,20240611,anchor,0.2047044035402049,0.07933899908515397,0.3300698079952558
stable_spring,20240612,anchor,0.20950226056209242,0.07852769480736241,0.3404768263168224
stable_spring,20240613,anchor,0.19254807901460602,0.08370993205955206,0.30138622596965997
stable_spring,20240415,anchor_rts,0.1993059054004762,0.08498927749391959,0.3136225333070328
stable_spring,20240416,anchor_rts,0.21665769785567654,0.09746508320299935,0.33585031250835373
stable_spring,20240417,anchor_rts,0.18960091565538184,0.07857489517241248,0.3006269361383512
stable_spring,20240418,anchor_rts,0.1972552167368794,0.08168739358763481,0.312823039886124
stable_spring,20240419,anchor_rts,0.2145655022796776,0.0930108159813171,0.3361201885780381
stable_spring,20240420,anchor_rts,0.20070197805265372,0.08636860674583816,0.31503534935946925
stable_spring,20240421,anchor_rts,0.19457802881161387,0.10288298833784369,0.28627306928538404
stable_spring,20240422,anchor_rts,0.19111777466083674,0.08333554960467993,0.29889999971699355
stable_spring,20240423,anchor_rts,0.2008774355561096,0.07935616543718017,0.32239870567503903
stable_spring,20240424,anchor_rts,0.18105927347568515,0.08182603182494767,0.2802925151264226
stable_spring,20240425,anchor_rts,0.2052242595714932,0.09503415366084092,0.3154143654821455
stable_spring,20240427,anchor_rts,0.2113882139665107,0.09399283695390201,0.32878359097911936
stable_spring,20240428,anchor_rts,0.21745798069019537,0.11622946269727687,0.3186864986831139
stable_spring,20240429,anchor_rts,0.23705173844390695,0.10298089365209562,0.3711225832357183
stable_spring,20240430,anchor_rts,0.19467982853056334,0.07856476268496614,0.31079489437616054
stable_spring,20240501,anchor_rts,0.21175145058239067,0.08121834573992881,0.34228455542485253
stable_spring,20240502,anchor_rts,0.2251229363191356,0.07504743459235552,0.3751984380459157
stable_spring,20240503,anchor_rts,0.24486688016944325,0.14484430332624498,0.3448894570126415
stable_spring,20240504,anchor_rts,0.22862666126795542,0.10635118390999092,0.3509021386259199
stable_spring,20240505,anchor_rts,0.22662439803786416,0.12851821432442595,0.32473058175130237
stable_spring,20240506,anchor_rts,0.23926590137202952,0.1317967110440665,0.3467350916999925
stable_spring,20240507,anchor_rts,0.2133212675347447,0.09310178226709319,0.3335407528023962
stable_spring,20240508,anchor_rts,0.19496170963698092,0.07878394606640478,0.3111394732075571
stable_spring,20240509,anchor_rts,0.2221222305082674,0.0828199793618046,0.3614244816547302
stable_spring,20240510,anchor_rts,0.21468345166066005,0.0821121475965864,0.3472547557247337
stable_spring,20240511,anchor_rts,0.20113544596897198,0.07099499811548668,0.3312758938224573
stable_spring,20240512,anchor_rts,0.19248106727007225,0.08790582411660822,0.2970563104235363
stable_spring,20240513,anchor_rts,0.19920189178849912,0.08196270335884148,0.31644108021815676
stable_spring,20240514,anchor_rts,0.20652662949460288,0.094526685358459,0.31852657363074677
stable_spring,20240515,anchor_rts,0.21139676903989837,0.08525960162362493,0.3375339364561718
stable_spring,20240516,anchor_rts,0.19279176864668074,0.0819496214995786,0.30363391579378285
stable_spring,20240517,anchor_rts,0.19537412749019462,0.09240818633262017,0.2983400686477691
stable_spring,20240518,anchor_rts,0.223932095577945,0.09477748573531146,0.3530867054205785
stable_spring,20240519,anchor_rts,0.1977485567456911,0.08695879155433507,0.30853832193704717
stable_spring,20240520,anchor_rts,0.20152891381281357,0.07279017368400151,0.33026765394162566
stable_spring,20240521,anchor_rts,0.19961695170891308,0.0709746918324039,0.32825921158542226
stable_spring,20240522,anchor_rts,0.2008086935399505,0.0964569001651566,0.3051604869147444
stable_spring,20240523,anchor_rts,0.19073965246915242,0.0726058268270521,0.3088734781112527
stable_spring,20240524,anchor_rts,0.18985951196407447,0.07697771787129176,0.3027413060568572
stable_spring,20240525,anchor_rts,0.19517292680647005,0.07892479262551666,0.31142106098742345
stable_spring,20240526,anchor_rts,0.21693830380357118,0.11633097535055954,0.31754563225658283
stable_spring,20240527,anchor_rts,0.19732060947594443,0.08545523448018993,0.3091859844716989
stable_spring,20240528,anchor_rts,0.17523338119866141,0.07575362955437136,0.27471313284295146
stable_spring,20240530,anchor_rts,0.20757572755100417,0.09395070855161378,0.3212007465503946
stable_spring,20240531,anchor_rts,0.20297825189897412,0.0728368549483404,0.3331196488496078
stable_spring,20240601,anchor_rts,0.19791032572575162,0.08380346395568991,0.3120171874958133
stable_spring,20240602,anchor_rts,0.189809531555864,0.08819473660239396,0.29142432650933403
stable_spring,20240603,anchor_rts,0.21760427395800166,0.08916260289025296,0.34604594502575037
stable_spring,20240604,anchor_rts,0.2053587521407484,0.07930781339120278,0.331409690890294
stable_spring,20240605,anchor_rts,0.20561732377138056,0.07654639143811838,0.33468825610464276
stable_spring,20240606,anchor_rts,0.19501337734282284,0.07532985148086156,0.3146969032047841
stable_spring,20240607,anchor_rts,0.2052791541177583,0.08041879236588458,0.330139515869632
stable_spring,20240608,anchor_rts,0.20393335038193178,0.09624656997237707,0.3116201307914865
stable_spring,20240609,anchor_rts,0.1890398000174309,0.09134810080962653,0.2867314992252353
stable_spring,20240610,anchor_rts,0.21802001857654552,0.08876888064990615,0.34727115650318485
stable_spring,20240611,anchor_rts,0.2011926221138493,0.07724359986628009,0.3251416443614185
stable_spring,20240612,anchor_rts,0.2056150589669461,0.07716269311257243,0.33406742482131974
stable_spring,20240613,anchor_rts,0.19243400161826624,0.08171699226336009,0.3031510109731724
stable_spring,20240415,anchor_rts_fullgrid,0.19969978237004887,0.08203077484021379,0.317368789899884
stable_spring,20240416,anchor_rts_fullgrid,0.21582118676226356,0.09516262283623296,0.33647975068829417
stable_spring,20240417,anchor_rts_fullgrid,0.18989931498664378,0.07713228180902863,0.3026663481642589
stable_spring,20240418,anchor_rts_fullgrid,0.1985830197550546,0.0823705354889298,0.3147955040211794
stable_spring,20240419,anchor_rts_fullgrid,0.2126886733692273,0.08998970291677034,0.3353876438216843
stable_spring,20240420,anchor_rts_fullgrid,0.20353632624769316,0.09156536323475657,0.31550728926062976
stable_spring,20240421,anchor_rts_fullgrid,0.1996543338862538,0.108548927087483,0.29075974068502464
stable_spring,20240422,anchor_rts_fullgrid,0.19176411436873342,0.08277084311483017,0.30075738562263665
stable_spring,20240423,anchor_rts_fullgrid,0.2047233270878024,0.0818829268240632,0.32756372735154154
stable_spring,20240424,anchor_rts_fullgrid,0.1794844401389279,0.07940681025075336,0.2795620700271024
stable_spring,20240425,anchor_rts_fullgrid,0.20424089873543555,0.09215418313561002,0.3163276143352611
stable_spring,20240427,anchor_rts_fullgrid,0.2126964116369997,0.09651570475989277,0.32887711851410667
stable_spring,20240428,anchor_rts_fullgrid,0.2221230114395354,0.12460694056998849,0.3196390823090823
stable_spring,20240429,anchor_rts_fullgrid,0.23876506157083888,0.10423016355982764,0.37329995958185014
stable_spring,20240430,anchor_rts_fullgrid,0.19778351475715,0.07984490898282423,0.3157221205314758
stable_spring,20240501,anchor_rts_fullgrid,0.21236206913337313,0.08203269664307954,0.3426914416236667
stable_spring,20240502,anchor_rts_fullgrid,0.22476796532101778,0.07408510785506751,0.37545082278696806
stable_spring,20240503,anchor_rts_fullgrid,0.24785718785055402,0.147777152107544,0.34793722359356405
stable_spring,20240504,anchor_rts_fullgrid,0.23355985488401443,0.10864917480757878,0.35847053496045006
stable_spring,20240505,anchor_rts_fullgrid,0.2335853112465477,0.13672224043022185,0.3304483820628735
stable_spring,20240506,anchor_rts_fullgrid,0.23861386119195965,0.1310365247725031,0.3461911976114162
stable_spring,20240507,anchor_rts_fullgrid,0.21270811413837645,0.09317455398251893,0.33224167429423396
stable_spring,20240508,anchor_rts_fullgrid,0.1957781385189623,0.08006637705007003,0.3114898999878546
stable_spring,20240509,anchor_rts_fullgrid,0.22251355134096967,0.0834126479733128,0.3616144547086265
stable_spring,20240510,anchor_rts_fullgrid,0.21478085068580954,0.08235223683438153,0.34720946453723756
stable_spring,20240511,anchor_rts_fullgrid,0.20183816573966987,0.07327748019131027,0.3303988512880295
stable_spring,20240512,anchor_rts_fullgrid,0.19385805084862945,0.09144176184838651,0.2962743398488724
stable_spring,20240513,anchor_rts_fullgrid,0.20000980291202397,0.08384120619363963,0.3161783996304083
stable_spring,20240514,anchor_rts_fullgrid,0.204181365278333,0.09064675193091772,0.3177159786257483
stable_spring,20240515,anchor_rts_fullgrid,0.2105462392929704,0.08435122366506756,0.33674125492087326
stable_spring,20240516,anchor_rts_fullgrid,0.19344806123593805,0.08343982746827236,0.30345629500360377
stable_spring,20240517,anchor_rts_fullgrid,0.1954779607012308,0.0929715074942927,0.29798441390816893
stable_spring,20240518,anchor_rts_fullgrid,0.22636469248330848,0.09751449918627296,0.355214885780344
stable_spring,20240519,anchor_rts_fullgrid,0.20247877996705985,0.09094408523320625,0.31401347470091345
stable_spring,20240520,anchor_rts_fullgrid,0.20152523211247625,0.0727346349528768,0.3303158292720757
stable_spring,20240521,anchor_rts_fullgrid,0.20119747798838905,0.07228494249087017,0.33011001348590796
stable_spring,20240522,anchor_rts_fullgrid,0.2005627479549202,0.0960413612588174,0.305084134651023
stable_spring,20240523,anchor_rts_fullgrid,0.19021131972455702,0.07188558855438726,0.30853705089472677
stable_spring,20240524,anchor_rts_fullgrid,0.1893442539703784,0.0769332844765151,0.3017552234642417
stable_spring,20240525,anchor_rts_fullgrid,0.19554710844185344,0.08048636797762765,0.31060784890607923
stable_spring,20240526,anchor_rts_fullgrid,0.22151989336405425,0.1206988541604632,0.3223409325676453
stable_spring,20240527,anchor_rts_fullgrid,0.19800262996041654,0.08812317149579026,0.30788208842504283
stable_spring,20240528,anchor_rts_fullgrid,0.17463406962237887,0.07454121633487135,0.27472692290988643
stable_spring,20240530,anchor_rts_fullgrid,0.20870829135501437,0.09619421082298697,0.3212223718870418
stable_spring,20240531,anchor_rts_fullgrid,0.20411282255069585,0.07468377380449637,0.33354187129689533
stable_spring,20240601,anchor_rts_fullgrid,0.19816744817903492,0.08625203488612512,0.31008286147194475
stable_spring,20240602,anchor_rts_fullgrid,0.19125495774410967,0.09027629900298886,0.29223361648523044
stable_spring,20240603,anchor_rts_fullgrid,0.21977487225322345,0.093375228545461,0.3461745159609859
stable_spring,20240604,anchor_rts_fullgrid,0.20649456181579223,0.08034983687460621,0.33263928675697824
stable_spring,20240605,anchor_rts_fullgrid,0.20595228207759086,0.07674884713429139,0.33515571702089036
stable_spring,20240606,anchor_rts_fullgrid,0.19616045070377353,0.07695848659367918,0.31536241481386784
stable_spring,20240607,anchor_rts_fullgrid,0.2059657954640138,0.07947968363503456,0.33245190729299307
stable_spring,20240608,anchor_rts_fullgrid,0.20359865176163533,0.09335118778510845,0.31384611573816223
stable_spring,20240609,anchor_rts_fullgrid,0.1887625656188794,0.09126544961107996,0.28625968162667886
stable_spring,20240610,anchor_rts_fullgrid,0.21869906229998934,0.09260367774306061,0.34479444685691807
stable_spring,20240611,anchor_rts_fullgrid,0.20374533245875354,0.08070752033983143,0.32678314457767565
stable_spring,20240612,anchor_rts_fullgrid,0.20930185837070028,0.08298772002057388,0.3356159967208267
stable_spring,20240613,anchor_rts_fullgrid,0.19184071702240127,0.08269866160988598,0.30098277243491656
stable_spring,20240415,anchor_rts_fm,0.20844088218469603,0.10325923106235922,0.3136225333070328
stable_spring,20240416,anchor_rts_fm,0.23071035328560419,0.1255703940628546,0.33585031250835373
stable_spring,20240417,anchor_rts_fm,0.19811823206255869,0.09560952798676617,0.3006269361383512
stable_spring,20240418,anchor_rts_fm,0.2020406135075754,0.09125818712902682,0.312823039886124
stable_spring,20240419,anchor_rts_fm,0.22164626456030515,0.1071723405425722,0.3361201885780381
stable_spring,20240420,anchor_rts_fm,0.20290181263583074,0.09076827591219225,0.31503534935946925
stable_spring,20240421,anchor_rts_fm,0.19739564998021747,0.10851823067505093,0.28627306928538404
stable_spring,20240422,anchor_rts_fm,0.19447509550142913,0.09005019128586474,0.29889999971699355
stable_spring,20240423,anchor_rts_fm,0.20141167029277782,0.0804246349105166,0.32239870567503903
stable_spring,20240424,anchor_rts_fm,0.18479081028849897,0.08928910545057533,0.2802925151264226
stable_spring,20240425,anchor_rts_fm,0.20937019919778566,0.10332603291342582,0.3154143654821455
stable_spring,20240427,anchor_rts_fm,0.2132643093492154,0.09774502771931143,0.32878359097911936
stable_spring,20240428,anchor_rts_fm,0.21898890775526358,0.1192913168274133,0.3186864986831139
stable_spring,20240429,anchor_rts_fm,0.23343659725157342,0.09575061126742855,0.3711225832357183
stable_spring,20240430,anchor_rts_fm,0.1941388610857809,0.07748282779540129,0.31079489437616054
stable_spring,20240501,anchor_rts_fm,0.21786191918164025,0.09343928293842796,0.34228455542485253
stable_spring,20240502,anchor_rts_fm,0.22301975755572082,0.07084107706552596,0.3751984380459157
stable_spring,20240503,anchor_rts_fm,0.240203267677923,0.13551707834320445,0.3448894570126415
stable_spring,20240504,anchor_rts_fm,0.22996514410144456,0.10902814957696921,0.3509021386259199
stable_spring,20240505,anchor_rts_fm,0.22818088744574344,0.13163119314018454,0.32473058175130237
stable_spring,20240506,anchor_rts_fm,0.23391117705238912,0.12108726240478576,0.3467350916999925
stable_spring,20240507,anchor_rts_fm,0.21900477449934713,0.10446879619629809,0.3335407528023962
stable_spring,20240508,anchor_rts_fm,0.1996446076041435,0.08814974200072989,0.3111394732075571
stable_spring,20240509,anchor_rts_fm,0.2253916498491328,0.0893588180435354,0.3614244816547302
stable_spring,20240510,anchor_rts_fm,0.21544442557948115,0.08363409543422863,0.3472547557247337
stable_spring,20240511,anchor_rts_fm,0.2005822967777593,0.06988869973306125,0.3312758938224573
stable_spring,20240512,anchor_rts_fm,0.19225003816907893,0.08744376591462155,0.2970563104235363
stable_spring,20240513,anchor_rts_fm,0.20155425354698306,0.08666742687580936,0.31644108021815676
stable_spring,20240514,anchor_rts_fm,0.20492546628639202,0.09132435894203725,0.31852657363074677
stable_spring,20240515,anchor_rts_fm,0.21175064038745886,0.08596734431874593,0.3375339364561718
stable_spring,20240516,anchor_rts_fm,0.1932637769211052,0.08289363804842752,0.30363391579378285
stable_spring,20240517,anchor_rts_fm,0.19198424108867296,0.08562841352957681,0.2983400686477691
stable_spring,20240518,anchor_rts_fm,0.2226931447013454,0.09229958398211228,0.3530867054205785
stable_spring,20240519,anchor_rts_fm,0.19733213967648172,0.08612595741591629,0.30853832193704717
stable_spring,20240520,anchor_rts_fm,0.20140309664782288,0.07253853935402012,0.33026765394162566
stable_spring,20240521,anchor_rts_fm,0.20070953207633901,0.07315985256725574,0.32825921158542226
stable_spring,20240522,anchor_rts_fm,0.19891169998233077,0.09266291304991714,0.3051604869147444
stable_spring,20240523,anchor_rts_fm,0.1906538821241046,0.07243428613695654,0.3088734781112527
stable_spring,20240524,anchor_rts_fm,0.1913040951393726,0.07986688422188803,0.3027413060568572
stable_spring,20240525,anchor_rts_fm,0.19416437095039407,0.0769076809133647,0.31142106098742345
stable_spring,20240526,anchor_rts_fm,0.2157899707434574,0.114034309230332,0.31754563225658283
stable_spring,20240527,anchor_rts_fm,0.1986590775200652,0.08813217056843146,0.3091859844716989
stable_spring,20240528,anchor_rts_fm,0.17496308282256,0.07521303280216855,0.27471313284295146
stable_spring,20240530,anchor_rts_fm,0.2060030792189873,0.09080541188758003,0.3212007465503946
stable_spring,20240531,anchor_rts_fm,0.20307908823588897,0.0730385276221701,0.3331196488496078
stable_spring,20240601,anchor_rts_fm,0.19534529735608183,0.07867340721635036,0.3120171874958133
stable_spring,20240602,anchor_rts_fm,0.18882313425682257,0.08622194200431113,0.29142432650933403
stable_spring,20240603,anchor_rts_fm,0.21813018986170132,0.0902144346976523,0.34604594502575037
stable_spring,20240604,anchor_rts_fm,0.20556517186553594,0.0797206528407779,0.331409690890294
stable_spring,20240605,anchor_rts_fm,0.20433833085033737,0.07398840559603201,0.33468825610464276
stable_spring,20240606,anchor_rts_fm,0.1951172099690575,0.07553751673333088,0.3146969032047841
stable_spring,20240607,anchor_rts_fm,0.20451620996706343,0.07889290406449487,0.330139515869632
stable_spring,20240608,anchor_rts_fm,0.20219793612613451,0.09277574146078255,0.3116201307914865
stable_spring,20240609,anchor_rts_fm,0.1869116386158004,0.08709177800636554,0.2867314992252353
stable_spring,20240610,anchor_rts_fm,0.21784169479907836,0.08841223309497187,0.34727115650318485
stable_spring,20240611,anchor_rts_fm,0.1999694002342078,0.07479715610699712,0.3251416443614185
stable_spring,20240612,anchor_rts_fm,0.2040305401027153,0.07399365538411085,0.33406742482131974
stable_spring,20240613,anchor_rts_fm,0.19291383656750294,0.08267666216183353,0.3031510109731724
stable_spring,20240415,final,0.20774957936434402,0.10187662542165521,0.3136225333070328
stable_spring,20240416,final,0.22967885422560524,0.12350739594285676,0.33585031250835373
stable_spring,20240417,final,0.19755388591781672,0.09448083569728227,0.3006269361383512
stable_spring,20240418,final,0.20185181006311356,0.09088058024010313,0.312823039886124
stable_spring,20240419,final,0.22202340310851645,0.10792661763899479,0.3361201885780381
stable_spring,20240420,final,0.20223634540474877,0.08943734145002831,0.31503534935946925
stable_spring,20240421,final,0.19677082270892912,0.10726857613247422,0.28627306928538404
stable_spring,20240422,final,0.1937129280630095,0.08852585640902545,0.29889999971699355
stable_spring,20240423,final,0.20089068730741094,0.07938266893978285,0.32239870567503903
stable_spring,20240424,final,0.18432059968530257,0.08834868424418255,0.2802925151264226
stable_spring,20240425,final,0.20916585308083768,0.10291734067952983,0.3154143654821455
stable_spring,20240427,final,0.2128277090709582,0.09687182716279702,0.32878359097911936
stable_spring,20240428,final,0.2183931366258307,0.1180997745685475,0.3186864986831139
stable_spring,20240429,final,0.23392454213977176,0.09672650104382532,0.37112258323571823
stable_spring,20240430,final,0.1938695351845207,0.07694417599288088,0.31079489437616054
stable_spring,20240501,final,0.21754369170346158,0.09280282798207064,0.34228455542485253
stable_spring,20240502,final,0.22292349576995638,0.07064855349399707,0.3751984380459157
stable_spring,20240503,final,0.23970739595533813,0.13452533489803478,0.3448894570126415
stable_spring,20240504,final,0.2298107064962308,0.10871927436654172,0.3509021386259199
stable_spring,20240505,final,0.22779406809632258,0.13085755444134275,0.32473058175130237
stable_spring,20240506,final,0.2339080899260603,0.12108108815212809,0.3467350916999925
stable_spring,20240507,final,0.2181169605366748,0.10269316827095339,0.3335407528023962
stable_spring,20240508,final,0.19914933524381304,0.087159197280069,0.3111394732075571
stable_spring,20240509,final,0.22511115127951564,0.08879782090430108,0.3614244816547302
stable_spring,20240510,final,0.2154780587831076,0.08370136184148153,0.3472547557247337
stable_spring,20240511,final,0.2005276030755035,0.06977931232854966,0.3312758938224573
stable_spring,20240512,final,0.19184055714793333,0.08662480387233033,0.2970563104235363
stable_spring,20240513,final,0.2015456637144891,0.08665024721082144,0.31644108021815676
stable_spring,20240514,final,0.20476474881303955,0.09100292399533234,0.31852657363074677
stable_spring,20240515,final,0.2115270347571271,0.08552013305808241,0.3375339364561718
stable_spring,20240516,final,0.19299757351736954,0.08236123124095623,0.30363391579378285
stable_spring,20240517,final,0.19156761562235552,0.08479516259694196,0.2983400686477691
stable_spring,20240518,final,0.22218405278752146,0.09128140015446433,0.3530867054205786
stable_spring,20240519,final,0.1972504158973797,0.08596250985771225,0.30853832193704717
stable_spring,20240520,final,0.2013747493534386,0.07248184476525156,0.33026765394162566
stable_spring,20240521,final,0.20035760171522132,0.07245599184502036,0.32825921158542226
stable_spring,20240522,final,0.19845291388757966,0.09174534086041493,0.3051604869147444
stable_spring,20240523,final,0.19026534135880868,0.07165720460636466,0.3088734781112527
stable_spring,20240524,final,0.19186007681714845,0.0809788475774397,0.3027413060568572
stable_spring,20240525,final,0.1941595698681854,0.07689807874894733,0.31142106098742345
stable_spring,20240526,final,0.21525263473978307,0.1129596372229833,0.31754563225658283
stable_spring,20240527,final,0.19850149335716288,0.08781700224262687,0.3091859844716989
stable_spring,20240528,final,0.17508628146935168,0.07545943009575193,0.27471313284295146
stable_spring,20240530,final,0.20563257823186262,0.09006440991333066,0.3212007465503946
stable_spring,20240531,final,0.20331214480100435,0.07350464075240085,0.3331196488496078
stable_spring,20240601,final,0.1954049689097975,0.07879275032378168,0.3120171874958133
stable_spring,20240602,final,0.18828538635358344,0.08514644619783282,0.29142432650933403
stable_spring,20240603,final,0.21808579781764237,0.09012565060953437,0.34604594502575037
stable_spring,20240604,final,0.20547942951195672,0.07954916813361947,0.331409690890294
stable_spring,20240605,final,0.20422950524941394,0.07377075439418512,0.33468825610464276
stable_spring,20240606,final,0.1949366936736989,0.07517648414261369,0.3146969032047841
stable_spring,20240607,final,0.20408754486087485,0.07803557385211767,0.330139515869632
stable_spring,20240608,final,0.20164464137114324,0.0916691519508,0.3116201307914865
stable_spring,20240609,final,0.18646540952327256,0.08619931982130986,0.2867314992252353
stable_spring,20240610,final,0.21729586853512445,0.08732058056706403,0.34727115650318485
stable_spring,20240611,final,0.19987821003053438,0.07461477569965023,0.3251416443614185
stable_spring,20240612,final,0.20386583892689214,0.07366425303246456,0.33406742482131974
stable_spring,20240613,final,0.1931777919420567,0.08320457291094102,0.3031510109731724
stable_summer,20240614,april_mean,0.22384182913235037,0.10284901075917158,0.34483464750552917
stable_summer,20240615,april_mean,0.20282452318500593,0.108830069772034,0.2968189765979779
stable_summer,20240616,april_mean,0.22166521344461101,0.1141969606453358,0.32913346624388623
stable_summer,20240617,april_mean,0.2177117816395692,0.10669560038229513,0.32872796289684325
stable_summer,20240618,april_mean,0.23064390018568875,0.1026499685217788,0.3586378318495987
stable_summer,20240619,april_mean,0.22025912809967813,0.115369105163199,0.32514915103615727
stable_summer,20240620,april_mean,0.21199919703770165,0.10216541075539913,0.32183298332000415
stable_summer,20240621,april_mean,0.21444258364637145,0.07809220889078193,0.35079295840196095
stable_summer,20240622,april_mean,0.20009698711292634,0.0848824614362648,0.3153115127895879
stable_summer,20240623,april_mean,0.217583998829761,0.10529897165931802,0.329869026000204
stable_summer,20240624,april_mean,0.22461193504758642,0.1029257386799898,0.34629813141518306
stable_summer,20240625,april_mean,0.24031282728079528,0.12316817939833538,0.35745747516325516
stable_summer,20240626,april_mean,0.25660872839647025,0.10998633755820665,0.4032311192347338
stable_summer,20240627,april_mean,0.2293363613649736,0.11832408285823351,0.3403486398717137
stable_summer,20240628,april_mean,0.22459659821123873,0.09158846263508799,0.35760473378738944
stable_summer,20240629,april_mean,0.22486794464702647,0.1046362700208557,0.34509961927319727
stable_summer,20240630,april_mean,0.23119294301992355,0.10729266801279534,0.35509321802705174
stable_summer,20240701,april_mean,0.23079607254152584,0.10816663521095332,0.35342550987209836
stable_summer,20240702,april_mean,0.2564067074249486,0.14696927764065618,0.365844137209241
stable_summer,20240703,april_mean,0.23329542198056982,0.0993042293864787,0.36728661457466094
stable_summer,20240704,april_mean,0.22823916217845705,0.10642152817743296,0.35005679617948116
stable_summer,20240705,april_mean,0.2632148745616652,0.21790706454120773,0.3085226845821227
stable_summer,20240706,april_mean,0.3182264541179196,0.2827254881371822,0.3537274200986571
stable_summer,20240707,april_mean,0.22329315626033744,0.11904155129232212,0.32754476122835274
stable_summer,20240709,april_mean,0.22602298045028868,0.11025999599708533,0.34178596490349206
stable_summer,20240710,april_mean,0.23778337689688042,0.09615374397082656,0.3794130098229343
stable_summer,20240711,april_mean,0.23087866328038775,0.101139482822911,0.3606178437378645
stable_summer,20240712,april_mean,0.23297732011165528,0.09111692592180981,0.37483771430150076
stable_summer,20240713,april_mean,0.2543987149680972,0.1739907686314587,0.33480666130473563
stable_summer,20240714,april_mean,0.25032975569322047,0.14586125107241016,0.35479826031403083
stable_summer,20240715,april_mean,0.21448414393463255,0.13899900340606838,0.28996928446319675
stable_summer,20240716,april_mean,0.2036219492340957,0.07808255735532596,0.32916134111286544
stable_summer,20240717,april_mean,0.2605969264648134,0.12202525718407516,0.3991685957455517
stable_summer,20240718,april_mean,0.22531800581152506,0.09331303866537216,0.35732297295767795
stable_summer,20240719,april_mean,0.2152965392724424,0.08338697827202414,0.3472061002728607
stable_summer,20240720,april_mean,0.2175686680233517,0.12637572816076104,0.30876160788594237
stable_summer,20240721,april_mean,0.21635662545104553,0.13434880172604724,0.2983644491760438
stable_summer,20240722,april_mean,0.2102992450099013,0.08858455501848866,0.33201393500131393
stable_summer,20240723,april_mean,0.21560022746607355,0.09935784717266155,0.33184260775948554
stable_summer,20240724,april_mean,0.2309690605806386,0.10170930309028595,0.3602288180709913
stable_summer,20240725,april_mean,0.21705707742112673,0.08698861591769799,0.34712553892455544
stable_summer,20240726,april_mean,0.2295167713061167,0.08045455666249919,0.3785789859497342
stable_summer,20240727,april_mean,0.25389699784798403,0.11898368302218465,0.38881031267378346
stable_summer,20240728,april_mean,0.23987886191088337,0.14923478897421374,0.33052293484755296
stable_summer,20240729,april_mean,0.20287546369316595,0.0982791973631347,0.30747173002319717
stable_summer,20240730,april_mean,0.24055194767235158,0.10352547980513482,0.37757841553956834
stable_summer,20240731,april_mean,0.2436366081127667,0.09409075130732808,0.3931824649182053
stable_summer,20240801,april_mean,0.20103965871894677,0.09999108186292839,0.30208823557496517
stable_summer,20240802,april_mean,0.18851110526883982,0.07989655997753851,0.2971256505601411
stable_summer,20240803,april_mean,0.33389558559027954,0.18860488177114706,0.47918628940941205
stable_summer,20240804,april_mean,0.24893864570246865,0.1456721093337193,0.35220518207121804
stable_summer,20240805,april_mean,0.2146177206590761,0.09604734853773685,0.3331880927804154
stable_summer,20240806,april_mean,0.20346473625404404,0.0929525452608213,0.3139769272472668
stable_summer,20240807,april_mean,0.19309856765311179,0.08902311502949917,0.2971740202767244
stable_summer,20240808,april_mean,0.19992449429097384,0.09473759400554987,0.3051113945763978
stable_summer,20240809,april_mean,0.20619376907351383,0.08406093757213426,0.32832660057489343
stable_summer,20240810,april_mean,0.19261956929346852,0.11079746357492934,0.27444167501200767
stable_summer,20240811,april_mean,0.23260733265749534,0.1281806513569039,0.33703401395808674
stable_summer,20240812,april_mean,0.21195530832394224,0.11254673202994166,0.31136388461794284
stable_summer,20240614,novdec_mean,0.21105301846870422,0.08247917086604509,0.33962686607136333
stable_summer,20240615,novdec_mean,0.2282531816075624,0.13225755184016746,0.3242488113749573
stable_summer,20240616,novdec_mean,0.2477593138005475,0.1244355284119252,0.37108309918916976
stable_summer,20240617,novdec_mean,0.20196175825497018,0.08784972113970334,0.316073795370237
stable_summer,20240618,novdec_mean,0.20317012627183464,0.07681282084243064,0.32952743170123866
stable_summer,20240619,novdec_mean,0.2019035623931543,0.09584811961408268,0.3079590051722259
stable_summer,20240620,novdec_mean,0.20005442735451956,0.07687240279442689,0.3232364519146122
stable_summer,20240621,novdec_mean,0.20172421055073245,0.07878693613242509,0.3246614849690398
stable_summer,20240622,novdec_mean,0.22205827284494378,0.10873179459609919,0.3353847510937884
stable_summer,20240623,novdec_mean,0.2578342252003166,0.11339178420109106,0.4022766661995422
stable_summer,20240624,novdec_mean,0.20931873808305101,0.08834940322786153,0.33028807293824053
stable_summer,20240625,novdec_mean,0.21823254993520172,0.09572396196622372,0.3407411379041797
stable_summer,20240626,novdec_mean,0.2327379746943194,0.09369578356679079,0.371780165821848
stable_summer,20240627,novdec_mean,0.20970568823301536,0.09906346703945258,0.32034790942657815
stable_summer,20240628,novdec_mean,0.20817332673458327,0.07752404292890692,0.33882261054025964
stable_summer,20240629,novdec_mean,0.23852536175006472,0.11519118795239083,0.36185953554773864
stable_summer,20240630,novdec_mean,0.2703495483768018,0.12439020243820731,0.41630889431539625
stable_summer,20240701,novdec_mean,0.2036341715935594,0.0832670201255638,0.324001323061555
stable_summer,20240702,novdec_mean,0.23894713578125204,0.1212910175281604,0.3566032540343437
stable_summer,20240703,novdec_mean,0.2085046124961661,0.07885573758679129,0.3381534874055409
stable_summer,20240704,novdec_mean,0.21737559557901412,0.08710705173011192,0.34764413942791633
stable_summer,20240705,novdec_mean,0.27341672726147226,0.205877251116022,0.34095620340692256
stable_summer,20240706,novdec_mean,0.3324041891748445,0.27970964088751016,0.38509873746217876
stable_summer,20240707,novdec_mean,0.2591069076092156,0.12671869895944496,0.3914951162589863
stable_summer,20240709,novdec_mean,0.2073946941214336,0.09103997246348437,0.3237494157793828
stable_summer,20240710,novdec_mean,0.22514831357045784,0.08751918261249446,0.3627774445284212
stable_summer,20240711,novdec_mean,0.21199288547464765,0.08531415982358537,0.3386716111257099
stable_summer,20240712,novdec_mean,0.21997546481537888,0.09105291489440745,0.34889801473635035
stable_summer,20240713,novdec_mean,0.272252240210741,0.18538946706783488,0.35911501335364715
stable_summer,20240714,novdec_mean,0.29258276642207887,0.17612193978764376,0.409043593056514
stable_summer,20240715,novdec_mean,0.2426821707753493,0.16441416200682557,0.320950179543873
stable_summer,20240716,novdec_mean,0.19255507894396004,0.07404783039225653,0.31106232749566354
stable_summer,20240717,novdec_mean,0.2470818811672849,0.10823015099668368,0.3859336113378862
stable_summer,20240718,novdec_mean,0.2263735893567268,0.0839767874822536,0.36877039123120003
stable_summer,20240719,novdec_mean,0.21562623949479143,0.09550105064867824,0.3357514283409046
stable_summer,20240720,novdec_mean,0.24134350192455462,0.14688061273631986,0.33580639111278937
stable_summer,20240721,novdec_mean,0.26131856750736815,0.1596237963736074,0.36301333864112884
stable_summer,20240722,novdec_mean,0.21187383370699564,0.08288474764738174,0.34086291976660954
stable_summer,20240723,novdec_mean,0.21097972195228,0.09229408040601032,0.3296653634985497
stable_summer,20240724,novdec_mean,0.21499570281036778,0.08481650571067675,0.34517489991005884
stable_summer,20240725,novdec_mean,0.21078136869042,0.08250522889564459,0.3390575084851954
stable_summer,20240726,novdec_mean,0.21956243434317269,0.08308010748122899,0.35604476120511636
stable_summer,20240727,novdec_mean,0.2865420336988756,0.1433195104415453,0.42976455695620586
stable_summer,20240728,novdec_mean,0.2802846866610605,0.17345267717126744,0.38711669615085353
stable_summer,20240729,novdec_mean,0.21346903205240772,0.10508847713699383,0.3218495869678216
stable_summer,20240730,novdec_mean,0.22691081452523884,0.09126640256031031,0.36255522649016736
stable_summer,20240731,novdec_mean,0.23979847986341055,0.08857943080963794,0.39101752891718317
stable_summer,20240801,novdec_mean,0.20023276003670779,0.08338959870408169,0.3170759213693339
stable_summer,20240802,novdec_mean,0.20756816956080512,0.0957429284113922,0.31939341071021804
stable_summer,20240803,novdec_mean,0.3510279913343391,0.20108876190056402,0.5009672207681142
stable_summer,20240804,novdec_mean,0.29719713238946555,0.17304770075146103,0.42134656402747
stable_summer,20240805,novdec_mean,0.21778362508294657,0.0978794832776739,0.3376877668882192
stable_summer,20240806,novdec_mean,0.2084197528461285,0.1015160809821189,0.3153234247101381
stable_summer,20240807,novdec_mean,0.1981140645013376,0.08766605186186394,0.30856207714081124
stable_summer,20240808,novdec_mean,0.20176565448965372,0.09809305768684709,0.3054382512924604
stable_summer,20240809,novdec_mean,0.21039395890265083,0.10075123469958339,0.3200366831057183
stable_summer,20240810,novdec_mean,0.2349983706487629,0.14433358657160547,0.32566315472592033
stable_summer,20240811,novdec_mean,0.2721541468017943,0.15996274022100485,0.3843455533825837
stable_summer,20240812,novdec_mean,0.2578489503133771,0.13622413658827764,0.3794737640384766
stable_summer,20240614,anchor,0.21148636173803556,0.08301194466258531,0.3399607788134858
stable_summer,20240615,anchor,0.19039964520221514,0.09127472635404608,0.2895245640503842
stable_summer,20240616,anchor,0.20807599390790993,0.09481548967688844,0.3213364981389314
stable_summer,20240617,anchor,0.2004293397626915,0.08593864931522244,0.3149200302101606
stable_summer,20240618,anchor,0.1985970218907694,0.07250055680696003,0.3246934869745787
stable_summer,20240619,anchor,0.1955239380450407,0.08672398524913699,0.3043238908409444
stable_summer,20240620,anchor,0.19412873331298605,0.07462491201784982,0.3136325546081223
stable_summer,20240621,anchor,0.19734877804986178,0.07347090297983158,0.32122665311989196
stable_summer,20240622,anchor,0.18723911140648392,0.07112730000039304,0.3033509228125748
stable_summer,20240623,anchor,0.19382084461353025,0.10048078124263043,0.28716090798443006
stable_summer,20240624,anchor,0.20727604601628424,0.08677659328133826,0.32777549875123024
stable_summer,20240625,anchor,0.2058836813715538,0.08772050074501199,0.3240468619980956
stable_summer,20240626,anchor,0.2279326328824885,0.08770918548334156,0.36815608028163543
stable_summer,20240627,anchor,0.20751563767920034,0.09756883842346017,0.31746243693494053
stable_summer,20240628,anchor,0.2059482873944645,0.08181752580355854,0.33007904898537044
stable_summer,20240629,anchor,0.21167576544587052,0.09126472713069836,0.3320868037610427
stable_summer,20240630,anchor,0.1981434511784471,0.08402238876848474,0.31226451358840945
stable_summer,20240701,anchor,0.21593224903235284,0.09127574538223525,0.3405887526824704
stable_summer,20240702,anchor,0.2283962406152626,0.1175874790861886,0.3392050021443366
stable_summer,20240703,anchor,0.2067314072100448,0.07817912480472401,0.3352836896153656
stable_summer,20240704,anchor,0.21100934835860924,0.08839384297319283,0.3336248537440256
stable_summer,20240705,anchor,0.2640932697149022,0.21326490273122498,0.3149216366985794
stable_summer,20240706,anchor,0.3143035814197092,0.2826264735830885,0.3459806892563299
stable_summer,20240707,anchor,0.20692911860362165,0.11364171908568464,0.30021651812155864
stable_summer,20240709,anchor,0.20199413784029005,0.08811418611604,0.3158740895645401
stable_summer,20240710,anchor,0.2203636100409893,0.08007585598404478,0.36065136409793386
stable_summer,20240711,anchor,0.21218723583856341,0.08629514819285565,0.33807932348427117
stable_summer,20240712,anchor,0.22079569566770954,0.08819307644170186,0.3533983148937172
stable_summer,20240713,anchor,0.2472338073723632,0.1652215356725495,0.3292460790721769
stable_summer,20240714,anchor,0.21176745137475053,0.11947195108182462,0.30406295166767644
stable_summer,20240715,anchor,0.20671178784941713,0.13717432465114737,0.2762492510476869
stable_summer,20240716,anchor,0.18838590705931857,0.07067026041968114,0.30610155369895603
stable_summer,20240717,anchor,0.24074624036023134,0.10385709604540934,0.37763538467505336
stable_summer,20240718,anchor,0.21605309620668633,0.08149912727646161,0.3506070651369111
stable_summer,20240719,anchor,0.20959994002011656,0.08285282158806179,0.33634705845217133
stable_summer,20240720,anchor,0.20442031364461782,0.10023134384581409,0.30860928344342153
stable_summer,20240721,anchor,0.17855176051639954,0.10215061872208629,0.25495290231071277
stable_summer,20240722,anchor,0.20552237741849805,0.0833400412536165,0.3277047135833796
stable_summer,20240723,anchor,0.20124178286943323,0.09113276688957841,0.31135079884928807
stable_summer,20240724,anchor,0.2118926737397201,0.08353152398263969,0.3402538234968005
stable_summer,20240725,anchor,0.205628573383067,0.07941312919416735,0.33184401757196663
stable_summer,20240726,anchor,0.22142029576384034,0.07819254769397514,0.3646480438337055
stable_summer,20240727,anchor,0.23300806079011452,0.09311001421609306,0.372906107364136
stable_summer,20240728,anchor,0.20230151257639684,0.11226059850355599,0.2923424266492377
stable_summer,20240729,anchor,0.2035632742324167,0.09538301710687296,0.31174353135796046
stable_summer,20240730,anchor,0.21955570596036472,0.08785447202519756,0.35125693989553186
stable_summer,20240731,anchor,0.2345009973411034,0.08642331501224748,0.38257867966995934
stable_summer,20240801,anchor,0.18990905945977876,0.08688953970094604,0.2929285792186115
stable_summer,20240802,anchor,0.1895985751730212,0.07906626832432015,0.3001308820217222
stable_summer,20240803,anchor,0.3192167847833357,0.16750792289746713,0.4709256466692042
stable_summer,20240804,anchor,0.19397654113011648,0.10909957101801428,0.2788535112422187
stable_summer,20240805,anchor,0.2154646118480558,0.09100802721955775,0.33992119647655383
stable_summer,20240806,anchor,0.19733680716674207,0.08651652155796281,0.30815709277552134
stable_summer,20240807,anchor,0.1860744277512536,0.08238464129022043,0.28976421421228676
stable_summer,20240808,anchor,0.1972996306375304,0.09367893686697336,0.3009203244080874
stable_summer,20240809,anchor,0.20449900149295153,0.08376272480906985,0.32523527817683323
stable_summer,20240810,anchor,0.17586361723168628,0.08329992253855135,0.2684273119248212
stable_summer,20240811,anchor,0.1925655653712225,0.09836207051977765,0.28676906022266735
stable_summer,20240812,anchor,0.21145014336351856,0.11673093446504922,0.3061693522619879
stable_summer,20240614,anchor_rts,0.20637428835946323,0.08244247544320076,0.3303061012757257
stable_summer,20240615,anchor_rts,0.18752930221145536,0.0913438363232535,0.28371476809965723
stable_summer,20240616,anchor_rts,0.20398974116953977,0.09524542569799263,0.31273405664108694
stable_summer,20240617,anchor_rts,0.19565732934948574,0.08286021017022834,0.30845444852874315
stable_summer,20240618,anchor_rts,0.19327101028752708,0.07082677258732457,0.3157152479877296
stable_summer,20240619,anchor_rts,0.19124513554757272,0.08409062983357032,0.2983996412615751
stable_summer,20240620,anchor_rts,0.1913000870909992,0.07234902693859296,0.3102511472434054
stable_summer,20240621,anchor_rts,0.19445660907990753,0.07220839927157309,0.316704818888242
stable_summer,20240622,anchor_rts,0.18585984894361826,0.07316515226853361,0.2985545456187029
stable_summer,20240623,anchor_rts,0.19008742983062266,0.09531788812691566,0.28485697153432965
stable_summer,20240624,anchor_rts,0.20125568505971236,0.08300452934143146,0.31950684077799324
stable_summer,20240625,anchor_rts,0.20177530385763887,0.08417565468641094,0.31937495302886676
stable_summer,20240626,anchor_rts,0.22171054766305964,0.08577431379068474,0.35764678153543455
stable_summer,20240627,anchor_rts,0.20304355974550845,0.09536866141903112,0.3107184580719858
stable_summer,20240628,anchor_rts,0.19898109027432367,0.07784947842503519,0.32011270212361215
stable_summer,20240629,anchor_rts,0.20932717562828937,0.08751711542143074,0.331137235835148
stable_summer,20240630,anchor_rts,0.19881339513815255,0.08263119320887857,0.3149955970674265
stable_summer,20240701,anchor_rts,0.21006448400777752,0.08663956973408893,0.3334893982814661
stable_summer,20240702,anchor_rts,0.22381260964227595,0.113874168642192,0.3337510506423599
stable_summer,20240703,anchor_rts,0.20013178583061517,0.07522985210687844,0.3250337195543519
stable_summer,20240704,anchor_rts,0.20646021629136097,0.0853672529494142,0.3275531796333077
stable_summer,20240705,anchor_rts,0.2625835380123806,0.21060093905424898,0.3145661369705122
stable_summer,20240706,anchor_rts,0.3110134291281938,0.28038051039336054,0.34164634786302706
stable_summer,20240707,anchor_rts,0.2050444763772737,0.11088501514462168,0.2992039376099257
stable_summer,20240709,anchor_rts,0.1997356128548834,0.08611783904932079,0.313353386660446
stable_summer,20240710,anchor_rts,0.2154507990799974,0.07900883992430772,0.35189275823568705
stable_summer,20240711,anchor_rts,0.20765904003735092,0.08246679848340653,0.3328512815912953
stable_summer,20240712,anchor_rts,0.21798909820806261,0.0871682660514882,0.34880993036463703
stable_summer,20240713,anchor_rts,0.2481261957576465,0.1674568800675458,0.3287955114477472
stable_summer,20240714,anchor_rts,0.21561570597970486,0.12486638589603705,0.3063650260633727
stable_summer,20240715,anchor_rts,0.2103826138779143,0.14132983978353808,0.2794353879722905
stable_summer,20240716,anchor_rts,0.18819179737624722,0.07102191180008272,0.30536168295241173
stable_summer,20240717,anchor_rts,0.23761884630537033,0.10208835645464412,0.3731493361560966
stable_summer,20240718,anchor_rts,0.21698009498854035,0.08292016490870453,0.35104002506837617
stable_summer,20240719,anchor_rts,0.20841463250057876,0.08392406454292241,0.33290520045823513
stable_summer,20240720,anchor_rts,0.20209684101650915,0.09793892128931148,0.30625476074370683
stable_summer,20240721,anchor_rts,0.17679044798292076,0.10310827288895347,0.25047262307688806
stable_summer,20240722,anchor_rts,0.20457070357633766,0.08298421310447629,0.32615719404819904
stable_summer,20240723,anchor_rts,0.2005451610549307,0.09099317031790097,0.31009715179196046
stable_summer,20240724,anchor_rts,0.20986754664544152,0.0835271970056717,0.33620789628521136
stable_summer,20240725,anchor_rts,0.2035062517814635,0.07969728801985503,0.32731521554307197
stable_summer,20240726,anchor_rts,0.21838077084678018,0.07770635678766243,0.35905518490589794
stable_summer,20240727,anchor_rts,0.2317896705277981,0.09218187356218535,0.37139746749341085
stable_summer,20240728,anchor_rts,0.1983548022596971,0.1097667241723879,0.28694288034700627
stable_summer,20240729,anchor_rts,0.20118222542215966,0.09513913322546495,0.30722531761885435
stable_summer,20240730,anchor_rts,0.2203022829000497,0.08820969180522371,0.3523948739948757
stable_summer,20240731,anchor_rts,0.23272443076096927,0.08679448416752508,0.37865437735441343
stable_summer,20240801,anchor_rts,0.1895336968021073,0.08785867655755211,0.29120871704666246
stable_summer,20240802,anchor_rts,0.1902842993739037,0.0818780268877437,0.2986905718600637
stable_summer,20240803,anchor_rts,0.3124993693692055,0.1605397808738902,0.4644589578645208
stable_summer,20240804,anchor_rts,0.19024738090785875,0.10643384540892947,0.27406091640678804
stable_summer,20240805,anchor_rts,0.215958687675451,0.09240755480561094,0.3395098205452911
stable_summer,20240806,anchor_rts,0.1975994506540236,0.0901305347946062,0.305068366513441
stable_summer,20240807,anchor_rts,0.18534564559567668,0.08220178172570843,0.28848950946564494
stable_summer,20240808,anchor_rts,0.19408053357914123,0.09411939015743014,0.2940416770008523
stable_summer,20240809,anchor_rts,0.2044480016977403,0.08514587158369875,0.32375013181178186
stable_summer,20240810,anchor_rts,0.17695312545107864,0.08544078022907037,0.2684654706730869
stable_summer,20240811,anchor_rts,0.18941172188009747,0.09690831425075483,0.28191512950944014
stable_summer,20240812,anchor_rts,0.20824588024885646,0.11130282278164537,0.30518893771606753
stable_summer,20240614,anchor_rts_fullgrid,0.20655659632192275,0.0833649296843218,0.3297482629595237
stable_summer,20240615,anchor_rts_fullgrid,0.18712201388862054,0.09061175874022062,0.28363226903702043
stable_summer,20240616,anchor_rts_fullgrid,0.20452034149612816,0.09662569902419131,0.312414983968065
stable_summer,20240617,anchor_rts_fullgrid,0.1953291574861049,0.08389421148675022,0.3067641034854596
stable_summer,20240618,anchor_rts_fullgrid,0.1945486965734656,0.07116607064360049,0.3179313225033307
stable_summer,20240619,anchor_rts_fullgrid,0.19259563425748905,0.08724175683763008,0.297949511677348
stable_summer,20240620,anchor_rts_fullgrid,0.19301543255414144,0.074503151884272,0.31152771322401085
stable_summer,20240621,anchor_rts_fullgrid,0.19391674024527086,0.07248969291490741,0.3153437875756343
stable_summer,20240622,anchor_rts_fullgrid,0.18680593085839858,0.07426791196594086,0.2993439497508563
stable_summer,20240623,anchor_rts_fullgrid,0.19148591418745492,0.0953519760026765,0.28761985237223336
stable_summer,20240624,anchor_rts_fullgrid,0.20136716068954688,0.08441825469339637,0.3183160666856974
stable_summer,20240625,anchor_rts_fullgrid,0.2042521378559718,0.08825181982557512,0.32025245588636847
stable_summer,20240626,anchor_rts_fullgrid,0.22350716205598403,0.0863777887768368,0.36063653533513124
stable_summer,20240627,anchor_rts_fullgrid,0.20422127831444292,0.09628247778663947,0.3121600788422464
stable_summer,20240628,anchor_rts_fullgrid,0.20104453557512872,0.07921059530830861,0.32287847584194884
stable_summer,20240629,anchor_rts_fullgrid,0.20871821692755987,0.08745177239154454,0.3299846614635752
stable_summer,20240630,anchor_rts_fullgrid,0.199348991395887,0.08270401728905592,0.3159939655027181
stable_summer,20240701,anchor_rts_fullgrid,0.21231641185046168,0.08928309460284278,0.3353497290980806
stable_summer,20240702,anchor_rts_fullgrid,0.22745903757676855,0.11852611349836159,0.3363919616551755
stable_summer,20240703,anchor_rts_fullgrid,0.20172193054446388,0.07836646198590962,0.32507739910301814
stable_summer,20240704,anchor_rts_fullgrid,0.20901614117092743,0.08715849603372444,0.3308737863081304
stable_summer,20240705,anchor_rts_fullgrid,0.26213632229922434,0.21190782553441467,0.31236481906403407
stable_summer,20240706,anchor_rts_fullgrid,0.31192715008208766,0.2813603150853406,0.3424939850788347
stable_summer,20240707,anchor_rts_fullgrid,0.20388176218282922,0.11023144112930447,0.297532083236354
stable_summer,20240709,anchor_rts_fullgrid,0.2019018067999322,0.08982609338509664,0.31397752021476777
stable_summer,20240710,anchor_rts_fullgrid,0.2185205457048987,0.08126738842567348,0.3557737029841239
stable_summer,20240711,anchor_rts_fullgrid,0.21199283326997811,0.08639820282344766,0.33758746371650855
stable_summer,20240712,anchor_rts_fullgrid,0.21870140514856515,0.08863558691985853,0.3487672233772718
stable_summer,20240713,anchor_rts_fullgrid,0.24813271332989267,0.16762624777368837,0.32863917888609695
stable_summer,20240714,anchor_rts_fullgrid,0.21842442764488662,0.12841184151457127,0.308437013775202
stable_summer,20240715,anchor_rts_fullgrid,0.20915591682738077,0.13982951803264287,0.27848231562211867
stable_summer,20240716,anchor_rts_fullgrid,0.19048587820754,0.07092412708857025,0.31004762932650975
stable_summer,20240717,anchor_rts_fullgrid,0.2420266744282807,0.10548647854038039,0.378566870316181
stable_summer,20240718,anchor_rts_fullgrid,0.21989319678787028,0.08399665601949248,0.3557897375562481
stable_summer,20240719,anchor_rts_fullgrid,0.21053810155552716,0.08544612659456495,0.33563007651648935
stable_summer,20240720,anchor_rts_fullgrid,0.20362385287545975,0.09946724816119751,0.307780457589722
stable_summer,20240721,anchor_rts_fullgrid,0.17765594867524817,0.1047033222916423,0.25060857505885403
stable_summer,20240722,anchor_rts_fullgrid,0.20622105055022832,0.08434926596533891,0.3280928351351177
stable_summer,20240723,anchor_rts_fullgrid,0.20409543039649175,0.09157314400273134,0.3166177167902522
stable_summer,20240724,anchor_rts_fullgrid,0.21532833425388984,0.0877166576040855,0.3429400109036942
stable_summer,20240725,anchor_rts_fullgrid,0.2066464349064719,0.08192318125838652,0.33136968855455723
stable_summer,20240726,anchor_rts_fullgrid,0.2217449052261777,0.08079979628247265,0.3626900141698828
stable_summer,20240727,anchor_rts_fullgrid,0.2320435497851723,0.09463301539034409,0.36945408418000053
stable_summer,20240728,anchor_rts_fullgrid,0.20056430185310697,0.11236152647897905,0.2887670772272349
stable_summer,20240729,anchor_rts_fullgrid,0.20423420846922408,0.09724602210207525,0.31122239483637293
stable_summer,20240730,anchor_rts_fullgrid,0.2252086889480083,0.09139127791844988,0.35902609997756674
stable_summer,20240731,anchor_rts_fullgrid,0.23694966681339724,0.08919953756941416,0.3846997960573803
stable_summer,20240801,anchor_rts_fullgrid,0.1966245839349659,0.09311258854107825,0.30013657932885357
stable_summer,20240802,anchor_rts_fullgrid,0.19481421617484387,0.08511513285846227,0.30451329949122546
stable_summer,20240803,anchor_rts_fullgrid,0.3129327091961991,0.15900135594869022,0.466864062443708
stable_summer,20240804,anchor_rts_fullgrid,0.19418976953839118,0.11045370122877847,0.2779258378480039
stable_summer,20240805,anchor_rts_fullgrid,0.22178529731206015,0.09633374193244718,0.34723685269167315
stable_summer,20240806,anchor_rts_fullgrid,0.2003464570837532,0.09112895752602333,0.30956395664148306
stable_summer,20240807,anchor_rts_fullgrid,0.18994565407526226,0.08474200175369348,0.295149306396831
stable_summer,20240808,anchor_rts_fullgrid,0.19750590476292243,0.09703644758872647,0.2979753619371184
stable_summer,20240809,anchor_rts_fullgrid,0.21052438307385551,0.08964297304972403,0.331405793097987
stable_summer,20240810,anchor_rts_fullgrid,0.18042690777568282,0.0888160576734959,0.2720377578778697
stable_summer,20240811,anchor_rts_fullgrid,0.19182075764342077,0.09805742434879802,0.2855840909380435
stable_summer,20240812,anchor_rts_fullgrid,0.20697039487467933,0.11047311726035107,0.3034676724890076
stable_summer,20240614,anchor_rts_fm,0.20682527955331723,0.08334445783090876,0.3303061012757257
stable_summer,20240615,anchor_rts_fm,0.18663416207220623,0.0895535560447552,0.28371476809965723
stable_summer,20240616,anchor_rts_fm,0.20275640963774955,0.09277876263441215,0.31273405664108694
stable_summer,20240617,anchor_rts_fm,0.1959054286031459,0.08335640867754862,0.30845444852874315
stable_summer,20240618,anchor_rts_fm,0.19395208015358614,0.07218891231944267,0.3157152479877296
stable_summer,20240619,anchor_rts_fm,0.19094735197810814,0.08349506269464119,0.2983996412615751
stable_summer,20240620,anchor_rts_fm,0.1904608962310132,0.07067064521862097,0.3102511472434054
stable_summer,20240621,anchor_rts_fm,0.1946342684799644,0.07256371807168681,0.316704818888242
stable_summer,20240622,anchor_rts_fm,0.18555009204943607,0.07254563848016922,0.2985545456187029
stable_summer,20240623,anchor_rts_fm,0.190782706433891,0.09670844133345234,0.28485697153432965
stable_summer,20240624,anchor_rts_fm,0.20177307902734348,0.0840393172766937,0.31950684077799324
stable_summer,20240625,anchor_rts_fm,0.20255627843777785,0.08573760384668895,0.31937495302886676
stable_summer,20240626,anchor_rts_fm,0.22168793786880855,0.08572909420218254,0.35764678153543455
stable_summer,20240627,anchor_rts_fm,0.20137959278404116,0.09204072749609653,0.3107184580719858
stable_summer,20240628,anchor_rts_fm,0.19983006172518664,0.07954742132676115,0.32011270212361215
stable_summer,20240629,anchor_rts_fm,0.20871419882022188,0.08629116180529577,0.331137235835148
stable_summer,20240630,anchor_rts_fm,0.1989017888572899,0.08280798064715329,0.3149955970674265
stable_summer,20240701,anchor_rts_fm,0.21080198475174533,0.08811457122202454,0.3334893982814661
stable_summer,20240702,anchor_rts_fm,0.2235990267533906,0.11344700286442133,0.3337510506423599
stable_summer,20240703,anchor_rts_fm,0.20021566565363866,0.07539761175292542,0.3250337195543519
stable_summer,20240704,anchor_rts_fm,0.204798213195729,0.08204324675815025,0.3275531796333077
stable_summer,20240705,anchor_rts_fm,0.26281268295291926,0.21105922893532636,0.3145661369705122
stable_summer,20240706,anchor_rts_fm,0.31097873198231085,0.28031111610159465,0.34164634786302706
stable_summer,20240707,anchor_rts_fm,0.2045662915237853,0.10992864543764488,0.2992039376099257
stable_summer,20240709,anchor_rts_fm,0.20051202633620874,0.08767066601197146,0.313353386660446
stable_summer,20240710,anchor_rts_fm,0.2151356944621624,0.07837863068863779,0.35189275823568705
stable_summer,20240711,anchor_rts_fm,0.20779414348894445,0.0827370053865936,0.3328512815912953
stable_summer,20240712,anchor_rts_fm,0.21728109361075038,0.08575225685686373,0.34880993036463703
stable_summer,20240713,anchor_rts_fm,0.2445150250738251,0.16023453869990303,0.3287955114477472
stable_summer,20240714,anchor_rts_fm,0.2131620781841619,0.11995913030495114,0.3063650260633727
stable_summer,20240715,anchor_rts_fm,0.211589669594761,0.14374395121723146,0.2794353879722905
stable_summer,20240716,anchor_rts_fm,0.18716457606086484,0.06896746916931797,0.30536168295241173
stable_summer,20240717,anchor_rts_fm,0.23703808996090933,0.1009268437657221,0.3731493361560966
stable_summer,20240718,anchor_rts_fm,0.2160852462197776,0.08113046737117902,0.35104002506837617
stable_summer,20240719,anchor_rts_fm,0.20790847580119765,0.08291175114416013,0.33290520045823513
stable_summer,20240720,anchor_rts_fm,0.20129755496937926,0.09634034919505169,0.30625476074370683
stable_summer,20240721,anchor_rts_fm,0.17585891291137898,0.10124520274586989,0.25047262307688806
stable_summer,20240722,anchor_rts_fm,0.20396712552565704,0.08177705700311504,0.32615719404819904
stable_summer,20240723,anchor_rts_fm,0.1991892159780087,0.08828128016405697,0.31009715179196046
stable_summer,20240724,anchor_rts_fm,0.20996406516996702,0.08372023405472265,0.33620789628521136
stable_summer,20240725,anchor_rts_fm,0.20268320244498955,0.07805118934690715,0.32731521554307197
stable_summer,20240726,anchor_rts_fm,0.2181831222051274,0.07731105950435686,0.35905518490589794
stable_summer,20240727,anchor_rts_fm,0.2306458893182623,0.08989431114311376,0.37139746749341085
stable_summer,20240728,anchor_rts_fm,0.1971336038581321,0.10732432736925795,0.28694288034700627
stable_summer,20240729,anchor_rts_fm,0.20054126615385853,0.09385721468886273,0.30722531761885435
stable_summer,20240730,anchor_rts_fm,0.22031766109643003,0.08824044819798435,0.3523948739948757
stable_summer,20240731,anchor_rts_fm,0.2325207531714335,0.08638712898845358,0.37865437735441343
stable_summer,20240801,anchor_rts_fm,0.18889696716571686,0.08658521728477125,0.29120871704666246
stable_summer,20240802,anchor_rts_fm,0.18958606706522108,0.08048156227037848,0.2986905718600637
stable_summer,20240803,anchor_rts_fm,0.31232465957310523,0.1601903612816897,0.4644589578645208
stable_summer,20240804,anchor_rts_fm,0.1904189593763892,0.10677700234599036,0.27406091640678804
stable_summer,20240805,anchor_rts_fm,0.21525382326544457,0.09099782598559804,0.3395098205452911
stable_summer,20240806,anchor_rts_fm,0.19617185020038574,0.08727533388733048,0.305068366513441
stable_summer,20240807,anchor_rts_fm,0.18508325265999284,0.08167699585434075,0.28848950946564494
stable_summer,20240808,anchor_rts_fm,0.19336740349365356,0.09269312998645479,0.2940416770008523
stable_summer,20240809,anchor_rts_fm,0.20407715396983406,0.08440417612788625,0.32375013181178186
stable_summer,20240810,anchor_rts_fm,0.17576954852315013,0.08307362637321333,0.2684654706730869
stable_summer,20240811,anchor_rts_fm,0.18808291648607967,0.09425070346271916,0.28191512950944014
stable_summer,20240812,anchor_rts_fm,0.20791086682100474,0.11063279592594195,0.30518893771606753
stable_summer,20240614,final,0.2069442597611417,0.08358241824655771,0.3303061012757257
stable_summer,20240615,final,0.18653271734791943,0.08935066659618165,0.28371476809965723
stable_summer,20240616,final,0.20284333174709201,0.09295260685309711,0.31273405664108694
stable_summer,20240617,final,0.19619338533305833,0.08393232213737352,0.30845444852874315
stable_summer,20240618,final,0.19414383683013411,0.07257242567253865,0.3157152479877296
stable_summer,20240619,final,0.19086533994151184,0.08333103862144856,0.2983996412615751
stable_summer,20240620,final,0.19027605436307027,0.07030096148273512,0.3102511472434054
stable_summer,20240621,final,0.19455122943125558,0.0723976399742692,0.316704818888242
stable_summer,20240622,final,0.18580866026291404,0.07306277490712518,0.2985545456187029
stable_summer,20240623,final,0.19118406343630873,0.09751115533828779,0.28485697153432965
stable_summer,20240624,final,0.2021141425473621,0.08472144431673097,0.31950684077799324
stable_summer,20240625,final,0.20220312945909757,0.08503130588932836,0.31937495302886676
stable_summer,20240626,final,0.22151170445311305,0.08537662737079156,0.35764678153543455
stable_summer,20240627,final,0.2011381497188931,0.09155784136580039,0.3107184580719858
stable_summer,20240628,final,0.19990736814240895,0.07970203416120573,0.32011270212361215
stable_summer,20240629,final,0.20886088784227927,0.08658453984941054,0.331137235835148
stable_summer,20240630,final,0.1987874101609455,0.0825792232544645,0.3149955970674265
stable_summer,20240701,final,0.2109436259714055,0.0883978536613449,0.3334893982814661
stable_summer,20240702,final,0.22307988005266088,0.11240870946296187,0.3337510506423599
stable_summer,20240703,final,0.20012526349900026,0.07521680744364863,0.3250337195543519
stable_summer,20240704,final,0.20449686634380726,0.08144055305430684,0.3275531796333077
stable_summer,20240705,final,0.2628371655453287,0.2111081941201452,0.3145661369705122
stable_summer,20240706,final,0.3113321677950843,0.2810179877271416,0.34164634786302706
stable_summer,20240707,final,0.20500773322406268,0.11081152883819963,0.29920393760992575
stable_summer,20240709,final,0.20034494619084608,0.08733650572124615,0.313353386660446
stable_summer,20240710,final,0.2149189597496045,0.07794516126352197,0.35189275823568705
stable_summer,20240711,final,0.207690181810702,0.08252908203010874,0.3328512815912953
stable_summer,20240712,final,0.21727707197995733,0.0857442135952776,0.34880993036463703
stable_summer,20240713,final,0.24439296837009364,0.15999042529244006,0.3287955114477472
stable_summer,20240714,final,0.21315914113905784,0.119953256214743,0.3063650260633727
stable_summer,20240715,final,0.2115770097423013,0.14371863151231207,0.2794353879722905
stable_summer,20240716,final,0.18740733997718748,0.06945299700196321,0.30536168295241173
stable_summer,20240717,final,0.23677583964395515,0.10040234313181375,0.3731493361560966
stable_summer,20240718,final,0.21581068856915103,0.0805813520699259,0.35104002506837617
stable_summer,20240719,final,0.2077397491621434,0.08257429786605171,0.33290520045823513
stable_summer,20240720,final,0.2009239280970896,0.09559309545047226,0.3062547607437069
stable_summer,20240721,final,0.1756832566179275,0.10089389015896692,0.25047262307688806
stable_summer,20240722,final,0.20393365381675832,0.08171011358531757,0.32615719404819904
stable_summer,20240723,final,0.1992531737534709,0.08840919571498135,0.31009715179196046
stable_summer,20240724,final,0.20978511913144296,0.08336234197767457,0.33620789628521136
stable_summer,20240725,final,0.20257627673427314,0.07783733792547429,0.32731521554307197
stable_summer,20240726,final,0.21821714819044427,0.07737911147499055,0.359055184905898
stable_summer,20240727,final,0.2306280316332971,0.08985859577318336,0.37139746749341085
stable_summer,20240728,final,0.19644702775819292,0.10595117516937956,0.28694288034700627
stable_summer,20240729,final,0.20079173510184456,0.09435815258483479,0.30722531761885435
stable_summer,20240730,final,0.22013879012219106,0.08788270624950642,0.3523948739948757
stable_summer,20240731,final,0.23256189583935927,0.0864694143243051,0.37865437735441343
stable_summer,20240801,final,0.18857741727931632,0.08594611751197015,0.29120871704666246
stable_summer,20240802,final,0.1894508780149493,0.08021118416983489,0.2986905718600637
stable_summer,20240803,final,0.31198791190093333,0.15951686593734588,0.4644589578645208
stable_summer,20240804,final,0.1900261796933346,0.10599144297988115,0.27406091640678804
stable_summer,20240805,final,0.21553528956504053,0.09156075858478997,0.3395098205452911
stable_summer,20240806,final,0.19595371666879907,0.08683906682415718,0.305068366513441
stable_summer,20240807,final,0.1849835731743923,0.08147763688313965,0.28848950946564494
stable_summer,20240808,final,0.19332743007701106,0.09261318315316978,0.2940416770008523
stable_summer,20240809,final,0.2040083202821536,0.08426650875252535,0.32375013181178186
stable_summer,20240810,final,0.17578826608254727,0.08311106149200762,0.2684654706730869
stable_summer,20240811,final,0.18813767532256737,0.09436022113569456,0.28191512950944014
stable_summer,20240812,final,0.20795796413354495,0.11072699055102238,0.30518893771606753
stable_late,20240813,april_mean,0.2372545200797176,0.10658963842875846,0.3679194017306767
stable_late,20240814,april_mean,0.21972120829871955,0.11451134960689452,0.3249310669905446
stable_late,20240815,april_mean,0.22206617379738286,0.11260354015852242,0.3315288074362433
stable_late,20240816,april_mean,0.2068638860705576,0.09835628290355575,0.3153714892375595
stable_late,20240817,april_mean,0.2403921531182317,0.14362249230255805,0.3371618139339053
stable_late,20240818,april_mean,0.22616208556082024,0.14700221855380793,0.30532195256783257
stable_late,20240819,april_mean,0.19776338710337085,0.09051048361378254,0.30501629059295915
stable_late,20240820,april_mean,0.22665623114034825,0.10258776495027255,0.35072469733042394
stable_late,20240821,april_mean,0.18358060584093594,0.09062136838488401,0.2765398432969879
stable_late,20240822,april_mean,0.2172359787933149,0.10436954685232776,0.3301024107343021
stable_late,20240823,april_mean,0.23165135939991455,0.11918828488139421,0.3441144339184349
stable_late,20240824,april_mean,0.2517595361472189,0.14328674442795572,0.3602323278664821
stable_late,20240825,april_mean,0.2205978319315302,0.11978572907350993,0.3214099347895505
stable_late,20240826,april_mean,0.2030714228871673,0.08536050620624312,0.3207823395680915
stable_late,20240827,april_mean,0.20038324965599352,0.08420356368918673,0.3165629356228003
stable_late,20240828,april_mean,0.19544824234027408,0.09532228710186369,0.29557419757868447
stable_late,20240829,april_mean,0.19828433949470697,0.09648795444854073,0.3000807245408732
stable_late,20240830,april_mean,0.21128844501077296,0.08623050495508583,0.3363463850664601
stable_late,20240831,april_mean,0.22744050096589197,0.1495635053323979,0.30531749659938606
stable_late,20240901,april_mean,0.20950896881260941,0.12331163211795527,0.29570630550726357
stable_late,20240902,april_mean,0.1877758432703285,0.08895525706383715,0.28659642947681985
stable_late,20240903,april_mean,0.226070032105185,0.09816124218228253,0.3539788220280875
stable_late,20240904,april_mean,0.22803364554221334,0.10932458122040908,0.3467427098640176
stable_late,20240905,april_mean,0.21430077249877144,0.0906066164028139,0.337994928594729
stable_late,20240906,april_mean,0.19180206470711686,0.08225264961482062,0.30135147979941307
stable_late,20240907,april_mean,0.21553438327149693,0.1416199444806364,0.2894488220623575
stable_late,20240908,april_mean,0.2257182180864917,0.12094907495007678,0.3304873612229066
stable_late,20240909,april_mean,0.19752277071560073,0.08243143015344429,0.3126141112777572
stable_late,20240910,april_mean,0.20191568849972255,0.08885072281984702,0.3149806541795981
stable_late,20240911,april_mean,0.22075189645310744,0.09226093005161513,0.34924286285459977
stable_late,20240912,april_mean,0.21503055859030074,0.09033348916841545,0.33972762801218603
stable_late,20240913,april_mean,0.1739267324548342,0.08540332534314196,0.2624501395665264
stable_late,20240914,april_mean,0.22576768314194057,0.13861997539908602,0.3129153908847951
stable_late,20240915,april_mean,0.25156209977069055,0.15865411650617287,0.3444700830352082
stable_late,20240916,april_mean,0.24002402226046934,0.14479691452680815,0.33525112999413054
stable_late,20240917,april_mean,0.21193792869550904,0.1010628392409805,0.3228130181500376
stable_late,20240918,april_mean,0.19999870662715974,0.0931987263012222,0.30679868695309725
stable_late,20240919,april_mean,0.20951119665221826,0.08784982558028474,0.33117256772415177
stable_late,20240920,april_mean,0.1951578676766857,0.08296616512409308,0.3073495702292783
stable_late,20240921,april_mean,0.21206826005867402,0.1281939984510194,0.2959425216663287
stable_late,20240922,april_mean,0.24430565153246803,0.1425939861324998,0.34601731693243626
stable_late,20240923,april_mean,0.25973825366928976,0.13289510570825114,0.3865814016303284
stable_late,20240924,april_mean,0.2495673101211341,0.11269613060010544,0.3864384896421627
stable_late,20240925,april_mean,0.24075882271327298,0.13005534612195854,0.35146229930458744
stable_late,20240926,april_mean,0.22592300117429936,0.11130304516264976,0.34054295718594896
stable_late,20240927,april_mean,0.20510183195126996,0.10350750303340014,0.30669616086913976
stable_late,20240928,april_mean,0.22523815823919346,0.11653362243436437,0.33394269404402255
stable_late,20240929,april_mean,0.23064886416218577,0.11388672664490415,0.34741100167946737
stable_late,20240930,april_mean,0.20932691561689906,0.11717771492541439,0.3014761163083837
stable_late,20241001,april_mean,0.2376761974820368,0.11080819758910893,0.3645441973749647
stable_late,20241002,april_mean,0.21666913312316172,0.12127557049353008,0.3120626957527934
stable_late,20241003,april_mean,0.20056088606874906,0.10260410551941919,0.29851766661807894
stable_late,20241004,april_mean,0.20857663499437926,0.09416819782076925,0.3229850721679893
stable_late,20241005,april_mean,0.22938638557011592,0.11700734122044783,0.34176542991978404
stable_late,20241006,april_mean,0.24133291523312211,0.13483850757355953,0.3478273228926847
stable_late,20241007,april_mean,0.19378833862907263,0.08655062249016605,0.3010260547679792
stable_late,20241008,april_mean,0.22467962509116265,0.10205181488625943,0.3473074352960659
stable_late,20241009,april_mean,0.21953816938513077,0.09552438596281937,0.34355195280744216
stable_late,20241010,april_mean,0.1881334172843124,0.08536392408654227,0.29090291048208256
stable_late,20241011,april_mean,0.21626651084473622,0.08028496085770748,0.35224806083176496
stable_late,20240813,novdec_mean,0.2371994307564361,0.1091848558537849,0.3652140056590873
stable_late,20240814,novdec_mean,0.23175605629804696,0.12317551250091265,0.3403366000951813
stable_late,20240815,novdec_mean,0.22118397429921827,0.10352992469209053,0.338838023906346
stable_late,20240816,novdec_mean,0.2058529123066611,0.08976692543362795,0.32193889917969426
stable_late,20240817,novdec_mean,0.21958058476437897,0.1185816615069793,0.32057950802177865
stable_late,20240818,novdec_mean,0.22325937783762045,0.13271822319023843,0.3138005324850025
stable_late,20240819,novdec_mean,0.2160486462584945,0.10602989218541832,0.32606740033157067
stable_late,20240820,novdec_mean,0.23770491803899255,0.12030657665282034,0.35510325942516474
stable_late,20240821,novdec_mean,0.20943519582798367,0.10565812463234252,0.3132122670236248
stable_late,20240822,novdec_mean,0.22013456269119605,0.11397346851976059,0.3262956568626315
stable_late,20240823,novdec_mean,0.2421111133008562,0.13979483137321874,0.34442739522849364
stable_late,20240824,novdec_mean,0.24216876190620196,0.12348628478282957,0.36085123902957433
stable_late,20240825,novdec_mean,0.20843701244454732,0.10048105403277399,0.3163929708563206
stable_late,20240826,novdec_mean,0.2102073830549507,0.10339293498860146,0.31702183112129995
stable_late,20240827,novdec_mean,0.2127070040101971,0.10414954284499718,0.32126446517539703
stable_late,20240828,novdec_mean,0.2133166574140381,0.1206319350193247,0.30600137980875153
stable_late,20240829,novdec_mean,0.21046778428699436,0.11823441665017728,0.3027011519238115
stable_late,20240830,novdec_mean,0.21475030282952995,0.09444389225140817,0.33505671340765175
stable_late,20240831,novdec_mean,0.22098704837686617,0.12951963144059386,0.3124544653131385
stable_late,20240901,novdec_mean,0.20913993429141237,0.10818391147055724,0.3100959571122675
stable_late,20240902,novdec_mean,0.19704666477158797,0.10896136173749099,0.28513196780568495
stable_late,20240903,novdec_mean,0.23900145363133923,0.12268725448055282,0.3553156527821256
stable_late,20240904,novdec_mean,0.24838348440736877,0.13624292455885129,0.36052404425588624
stable_late,20240905,novdec_mean,0.22119510617881516,0.10790738540577435,0.33448282695185594
stable_late,20240906,novdec_mean,0.2018481630608068,0.09929530098048288,0.3044010251411307
stable_late,20240907,novdec_mean,0.20561629684923344,0.11431488670043274,0.2969177069980341
stable_late,20240908,novdec_mean,0.21670078783761906,0.09887144660525944,0.3345301290699787
stable_late,20240909,novdec_mean,0.21449517575667112,0.09219876145801054,0.3367915900553317
stable_late,20240910,novdec_mean,0.21837671889109664,0.10894174634796132,0.32781169143423194
stable_late,20240911,novdec_mean,0.22807887345713163,0.10198204253537592,0.35417570437888735
stable_late,20240912,novdec_mean,0.23238249066521807,0.11314790308372223,0.3516170782467139
stable_late,20240913,novdec_mean,0.1957881452154305,0.09357233884751924,0.29800395158334175
stable_late,20240914,novdec_mean,0.20957979408557217,0.11655102459233109,0.30260856357881327
stable_late,20240915,novdec_mean,0.24308394212081863,0.13140807624192333,0.35475980799971396
stable_late,20240916,novdec_mean,0.243487942224265,0.12526172338502253,0.36171416106350746
stable_late,20240917,novdec_mean,0.21653631664026635,0.11372339588469224,0.3193492373958404
stable_late,20240918,novdec_mean,0.2186997419359239,0.1107063129603362,0.3266931709115116
stable_late,20240919,novdec_mean,0.23031589422269252,0.11296084877900679,0.34767093966637824
stable_late,20240920,novdec_mean,0.20477218312844842,0.0912265708289675,0.3183177954279293
stable_late,20240921,novdec_mean,0.2288690971553633,0.14231644907420307,0.3154217452365235
stable_late,20240922,novdec_mean,0.2646360684340739,0.14430536197579671,0.3849667748923511
stable_late,20240923,novdec_mean,0.2862709417476149,0.14973923384791954,0.42280264964731035
stable_late,20240924,novdec_mean,0.27508026257248586,0.13891149722796037,0.4112490279170114
stable_late,20240925,novdec_mean,0.2688396606818532,0.1619312858041023,0.3757480355596041
stable_late,20240926,novdec_mean,0.25212649093278117,0.14406787896039946,0.36018510290516287
stable_late,20240927,novdec_mean,0.22624561547944944,0.12433790906511874,0.32815332189378016
stable_late,20240928,novdec_mean,0.2357957300809253,0.1079315910400588,0.3636598691217918
stable_late,20240929,novdec_mean,0.2484321068733514,0.11065691554603381,0.386207298200669
stable_late,20240930,novdec_mean,0.23970235719680494,0.14304441643192414,0.33636029796168576
stable_late,20241001,novdec_mean,0.25508839009182604,0.13653959481198796,0.3736371853716642
stable_late,20241002,novdec_mean,0.24641377159312278,0.147151035973227,0.34567650721301857
stable_late,20241003,novdec_mean,0.22706358701197638,0.13250221521401753,0.3216249588099352
stable_late,20241004,novdec_mean,0.22429972605272638,0.11820679552066088,0.3303926565847919
stable_late,20241005,novdec_mean,0.22943788372911672,0.10109645203966447,0.357779315418569
stable_late,20241006,novdec_mean,0.23964875159035204,0.11548732997733473,0.36381017320336934
stable_late,20241007,novdec_mean,0.21651686326930286,0.11049623783096804,0.32253748870763765
stable_late,20241008,novdec_mean,0.23841720291336202,0.13169253841300027,0.34514186741372377
stable_late,20241009,novdec_mean,0.2452805758336259,0.12464215641154297,0.3659189952557088
stable_late,20241010,novdec_mean,0.19775813288456787,0.09747224804953174,0.298044017719604
stable_late,20241011,novdec_mean,0.2339001345701583,0.10181648538749696,0.36598378375281965
stable_late,20240813,anchor,0.2273404571937766,0.09890086203471209,0.3557800523528411
stable_late,20240814,anchor,0.2333517876611303,0.11482161730074644,0.3518819580215141
stable_late,20240815,anchor,0.2337084907191536,0.11359302629920526,0.3538239551391019
stable_late,20240816,anchor,0.2038731692206885,0.09045870163051582,0.31728763681086114
stable_late,20240817,anchor,0.20611372270938635,0.10272897678316273,0.30949846863561
stable_late,20240818,anchor,0.19313981949925454,0.12208536582037323,0.2641942731781359
stable_late,20240819,anchor,0.20036132756719094,0.0892260862388123,0.3114965688955696
stable_late,20240820,anchor,0.2163168104133225,0.09506371335120917,0.33756990747543586
stable_late,20240821,anchor,0.1855959450198416,0.08903608239583896,0.2821558076438443
stable_late,20240822,anchor,0.20561794118449875,0.10373437827239403,0.3075015040966035
stable_late,20240823,anchor,0.23026105039857203,0.12684006419623586,0.3336820366009082
stable_late,20240824,anchor,0.22951275426358764,0.10940678959068414,0.3496187189364911
stable_late,20240825,anchor,0.18249558255530351,0.09264203149057251,0.2723491336200345
stable_late,20240826,anchor,0.19915070257079207,0.08437008971971906,0.3139313154218651
stable_late,20240827,anchor,0.19116754224705923,0.07692457804666178,0.3054105064474567
stable_late,20240828,anchor,0.1878958841190324,0.08952091813700032,0.2862708501010645
stable_late,20240829,anchor,0.19333210443241544,0.08916129532552401,0.29750291353930686
stable_late,20240830,anchor,0.20073048944742192,0.08212915078561338,0.31933182810923044
stable_late,20240831,anchor,0.20231130077101414,0.11683141617649702,0.2877911853655313
stable_late,20240901,anchor,0.1817579987446627,0.1008761789949918,0.2626398184943336
stable_late,20240902,anchor,0.1857812705784481,0.08589326873567933,0.28566927242121687
stable_late,20240903,anchor,0.20945137056157365,0.08776882361176314,0.33113391751138416
stable_late,20240904,anchor,0.21512074016723398,0.09182728386762924,0.33841419646683873
stable_late,20240905,anchor,0.20525385237075405,0.08686218283334424,0.32364552190816387
stable_late,20240906,anchor,0.18663041100365924,0.08304624331451824,0.2902145786928002
stable_late,20240907,anchor,0.19068783212145532,0.10267226601876007,0.2787033982241506
stable_late,20240908,anchor,0.18789008883828817,0.09139371141296962,0.28438646626360675
stable_late,20240909,anchor,0.1992392370066508,0.08337080510283154,0.31510766891047004
stable_late,20240910,anchor,0.1888636349728007,0.08332711800503247,0.29440015194056895
stable_late,20240911,anchor,0.2173302937060032,0.10040241446553512,0.3342581729464713
stable_late,20240912,anchor,0.20952062393759757,0.08623634845307379,0.3328048994221213
stable_late,20240913,anchor,0.1736105134946729,0.08336250112013528,0.26385852586921055
stable_late,20240914,anchor,0.20058484234102386,0.10206259993707881,0.29910708474496894
stable_late,20240915,anchor,0.19746809416433644,0.11192051753829564,0.28301567079037726
stable_late,20240916,anchor,0.2215872763641768,0.1307998299762719,0.3123747227520817
stable_late,20240917,anchor,0.20279746987773273,0.10025696340972781,0.30533797634573767
stable_late,20240918,anchor,0.1902946316674253,0.09451401688667672,0.2860752464481739
stable_late,20240919,anchor,0.2025239462977104,0.08302312238316018,0.3220247702122606
stable_late,20240920,anchor,0.19063542542431625,0.08211607986737623,0.29915477098125626
stable_late,20240921,anchor,0.22272669975115147,0.14510900832392953,0.3003443911783734
stable_late,20240922,anchor,0.250041501685035,0.1488582482143348,0.35122475515573515
stable_late,20240923,anchor,0.253550685889728,0.1324898435838018,0.37461152819565424
stable_late,20240924,anchor,0.23400742500315477,0.09386393289744788,0.37415091710886167
stable_late,20240925,anchor,0.2223196884510478,0.10848762254813256,0.33615175435396305
stable_late,20240926,anchor,0.2101080308052218,0.09316317264345288,0.32705288896699075
stable_late,20240927,anchor,0.19868865844061318,0.10184363122417095,0.2955336856570554
stable_late,20240928,anchor,0.22025694694409914,0.10807828250324372,0.33243561138495453
stable_late,20240929,anchor,0.20981788381503783,0.1011579485993473,0.31847781903072836
stable_late,20240930,anchor,0.20460065938261443,0.11041033856959857,0.2987909801956303
stable_late,20241001,anchor,0.21997590954516189,0.0989080830937126,0.3410437359966112
stable_late,20241002,anchor,0.20261861358737468,0.10391219140942698,0.3013250357653224
stable_late,20241003,anchor,0.18854138655653566,0.08500056722457584,0.2920822058884955
stable_late,20241004,anchor,0.20347798028749484,0.09182437978578512,0.31513158078920456
stable_late,20241005,anchor,0.21427054230841847,0.09096201126533512,0.3375790733515018
stable_late,20241006,anchor,0.21107140652695183,0.09951408194904696,0.3226287311048567
stable_late,20241007,anchor,0.19025902770556968,0.08326991551443226,0.2972481398967071
stable_late,20241008,anchor,0.2147264009620895,0.08834415653804484,0.34110864538613417
stable_late,20241009,anchor,0.20611570575211244,0.08131329138053754,0.3309181201236873
stable_late,20241010,anchor,0.18900766429252341,0.08991708086298009,0.28809824772206677
stable_late,20241011,anchor,0.21338976754802413,0.07761298636401284,0.3491665487320354
stable_late,20240813,anchor_rts,0.22391193776490195,0.1022882813619594,0.3455355941678445
stable_late,20240814,anchor_rts,0.22860941776153887,0.11455771878642662,0.3426611167366511
stable_late,20240815,anchor_rts,0.2276583345658468,0.11043371172337439,0.3448829574083192
stable_late,20240816,anchor_rts,0.20328364292155204,0.09110646697116222,0.3154608188719419
stable_late,20240817,anchor_rts,0.20895958564680273,0.10724961554093845,0.31066955575266697
stable_late,20240818,anchor_rts,0.19410868535120065,0.12479814296752632,0.26341922773487497
stable_late,20240819,anchor_rts,0.1979817355850936,0.09388287424208304,0.3020805969281042
stable_late,20240820,anchor_rts,0.20980244615328103,0.09333052192714716,0.3262743703794149
stable_late,20240821,anchor_rts,0.18247035027206465,0.08573474593097169,0.2792059546131576
stable_late,20240822,anchor_rts,0.20327662711969502,0.10091282392309568,0.30564043031629434
stable_late,20240823,anchor_rts,0.22888840410432565,0.13356337777941144,0.3242134304292399
stable_late,20240824,anchor_rts,0.22856788800218245,0.1092222078224329,0.347913568181932
stable_late,20240825,anchor_rts,0.1850266432267315,0.09616221899754854,0.2738910674559145
stable_late,20240826,anchor_rts,0.19943371186115177,0.09000983329852426,0.3088575904237793
stable_late,20240827,anchor_rts,0.19001664120659306,0.08119464567923376,0.2988386367339524
stable_late,20240828,anchor_rts,0.18750610075024027,0.09483300239121019,0.28017919910927036
stable_late,20240829,anchor_rts,0.19267939214593685,0.09089498237924253,0.29446380191263116
stable_late,20240830,anchor_rts,0.19472193936657378,0.08280865255998912,0.3066352261731584
stable_late,20240831,anchor_rts,0.19923742932424648,0.11711653435587333,0.28135832429261964
stable_late,20240901,anchor_rts,0.1868854279942251,0.10587877799358503,0.2678920779948652
stable_late,20240902,anchor_rts,0.1851651024032982,0.0903273492603505,0.2800028555462459
stable_late,20240903,anchor_rts,0.20715007852763737,0.09179852605334753,0.3225016310019272
stable_late,20240904,anchor_rts,0.21639714918567932,0.09968282493899724,0.33311147343236136
stable_late,20240905,anchor_rts,0.19957486393441615,0.08469095100228902,0.3144587768665433
stable_late,20240906,anchor_rts,0.1845013324012605,0.08703881764896064,0.2819638471535603
stable_late,20240907,anchor_rts,0.18797675447250115,0.09821401962229868,0.2777394893227036
stable_late,20240908,anchor_rts,0.18957183469264213,0.09323350604278041,0.28591016334250385
stable_late,20240909,anchor_rts,0.19536710398896096,0.08076549060339425,0.3099687173745277
stable_late,20240910,anchor_rts,0.18564314723473543,0.08077960442861572,0.29050669004085516
stable_late,20240911,anchor_rts,0.21420701571110373,0.09431358874458132,0.3341004426776262
stable_late,20240912,anchor_rts,0.20595765082480144,0.08637902570532865,0.3255362759442742
stable_late,20240913,anchor_rts,0.17487834929428403,0.08238688516591591,0.26736981342265215
stable_late,20240914,anchor_rts,0.1980244906152674,0.10050771604427824,0.29554126518625656
stable_late,20240915,anchor_rts,0.19622208639780625,0.10687092553910246,0.28557324725651007
stable_late,20240916,anchor_rts,0.23030234689510146,0.12902192514487026,0.33158276864533265
stable_late,20240917,anchor_rts,0.19932363419001375,0.09831051514790004,0.3003367532321275
stable_late,20240918,anchor_rts,0.1857811660891657,0.09026441297699277,0.2812979192013386
stable_late,20240919,anchor_rts,0.20042532869265084,0.08358285088087028,0.31726780650443137
stable_late,20240920,anchor_rts,0.18778112607820174,0.08076388525562672,0.29479836690077676
stable_late,20240921,anchor_rts,0.22323210696582335,0.1447731721244077,0.301691041807239
stable_late,20240922,anchor_rts,0.24820958679106575,0.1475954392421768,0.34882373433995467
stable_late,20240923,anchor_rts,0.2516975434368587,0.1289256206885363,0.37446946618518107
stable_late,20240924,anchor_rts,0.23355873202931843,0.09912955714681046,0.3679879069118264
stable_late,20240925,anchor_rts,0.22133254220599974,0.1132196414214802,0.3294454429905193
stable_late,20240926,anchor_rts,0.20760446250288814,0.09947876012837088,0.3157301648774054
stable_late,20240927,anchor_rts,0.19914127165176532,0.10554643975922047,0.2927361035443102
stable_late,20240928,anchor_rts,0.21930009905823655,0.10506969702032108,0.333530501096152
stable_late,20240929,anchor_rts,0.21146088606072816,0.10081918508498838,0.32210258703646794
stable_late,20240930,anchor_rts,0.2067615791126654,0.11745532898649556,0.29606782923883523
stable_late,20241001,anchor_rts,0.21708724614486613,0.10139116508304286,0.3327833272066894
stable_late,20241002,anchor_rts,0.2011629519020446,0.10568777311702433,0.2966381306870649
stable_late,20241003,anchor_rts,0.18957802017604633,0.0904677082805012,0.28868833207159145
stable_late,20241004,anchor_rts,0.20164282373131123,0.09558730271729891,0.30769834474532354
stable_late,20241005,anchor_rts,0.2113018956475589,0.08931356242549694,0.3332902288696209
stable_late,20241006,anchor_rts,0.2074093882233991,0.09632247651697468,0.31849629992982353
stable_late,20241007,anchor_rts,0.1898784936158809,0.08566188721920333,0.2940951000125585
stable_late,20241008,anchor_rts,0.21118458910220236,0.08993987634702867,0.33242930185737607
stable_late,20241009,anchor_rts,0.2043967400301373,0.08606628604508543,0.3227271940151892
stable_late,20241010,anchor_rts,0.18545618715662232,0.08522961441320033,0.2856827599000443
stable_late,20241011,anchor_rts,0.20924427682659194,0.07933498675202123,0.33915356690116266
stable_late,20240813,anchor_rts_fullgrid,0.2218168560946348,0.09663241371341194,0.34700129847585764
stable_late,20240814,anchor_rts_fullgrid,0.22832881129420549,0.10964032762971075,0.3470172949587002
stable_late,20240815,anchor_rts_fullgrid,0.2256343609200884,0.10797333704278499,0.3432953847973918
stable_late,20240816,anchor_rts_fullgrid,0.20298214535352865,0.08833727864086113,0.3176270120661962
stable_late,20240817,anchor_rts_fullgrid,0.20892320048403543,0.10451437998036506,0.3133320209877058
stable_late,20240818,anchor_rts_fullgrid,0.19526560885424468,0.12136238552790425,0.2691688321805851
stable_late,20240819,anchor_rts_fullgrid,0.2033584473104202,0.09650953947740047,0.3102073551434399
stable_late,20240820,anchor_rts_fullgrid,0.2179930799689025,0.09839897087162165,0.33758718906618335
stable_late,20240821,anchor_rts_fullgrid,0.18845439325274121,0.09165379137761996,0.28525499512786245
stable_late,20240822,anchor_rts_fullgrid,0.2054194385092144,0.10513077247257116,0.3057081045458576
stable_late,20240823,anchor_rts_fullgrid,0.23333398686510842,0.13254248426704263,0.3341254894631742
stable_late,20240824,anchor_rts_fullgrid,0.2266199284615017,0.10970777809183183,0.3435320788311716
stable_late,20240825,anchor_rts_fullgrid,0.18310731645214848,0.09320698078952476,0.2730076521147722
stable_late,20240826,anchor_rts_fullgrid,0.20088789741076366,0.08778858901126001,0.3139872058102673
stable_late,20240827,anchor_rts_fullgrid,0.1929486634260712,0.07910398716104891,0.3067933396910935
stable_late,20240828,anchor_rts_fullgrid,0.19160338215627604,0.09551489653503928,0.2876918677775128
stable_late,20240829,anchor_rts_fullgrid,0.19773902809917265,0.09432410528026534,0.30115395091807995
stable_late,20240830,anchor_rts_fullgrid,0.19654596698665333,0.08437672740344462,0.308715206569862
stable_late,20240831,anchor_rts_fullgrid,0.1992257987423876,0.1147868630014743,0.28366473448330093
stable_late,20240901,anchor_rts_fullgrid,0.18225974562682987,0.10016282654885512,0.2643566647048046
stable_late,20240902,anchor_rts_fullgrid,0.1846344418905146,0.08890692281084081,0.2803619609701884
stable_late,20240903,anchor_rts_fullgrid,0.21074221568005208,0.09249967191419989,0.3289847594459043
stable_late,20240904,anchor_rts_fullgrid,0.22278059255902677,0.10178855740590362,0.3437726277121499
stable_late,20240905,anchor_rts_fullgrid,0.20124207034899183,0.08591403582406064,0.316570104873923
stable_late,20240906,anchor_rts_fullgrid,0.18663374840941568,0.08570966118601571,0.2875578356328157
stable_late,20240907,anchor_rts_fullgrid,0.18970859110436272,0.09872767968050057,0.2806895025282249
stable_late,20240908,anchor_rts_fullgrid,0.1882347407790138,0.08997544202067527,0.28649403953735236
stable_late,20240909,anchor_rts_fullgrid,0.19761337861547779,0.08218079483730173,0.31304596239365384
stable_late,20240910,anchor_rts_fullgrid,0.18832917460026902,0.082411714437227,0.29424663476331103
stable_late,20240911,anchor_rts_fullgrid,0.2164403782833463,0.09400427070091527,0.33887648586577734
stable_late,20240912,anchor_rts_fullgrid,0.2093314659448151,0.08710925416271878,0.3315536777269114
stable_late,20240913,anchor_rts_fullgrid,0.17684024407246107,0.08288203268155701,0.2707984554633651
stable_late,20240914,anchor_rts_fullgrid,0.19649620818712565,0.09684136683178265,0.2961510495424687
stable_late,20240915,anchor_rts_fullgrid,0.1981115194542552,0.10893007594454615,0.2872929629639642
stable_late,20240916,anchor_rts_fullgrid,0.2307240531051562,0.13037081485616955,0.3310772913541428
stable_late,20240917,anchor_rts_fullgrid,0.20166675683183996,0.09897638344325925,0.30435713022042066
stable_late,20240918,anchor_rts_fullgrid,0.18894450632393048,0.0906418098927097,0.28724720275515125
stable_late,20240919,anchor_rts_fullgrid,0.2048175652930405,0.08684251024932922,0.32279262033675177
stable_late,20240920,anchor_rts_fullgrid,0.189204138410951,0.08214642135238891,0.29626185546951306
stable_late,20240921,anchor_rts_fullgrid,0.2249236141449772,0.14747217819828715,0.30237505009166726
stable_late,20240922,anchor_rts_fullgrid,0.24596787948602383,0.14580691852125424,0.34612884045079345
stable_late,20240923,anchor_rts_fullgrid,0.2541286650662432,0.13073217934052617,0.3775251507919603
stable_late,20240924,anchor_rts_fullgrid,0.2402955040334009,0.10371858180187359,0.3768724262649282
stable_late,20240925,anchor_rts_fullgrid,0.22923225838080155,0.12132797922682982,0.3371365375347733
stable_late,20240926,anchor_rts_fullgrid,0.21697388011278157,0.10655312384469177,0.32739463638087135
stable_late,20240927,anchor_rts_fullgrid,0.20378379505066094,0.11031042456532048,0.2972571655360014
stable_late,20240928,anchor_rts_fullgrid,0.22018123362602143,0.10626743966141192,0.334095027590631
stable_late,20240929,anchor_rts_fullgrid,0.2120853476580895,0.10219921455852113,0.3219714807576579
stable_late,20240930,anchor_rts_fullgrid,0.20924106496387002,0.120903865622033,0.29757826430570705
stable_late,20241001,anchor_rts_fullgrid,0.22421043199664478,0.10661320052798871,0.34180766346530084
stable_late,20241002,anchor_rts_fullgrid,0.20620229616381064,0.11159464579867671,0.30080994652894455
stable_late,20241003,anchor_rts_fullgrid,0.19363517871923985,0.09603077269683799,0.29123958474164174
stable_late,20241004,anchor_rts_fullgrid,0.20428437869347055,0.09941292089103344,0.30915583649590767
stable_late,20241005,anchor_rts_fullgrid,0.2104311123166304,0.08873682982256316,0.33212539481069764
stable_late,20241006,anchor_rts_fullgrid,0.2088145407111075,0.09690807553976535,0.3207210058824496
stable_late,20241007,anchor_rts_fullgrid,0.19330194395613298,0.0892090703635208,0.2973948175487452
stable_late,20241008,anchor_rts_fullgrid,0.21405703507222107,0.09403503200676933,0.3340790381376728
stable_late,20241009,anchor_rts_fullgrid,0.20882935498061606,0.09046644102118648,0.32719226894004566
stable_late,20241010,anchor_rts_fullgrid,0.18435203772852987,0.0821911873038206,0.28651288815323916
stable_late,20241011,anchor_rts_fullgrid,0.21359017832028232,0.08348173834974895,0.3436986182908157
stable_late,20240813,anchor_rts_fm,0.22413827602049008,0.10274095787313564,0.3455355941678445
stable_late,20240814,anchor_rts_fm,0.22763984959393768,0.11261858245122422,0.3426611167366511
stable_late,20240815,anchor_rts_fm,0.22894513669165378,0.11300731597498834,0.3448829574083192
stable_late,20240816,anchor_rts_fm,0.20353814661925596,0.09161547436657003,0.3154608188719419
stable_late,20240817,anchor_rts_fm,0.20666707553387909,0.10266459531509123,0.31066955575266697
stable_late,20240818,anchor_rts_fm,0.19068135466991626,0.11794348160495756,0.26341922773487497
stable_late,20240819,anchor_rts_fm,0.19662117181846606,0.0911617467088279,0.3020805969281042
stable_late,20240820,anchor_rts_fm,0.20905361214315824,0.09183285390690153,0.3262743703794149
stable_late,20240821,anchor_rts_fm,0.18173100258006664,0.08425605054697564,0.2792059546131576
stable_late,20240822,anchor_rts_fm,0.20360995728417747,0.10157948425206062,0.30564043031629434
stable_late,20240823,anchor_rts_fm,0.22864912946133886,0.13308482849343783,0.3242134304292399
stable_late,20240824,anchor_rts_fm,0.2269455120941255,0.105977456006319,0.347913568181932
stable_late,20240825,anchor_rts_fm,0.18285583451244056,0.0918206015689666,0.2738910674559145
stable_late,20240826,anchor_rts_fm,0.19802160556745582,0.08718562071113235,0.3088575904237793
stable_late,20240827,anchor_rts_fm,0.18950511175083506,0.08017158676771771,0.2988386367339524
stable_late,20240828,anchor_rts_fm,0.18581567971669827,0.09145216032412616,0.28017919910927036
stable_late,20240829,anchor_rts_fm,0.1920184249234712,0.08957304793431127,0.29446380191263116
stable_late,20240830,anchor_rts_fm,0.19477689977148813,0.08291857336981784,0.3066352261731584
stable_late,20240831,anchor_rts_fm,0.19600074240746462,0.1106431605223096,0.28135832429261964
stable_late,20240901,anchor_rts_fm,0.1836410480588069,0.09939001812274863,0.2678920779948652
stable_late,20240902,anchor_rts_fm,0.18485616189476614,0.08970946824328639,0.2800028555462459
stable_late,20240903,anchor_rts_fm,0.20614861550711322,0.08979560001229923,0.3225016310019272
stable_late,20240904,anchor_rts_fm,0.21600573689281433,0.0989000003532673,0.33311147343236136
stable_late,20240905,anchor_rts_fm,0.19955208489651066,0.08464539292647803,0.3144587768665433
stable_late,20240906,anchor_rts_fm,0.18322507546798578,0.08448630378241126,0.2819638471535603
stable_late,20240907,anchor_rts_fm,0.18770454684175153,0.09766960436079944,0.2777394893227036
stable_late,20240908,anchor_rts_fm,0.18943666373284063,0.09296316412317741,0.28591016334250385
stable_late,20240909,anchor_rts_fm,0.19440508872080925,0.07884146006709081,0.3099687173745277
stable_late,20240910,anchor_rts_fm,0.18590591977665538,0.0813051495124556,0.29050669004085516
stable_late,20240911,anchor_rts_fm,0.21386222783940473,0.09362401300118331,0.3341004426776262
stable_late,20240912,anchor_rts_fm,0.20633000763211196,0.08712373931994971,0.3255362759442742
stable_late,20240913,anchor_rts_fm,0.17470618463781007,0.08204255585296802,0.26736981342265215
stable_late,20240914,anchor_rts_fm,0.19643548119726767,0.09732969720827875,0.29554126518625656
stable_late,20240915,anchor_rts_fm,0.19787290774713967,0.11017256823776926,0.28557324725651007
stable_late,20240916,anchor_rts_fm,0.23291951117635415,0.13425625370737565,0.33158276864533265
stable_late,20240917,anchor_rts_fm,0.19817849675900695,0.09602024028588643,0.3003367532321275
stable_late,20240918,anchor_rts_fm,0.18586920270449514,0.09044048620765165,0.2812979192013386
stable_late,20240919,anchor_rts_fm,0.20116611216322286,0.08506441782201436,0.31726780650443137
stable_late,20240920,anchor_rts_fm,0.1879016456213558,0.08100492434193488,0.29479836690077676
stable_late,20240921,anchor_rts_fm,0.2233780476104807,0.14506505341372242,0.301691041807239
stable_late,20240922,anchor_rts_fm,0.24794732132340297,0.14707090830685127,0.34882373433995467
stable_late,20240923,anchor_rts_fm,0.2517923769263679,0.12911528766755478,0.37446946618518107
stable_late,20240924,anchor_rts_fm,0.23503994968552977,0.1020919924592331,0.3679879069118264
stable_late,20240925,anchor_rts_fm,0.2234597236678646,0.11747400434520991,0.3294454429905193
stable_late,20240926,anchor_rts_fm,0.20936521729175023,0.10300026970609504,0.3157301648774054
stable_late,20240927,anchor_rts_fm,0.19965634843143,0.10657659331854978,0.2927361035443102
stable_late,20240928,anchor_rts_fm,0.21995757353159107,0.10638464596703011,0.333530501096152
stable_late,20240929,anchor_rts_fm,0.21198545449103032,0.10186832194559271,0.32210258703646794
stable_late,20240930,anchor_rts_fm,0.20807350338787425,0.12007917753691329,0.29606782923883523
stable_late,20241001,anchor_rts_fm,0.2175155883417431,0.10224784947679678,0.3327833272066894
stable_late,20241002,anchor_rts_fm,0.20335422242136997,0.11007031415567504,0.2966381306870649
stable_late,20241003,anchor_rts_fm,0.19110788315712227,0.0935274342426531,0.28868833207159145
stable_late,20241004,anchor_rts_fm,0.20241938760484357,0.09714043046436363,0.30769834474532354
stable_late,20241005,anchor_rts_fm,0.21154355930196345,0.08979688973430601,0.3332902288696209
stable_late,20241006,anchor_rts_fm,0.2098583884528522,0.10122047697588091,0.31849629992982353
stable_late,20241007,anchor_rts_fm,0.19079134061681036,0.08748758122106223,0.2940951000125585
stable_late,20241008,anchor_rts_fm,0.21402916276866651,0.09562902367995696,0.33242930185737607
stable_late,20241009,anchor_rts_fm,0.20529592099053995,0.08786464796589075,0.3227271940151892
stable_late,20241010,anchor_rts_fm,0.1860485994008035,0.08641443890156271,0.2856827599000443
stable_late,20241011,anchor_rts_fm,0.21175477761934747,0.0843559883375323,0.33915356690116266
stable_late,20240813,final,0.22418698620646654,0.1028383782450886,0.3455355941678445
stable_late,20240814,final,0.2276907465458644,0.11272037635507769,0.3426611167366511
stable_late,20240815,final,0.22952705393674763,0.11417115046517605,0.3448829574083192
stable_late,20240816,final,0.2034943713749051,0.09152792387786828,0.3154608188719419
stable_late,20240817,final,0.2065905702266216,0.10251158470057624,0.31066955575266697
stable_late,20240818,final,0.1907777219250522,0.11813621611522948,0.26341922773487497
stable_late,20240819,final,0.19646390587821708,0.09084721482832997,0.3020805969281042
stable_late,20240820,final,0.2085667652291957,0.09085916007897651,0.3262743703794149
stable_late,20240821,final,0.18115323184555226,0.08310050907794693,0.2792059546131576
stable_late,20240822,final,0.20348799712049206,0.10133556392468977,0.30564043031629434
stable_late,20240823,final,0.22817341230072197,0.13213339417220407,0.3242134304292399
stable_late,20240824,final,0.2268438911740902,0.10577421416624835,0.34791356818193203
stable_late,20240825,final,0.18313302429121708,0.09237498112651966,0.2738910674559145
stable_late,20240826,final,0.1974499453211364,0.08604230021849349,0.3088575904237793
stable_late,20240827,final,0.189446155594352,0.0800536744547516,0.2988386367339524
stable_late,20240828,final,0.18551387084543366,0.09084854258159697,0.28017919910927036
stable_late,20240829,final,0.1917277439937849,0.08899168607493865,0.29446380191263116
stable_late,20240830,final,0.19503375658267563,0.08343228699219284,0.3066352261731584
stable_late,20240831,final,0.19550267706455043,0.10964702983648121,0.28135832429261964
stable_late,20240901,final,0.18381102301926744,0.09972996804366968,0.2678920779948652
stable_late,20240902,final,0.18464878194502107,0.08929470834379628,0.2800028555462459
stable_late,20240903,final,0.20579075375228584,0.08907987650264451,0.3225016310019272
stable_late,20240904,final,0.21529313090951976,0.09747478838667818,0.33311147343236136
stable_late,20240905,final,0.1995075129889142,0.08455624911128512,0.3144587768665433
stable_late,20240906,final,0.18317695518488433,0.08439006321620836,0.2819638471535603
stable_late,20240907,final,0.18728404826743486,0.09682860721216612,0.2777394893227036
stable_late,20240908,final,0.18952587960236805,0.09314159586223225,0.28591016334250385
stable_late,20240909,final,0.19418324085620559,0.07839776433788347,0.3099687173745277
stable_late,20240910,final,0.18563766273781307,0.08076863543477095,0.29050669004085516
stable_late,20240911,final,0.21402899146163795,0.09395754024564976,0.3341004426776262
stable_late,20240912,final,0.20612152426619898,0.08670677258812376,0.3255362759442742
stable_late,20240913,final,0.1749956973970112,0.08262158137137027,0.26736981342265215
stable_late,20240914,final,0.19576993493435607,0.09599860468245561,0.29554126518625656
stable_late,20240915,final,0.19708378458375747,0.10859432191100488,0.28557324725651007
stable_late,20240916,final,0.23329086455228462,0.1349989604592366,0.33158276864533265
stable_late,20240917,final,0.19791096051698448,0.09548516780184148,0.3003367532321275
stable_late,20240918,final,0.18595372473816796,0.09060953027499731,0.2812979192013386
stable_late,20240919,final,0.20112152639972672,0.08497524629502208,0.31726780650443137
stable_late,20240920,final,0.1879771497242403,0.08115593254770381,0.29479836690077676
stable_late,20240921,final,0.22423469884538416,0.14677835588352936,0.301691041807239
stable_late,20240922,final,0.24843990566983593,0.14805607699971718,0.34882373433995467
stable_late,20240923,final,0.2523108705532973,0.13015227492141362,0.374469466185181
stable_late,20240924,final,0.23422960775419308,0.10047130859655973,0.3679879069118264
stable_late,20240925,final,0.22260163274950645,0.11575782250849359,0.3294454429905193
stable_late,20240926,final,0.20866165804158557,0.10159315120576574,0.3157301648774054
stable_late,20240927,final,0.1997505268350811,0.10676495012585199,0.2927361035443102
stable_late,20240928,final,0.22040666518332772,0.10728282927050342,0.333530501096152
stable_late,20240929,final,0.21208070579365637,0.10205882455084482,0.32210258703646794
stable_late,20240930,final,0.20791209022005458,0.11975635120127393,0.29606782923883523
stable_late,20241001,final,0.21689507028431754,0.1010068133619457,0.3327833272066894
stable_late,20241002,final,0.20258795374177885,0.10853777679649282,0.2966381306870649
stable_late,20241003,final,0.1905787043849793,0.09246907669836721,0.28868833207159145
stable_late,20241004,final,0.2025885394126588,0.09747873407999406,0.30769834474532354
stable_late,20241005,final,0.21127278866348925,0.08925534845735761,0.3332902288696209
stable_late,20241006,final,0.20914942666315278,0.09980255339648203,0.31849629992982353
stable_late,20241007,final,0.19080610419985686,0.08751710838715519,0.2940951000125585
stable_late,20241008,final,0.21359360642737726,0.09475791099737846,0.33242930185737607
stable_late,20241009,final,0.20500831085152946,0.08728942768786972,0.3227271940151892
stable_late,20241010,final,0.18634348108429166,0.08700420226853903,0.2856827599000443
stable_late,20241011,final,0.2120446765813926,0.08493578626162251,0.33915356690116266
roll_0429,20240429,april_mean,0.2581492617505597,0.11572891385439063,0.4005696096467287
roll_0429,20240430,april_mean,0.20305969353992329,0.08760512954371961,0.31851425753612694
roll_0429,20240501,april_mean,0.2209352330763309,0.09105599910221607,0.3508144670504457
roll_0429,20240502,april_mean,0.2290496922322056,0.08134524380588128,0.3767541406585299
roll_0429,20240503,april_mean,0.2520888632978512,0.15228662246801208,0.3518911041276903
roll_0429,20240504,april_mean,0.2577348827763507,0.13709157702363622,0.37837818852906524
roll_0429,20240505,april_mean,0.2816599457304143,0.1816114531026405,0.38170843835818813
roll_0429,20240506,april_mean,0.2463415852330239,0.12810648998605537,0.3645766804799924
roll_0429,20240507,april_mean,0.2279528500485621,0.10862849669150315,0.34727720340562107
roll_0429,20240508,april_mean,0.20686545776304383,0.0928175975384676,0.3209133179876201
roll_0429,20240509,april_mean,0.23322246843656455,0.09571263816357177,0.3707322987095573
roll_0429,20240510,april_mean,0.22395337391587072,0.08655545166888697,0.3613512961628545
roll_0429,20240511,april_mean,0.22077910215043725,0.10237647702215939,0.3391817272787151
roll_0429,20240512,april_mean,0.23892302908943566,0.12774997492511037,0.35009608325376096
roll_0429,20240513,april_mean,0.202620218990109,0.09124440781147361,0.31399603016874444
roll_0429,20240514,april_mean,0.21150734658188444,0.0960346339885455,0.3269800591752234
roll_0429,20240515,april_mean,0.2262221267129767,0.09477221604347381,0.3576720373824796
roll_0429,20240516,april_mean,0.20380210646057442,0.0940794625382217,0.31352475038292715
roll_0429,20240517,april_mean,0.20066910094087595,0.0951142321607818,0.3062239697209701
roll_0429,20240518,april_mean,0.2519217202790809,0.130835448765672,0.3730079917924898
roll_0429,20240519,april_mean,0.2575160615143347,0.12196735054027165,0.3930647724883977
roll_0429,20240520,april_mean,0.1994498741297334,0.08210889123820099,0.3167908570212658
roll_0429,20240521,april_mean,0.2166946900028687,0.09057629214874369,0.3428130878569937
roll_0429,20240522,april_mean,0.2096632061568223,0.1120110650000868,0.3073153473135578
roll_0429,20240523,april_mean,0.2046785964101226,0.08305922482167886,0.3262979679985663
roll_0429,20240524,april_mean,0.1985325717716125,0.08730446993940945,0.30976067360381554
roll_0429,20240525,april_mean,0.21523417376683207,0.10396587599504893,0.3265024715386152
roll_0429,20240526,april_mean,0.27435455836657735,0.15605946588568193,0.3926496508474728
roll_0429,20240527,april_mean,0.20635836217710024,0.10032351106916435,0.31239321328503616
roll_0429,20240528,april_mean,0.1761710594829417,0.08153856149048103,0.2708035574754024
roll_0429,20240530,april_mean,0.2214750613131921,0.10950169887654106,0.3334484237498432
roll_0429,20240531,april_mean,0.21048808578318626,0.08547327683640042,0.3355028947299721
roll_0429,20240601,april_mean,0.21704962628147645,0.11463577638922091,0.319463476173732
roll_0429,20240602,april_mean,0.24157051188767353,0.12250849087814938,0.36063253289719766
roll_0429,20240603,april_mean,0.22802854457775779,0.10671298258746191,0.34934410656805365
roll_0429,20240604,april_mean,0.2190566012543183,0.09719411745622167,0.3409190850524149
roll_0429,20240605,april_mean,0.21779327150128372,0.09035474178072055,0.3452318012218469
roll_0429,20240606,april_mean,0.20670683842014104,0.09250874095867562,0.32090493588160646
roll_0429,20240607,april_mean,0.2098854650282342,0.07980099954547527,0.33996993051099317
roll_0429,20240608,april_mean,0.22471726957230104,0.11654774991868412,0.33288678922591797
roll_0429,20240609,april_mean,0.23060493184651332,0.11537427863860451,0.34583558505442213
roll_0429,20240610,april_mean,0.22518674945489303,0.10390944078251803,0.34646405812726805
roll_0429,20240611,april_mean,0.21713590910784508,0.10189377018184462,0.3323780480338456
roll_0429,20240612,april_mean,0.22258334663790674,0.1068892831076171,0.3382774101681964
roll_0429,20240613,april_mean,0.2015812538635842,0.09222821533562227,0.31093429239154613
roll_0429,20240614,april_mean,0.21376491847087245,0.0983418451059428,0.3291879918358021
roll_0429,20240615,april_mean,0.20805463877374508,0.11835760964666597,0.2977516679008242
roll_0429,20240616,april_mean,0.22635551867935857,0.11286175858326498,0.3398492787754522
roll_0429,20240617,april_mean,0.20992864505417932,0.10252255170301185,0.3173347384053468
roll_0429,20240618,april_mean,0.21141117794593808,0.09062546090288531,0.33219689498899085
roll_0429,20240619,april_mean,0.21156904981663013,0.11291343055531512,0.31022466907794516
roll_0429,20240620,april_mean,0.2071118989247096,0.0943849267004783,0.31983887114894094
roll_0429,20240621,april_mean,0.20034789536983616,0.07965054885019872,0.3210452418894736
roll_0429,20240622,april_mean,0.2074278579097039,0.09322951433979389,0.3216262014796139
roll_0429,20240623,april_mean,0.2376521851127525,0.10158065796450075,0.3737237122610042
roll_0429,20240624,april_mean,0.20814274568948954,0.09175413483200681,0.32453135654697224
roll_0429,20240625,april_mean,0.2108805742914497,0.10567673946019047,0.31608440912270896
roll_0429,20240626,april_mean,0.23277047550856494,0.10191644950485809,0.36362450151227177
roll_0429,20240627,april_mean,0.21628906772673817,0.11610867344592465,0.31646946200755166
roll_0429,20240429,novdec_mean,0.2329077286695567,0.08785102692718637,0.377964430411927
roll_0429,20240430,novdec_mean,0.21245285382862011,0.0985466838579542,0.32635902379928605
roll_0429,20240501,novdec_mean,0.23787224909761664,0.11957350582169567,0.3561709923735376
roll_0429,20240502,novdec_mean,0.23505694249748962,0.0889252655038414,0.38118861949113786
roll_0429,20240503,novdec_mean,0.22876962987808047,0.12069359576282863,0.3368456639933323
roll_0429,20240504,novdec_mean,0.2397781388556845,0.11772146911665614,0.36183480859471284
roll_0429,20240505,novdec_mean,0.25683066203661836,0.14395491101737104,0.3697064130558657
roll_0429,20240506,novdec_mean,0.22831364385857705,0.10252641389725828,0.35410087381989586
roll_0429,20240507,novdec_mean,0.24606865160226332,0.1383078771497457,0.3538294260547809
roll_0429,20240508,novdec_mean,0.2296764117404968,0.12549595267058894,0.33385687081040466
roll_0429,20240509,novdec_mean,0.24848864037816032,0.12114978715318667,0.375827493603134
roll_0429,20240510,novdec_mean,0.23121769544289644,0.09821643034960346,0.3642189605361894
roll_0429,20240511,novdec_mean,0.20697732746769804,0.07569673106129401,0.33825792387410203
roll_0429,20240512,novdec_mean,0.2269860719720353,0.10762897507464139,0.34634316886942923
roll_0429,20240513,novdec_mean,0.21837137099596945,0.10717868997420349,0.3295640520177354
roll_0429,20240514,novdec_mean,0.22419090891530416,0.11874664630974067,0.32963517152086763
roll_0429,20240515,novdec_mean,0.23677429056344404,0.11338536833933488,0.3601632127875532
roll_0429,20240516,novdec_mean,0.21204168765699752,0.11259670028434547,0.31148667502964955
roll_0429,20240517,novdec_mean,0.19589394946470845,0.09192357951303406,0.2998643194163828
roll_0429,20240518,novdec_mean,0.23658413358111915,0.0997889939573408,0.3733792732048975
roll_0429,20240519,novdec_mean,0.23743474836063452,0.09583268645701741,0.3790368102642516
roll_0429,20240520,novdec_mean,0.22097912714349408,0.10367306398025115,0.338285190306737
roll_0429,20240521,novdec_mean,0.23588298343489833,0.12026799891843809,0.35149796795135857
roll_0429,20240522,novdec_mean,0.22768791199039856,0.1356297298680996,0.31974609411269755
roll_0429,20240523,novdec_mean,0.21000332450218537,0.1131082587529933,0.30689839025137744
roll_0429,20240524,novdec_mean,0.22086360050543596,0.11638710684049662,0.3253400941703753
roll_0429,20240525,novdec_mean,0.21177114771315694,0.09325122715669326,0.3302910682696206
roll_0429,20240526,novdec_mean,0.2555838770356055,0.12185481415202176,0.3893129399191892
roll_0429,20240527,novdec_mean,0.2237643875188014,0.12757610310630618,0.3199526719312966
roll_0429,20240528,novdec_mean,0.1986473614917399,0.10673238416525214,0.29056233881822763
roll_0429,20240530,novdec_mean,0.23033183035173993,0.13055026734659395,0.33011339335688594
roll_0429,20240531,novdec_mean,0.22982527291366883,0.11403441251705757,0.34561613331028007
roll_0429,20240601,novdec_mean,0.21129440645444356,0.09568311371228866,0.32690569919659845
roll_0429,20240602,novdec_mean,0.23731641640772805,0.10729519730052939,0.3673376355149267
roll_0429,20240603,novdec_mean,0.23688572517338058,0.14357906577902962,0.33019238456773153
roll_0429,20240604,novdec_mean,0.24055498855242655,0.1305260876020387,0.3505838895028144
roll_0429,20240605,novdec_mean,0.23325793258627575,0.11673204519619168,0.3497838199763598
roll_0429,20240606,novdec_mean,0.22438132852989218,0.13361138178617118,0.3151512752736132
roll_0429,20240607,novdec_mean,0.21997528586858023,0.09406842081787734,0.34588215091928315
roll_0429,20240608,novdec_mean,0.2117431406753845,0.09707852124249743,0.32640776010827155
roll_0429,20240609,novdec_mean,0.23223618332269177,0.10706873030164381,0.35740363634373973
roll_0429,20240610,novdec_mean,0.23256702551629443,0.1330430610667118,0.33209098996587705
roll_0429,20240611,novdec_mean,0.23961533535852175,0.14004578564752582,0.33918488506951766
roll_0429,20240612,novdec_mean,0.23971909942877753,0.14003054380535662,0.33940765505219844
roll_0429,20240613,novdec_mean,0.2229356068504521,0.12352940527944287,0.3223418084214614
roll_0429,20240614,novdec_mean,0.23464921092342428,0.1211108453073805,0.348187576539468
roll_0429,20240615,novdec_mean,0.20878470453480796,0.10309468339998622,0.3144747256696297
roll_0429,20240616,novdec_mean,0.22941808569520442,0.11118822334484225,0.3476479480455666
roll_0429,20240617,novdec_mean,0.23245990555715068,0.13977744251258237,0.325142368601719
roll_0429,20240618,novdec_mean,0.23536099372682193,0.12437709534653303,0.34634489210711084
roll_0429,20240619,novdec_mean,0.23051062696343044,0.1463504858584537,0.31467076806840716
roll_0429,20240620,novdec_mean,0.23314557817658818,0.12945009448722816,0.3368410618659482
roll_0429,20240621,novdec_mean,0.21668633607769305,0.1015819075873929,0.3317907645679932
roll_0429,20240622,novdec_mean,0.20987227462926444,0.0859703028470447,0.3337742464114842
roll_0429,20240623,novdec_mean,0.25048862125884563,0.11396392536682892,0.3870133171508624
roll_0429,20240624,novdec_mean,0.23128444059136666,0.12649991567209973,0.3360689655106336
roll_0429,20240625,novdec_mean,0.24705215430835328,0.14826608266473912,0.34583822595196745
roll_0429,20240626,novdec_mean,0.2583841123011901,0.1388452017094677,0.3779230228929125
roll_0429,20240627,novdec_mean,0.23174451948304042,0.1482333774722474,0.31525566149383344
roll_0429,20240429,anchor,0.2376417290503534,0.09260927262456253,0.3826741854761443
roll_0429,20240430,anchor,0.20087137088533627,0.08498889188759982,0.3167538498830727
roll_0429,20240501,anchor,0.2155345015508513,0.0889895540883997,0.3420794490133029
roll_0429,20240502,anchor,0.22440353800194607,0.07994142416664335,0.3688656518372488
roll_0429,20240503,anchor,0.2503773470477423,0.13974602492282695,0.36100866917265767
roll_0429,20240504,anchor,0.22933240768831856,0.10928358602697767,0.34938122934965943
roll_0429,20240505,anchor,0.22666664980117418,0.12029273149657502,0.3330405681057733
roll_0429,20240506,anchor,0.2366595884181514,0.12246873852125471,0.3508504383150481
roll_0429,20240507,anchor,0.2159263460447691,0.0967888444003737,0.3350638476891645
roll_0429,20240508,anchor,0.19629905338787548,0.08224985707769215,0.3103482496980588
roll_0429,20240509,anchor,0.21906058000278905,0.08892681126242578,0.3491943487431523
roll_0429,20240510,anchor,0.21470187708355104,0.08406652510195817,0.3453372290651439
roll_0429,20240511,anchor,0.19815883689715819,0.07240264758653407,0.3239150262077823
roll_0429,20240512,anchor,0.18999562389494626,0.08964431115226072,0.2903469366376318
roll_0429,20240513,anchor,0.20423359199182245,0.08506197188237045,0.32340521210127443
roll_0429,20240514,anchor,0.20835251310198302,0.09607207051545134,0.3206329556885147
roll_0429,20240515,anchor,0.2103932751000051,0.08770160192379149,0.3330849482762187
roll_0429,20240516,anchor,0.19652329249022218,0.08690069506964783,0.30614588991079655
roll_0429,20240517,anchor,0.20028775860318138,0.09490355460892586,0.3056719625974369
roll_0429,20240518,anchor,0.22439366733236382,0.09296372690481361,0.355823607759914
roll_0429,20240519,anchor,0.20025938582313668,0.08615659070668666,0.31436218093958673
roll_0429,20240520,anchor,0.20110085901454805,0.07760524823097595,0.3245964697981201
roll_0429,20240521,anchor,0.20172809614007184,0.07616070099494161,0.3272954912852021
roll_0429,20240522,anchor,0.20355169777329002,0.10508446014840557,0.3020189353981745
roll_0429,20240523,anchor,0.18778461003427036,0.07417849458679589,0.30139072548174484
roll_0429,20240524,anchor,0.19534215620862888,0.08294955051691133,0.30773476190034643
roll_0429,20240525,anchor,0.19416346065892093,0.08179721931047895,0.3065297020073629
roll_0429,20240526,anchor,0.21589961765510057,0.11117186275843353,0.3206273725517676
roll_0429,20240527,anchor,0.20129228808464547,0.09459974140648625,0.3079848347628047
roll_0429,20240528,anchor,0.17809074109681508,0.07461701750553701,0.28156446468809315
roll_0429,20240530,anchor,0.2139973668659212,0.10410007515313836,0.32389465857870403
roll_0429,20240531,anchor,0.2100225940941417,0.08112999968253315,0.33891518850575025
roll_0429,20240601,anchor,0.19849171637583404,0.08973295357447657,0.3072504791771915
roll_0429,20240602,anchor,0.19303013865357604,0.09283795191753183,0.2932223253896203
roll_0429,20240603,anchor,0.2231842356524565,0.09971451943786316,0.34665395186704984
roll_0429,20240604,anchor,0.20862358173774337,0.08254881682495377,0.334698346650533
roll_0429,20240605,anchor,0.2117373005410255,0.08158411910857032,0.34189048197348065
roll_0429,20240606,anchor,0.19820855452116368,0.07873585804449379,0.31768125099783356
roll_0429,20240607,anchor,0.21254779303206411,0.08134698918179271,0.3437485968823355
roll_0429,20240608,anchor,0.20440350669641885,0.08789776192267162,0.3209092514701661
roll_0429,20240609,anchor,0.19051602866163736,0.09516556905410775,0.285866488269167
roll_0429,20240610,anchor,0.22073870842588783,0.09875432068712804,0.34272309616464763
roll_0429,20240611,anchor,0.20626403049292003,0.08747139784336645,0.3250566631424736
roll_0429,20240612,anchor,0.21196414529212715,0.08798518582022091,0.3359431047640334
roll_0429,20240613,anchor,0.19258124333030713,0.08539735529881007,0.29976513136180416
roll_0429,20240614,anchor,0.216020236939172,0.09514094436961484,0.33689952950872915
roll_0429,20240615,anchor,0.18697051600723197,0.09408866000015002,0.2798523720143139
roll_0429,20240616,anchor,0.201137751281819,0.09586076770884899,0.306414734854789
roll_0429,20240617,anchor,0.20806580423797064,0.09503965083308087,0.3210919576428604
roll_0429,20240618,anchor,0.2051311159448412,0.07689661899794752,0.3333656128917349
roll_0429,20240619,anchor,0.200984709446446,0.09517596905244446,0.30679344984044754
roll_0429,20240620,anchor,0.20155291603326314,0.08193864158237688,0.32116719048414943
roll_0429,20240621,anchor,0.20031905295182456,0.07853077756000527,0.32210732834364386
roll_0429,20240622,anchor,0.18851870255038664,0.0770410485864881,0.2999963565142852
roll_0429,20240623,anchor,0.19223663916067724,0.09851638716313729,0.28595689115821715
roll_0429,20240624,anchor,0.20115229486842254,0.08364397486224397,0.3186606148746011
roll_0429,20240625,anchor,0.19104755249520614,0.07927850960774296,0.3028165953826693
roll_0429,20240626,anchor,0.21737517504525064,0.08744189094645495,0.34730845914404634
roll_0429,20240627,anchor,0.21201305160973838,0.10368140426953013,0.3203446989499466
roll_0429,20240429,anchor_rts,0.22729881651418812,0.0892588815807804,0.36533875144759587
roll_0429,20240430,anchor_rts,0.19662325326204308,0.08422549937862116,0.309021007145465
roll_0429,20240501,anchor_rts,0.21884974950751337,0.09818731774733626,0.3395121812676905
roll_0429,20240502,anchor_rts,0.22647234079758766,0.08006947676538997,0.3728752048297853
roll_0429,20240503,anchor_rts,0.2341633489142098,0.1290723302635861,0.3392543675648335
roll_0429,20240504,anchor_rts,0.22548286098052406,0.10944941864896408,0.34151630331208405
roll_0429,20240505,anchor_rts,0.21660292211960647,0.11123246821651099,0.32197337602270193
roll_0429,20240506,anchor_rts,0.2272242177183506,0.11333335238139504,0.3411150830553062
roll_0429,20240507,anchor_rts,0.22254174110406738,0.10778067269127359,0.33730280951686115
roll_0429,20240508,anchor_rts,0.2032121639728331,0.09158505686591598,0.3148392710797502
roll_0429,20240509,anchor_rts,0.22798392760019118,0.09640790562652189,0.35955994957386045
roll_0429,20240510,anchor_rts,0.21819186188451728,0.08884383531591819,0.3475398884531164
roll_0429,20240511,anchor_rts,0.1990777797141644,0.07267006777773037,0.3254854916505984
roll_0429,20240512,anchor_rts,0.18939361100800645,0.08706220223958308,0.29172501977642984
roll_0429,20240513,anchor_rts,0.20466160033627098,0.08841100879547588,0.3209121918770661
roll_0429,20240514,anchor_rts,0.20837505345022977,0.09657713777989606,0.3201729691205635
roll_0429,20240515,anchor_rts,0.21116351095910102,0.08622543114676487,0.33610159077143714
roll_0429,20240516,anchor_rts,0.19479605871851208,0.08838274523512735,0.3012093722018968
roll_0429,20240517,anchor_rts,0.19381866015623592,0.0889899625326775,0.29864735777979434
roll_0429,20240518,anchor_rts,0.21856335790238132,0.08763620006450208,0.3494905157402606
roll_0429,20240519,anchor_rts,0.19391154519176945,0.0834744249508528,0.30434866543268607
roll_0429,20240520,anchor_rts,0.20412600595622288,0.07957260312601619,0.3286794087864296
roll_0429,20240521,anchor_rts,0.20426819014630376,0.07917835293744296,0.32935802735516456
roll_0429,20240522,anchor_rts,0.20245632485112278,0.10227672576470052,0.302635923937545
roll_0429,20240523,anchor_rts,0.19086908767990796,0.07907396435306463,0.3026642110067513
roll_0429,20240524,anchor_rts,0.19698035829974558,0.0887108750057392,0.30524984159375196
roll_0429,20240525,anchor_rts,0.19374855829487325,0.08168058044140629,0.3058165361483402
roll_0429,20240526,anchor_rts,0.20905192125837033,0.10488333166119455,0.3132205108555461
roll_0429,20240527,anchor_rts,0.2034562184556752,0.09786037091352494,0.3090520659978254
roll_0429,20240528,anchor_rts,0.1734349243647811,0.07300359561514615,0.2738662531144161
roll_0429,20240530,anchor_rts,0.21157409332139138,0.10158645231256622,0.3215617343302165
roll_0429,20240531,anchor_rts,0.20823746140664204,0.08249853679797058,0.3339763860153135
roll_0429,20240601,anchor_rts,0.19674805103754814,0.08441969156308267,0.3090764105120136
roll_0429,20240602,anchor_rts,0.19020207416014792,0.08936162171916862,0.2910425266011272
roll_0429,20240603,anchor_rts,0.22369620299182438,0.1023821768928181,0.3450102290908307
roll_0429,20240604,anchor_rts,0.20936473056754296,0.08381019228775356,0.33491926884733236
roll_0429,20240605,anchor_rts,0.2069063014143785,0.0789665644148278,0.3348460384139292
roll_0429,20240606,anchor_rts,0.1979428753343273,0.08178391808427186,0.31410183258438273
roll_0429,20240607,anchor_rts,0.2057173045287672,0.07784962809449422,0.3335849809630401
roll_0429,20240608,anchor_rts,0.2009480186824353,0.09019287726978877,0.31170316009508187
roll_0429,20240609,anchor_rts,0.18989234666800767,0.09383116204178238,0.28595353129423295
roll_0429,20240610,anchor_rts,0.2204480434139877,0.09774455759930954,0.3431515292286658
roll_0429,20240611,anchor_rts,0.20275177077170137,0.0852227742846686,0.3202807672587341
roll_0429,20240612,anchor_rts,0.2074238595553316,0.08539319701950245,0.3294545220911608
roll_0429,20240613,anchor_rts,0.19187944336712,0.08289368734375009,0.30086519939048995
roll_0429,20240614,anchor_rts,0.2117819789538732,0.09222225384974159,0.33134170405800484
roll_0429,20240615,anchor_rts,0.18362204448796907,0.09054969866977818,0.27669439030615994
roll_0429,20240616,anchor_rts,0.2008354337912566,0.09525268424479283,0.30641818333772036
roll_0429,20240617,anchor_rts,0.20410922286236707,0.09074950647197357,0.3174689392527606
roll_0429,20240618,anchor_rts,0.20186559899782916,0.07317778880106394,0.33055340919459436
roll_0429,20240619,anchor_rts,0.19741641914235655,0.09128723903195014,0.303545599252763
roll_0429,20240620,anchor_rts,0.19713440938748078,0.07710379809884274,0.31716502067611885
roll_0429,20240621,anchor_rts,0.19711396653085808,0.07518466901576248,0.3190432640459537
roll_0429,20240622,anchor_rts,0.18468653627781398,0.07640836473057062,0.29296470782505735
roll_0429,20240623,anchor_rts,0.18699568865322314,0.09419444748043133,0.27979692982601495
roll_0429,20240624,anchor_rts,0.19816797525443702,0.08033602193776218,0.31599992857111187
roll_0429,20240625,anchor_rts,0.19068480588071088,0.07609283569071279,0.30527677607070897
roll_0429,20240626,anchor_rts,0.21518507623834257,0.08302301840898424,0.3473471340677009
roll_0429,20240627,anchor_rts,0.20666214054216656,0.09696473652465838,0.31635954455967474
roll_0429,20240429,anchor_rts_fullgrid,0.22742350967315156,0.08915812011788378,0.36568889922841935
roll_0429,20240430,anchor_rts_fullgrid,0.19880491746118506,0.08543476205320506,0.31217507286916507
roll_0429,20240501,anchor_rts_fullgrid,0.22074501668736424,0.09969290046960226,0.3417971329051262
roll_0429,20240502,anchor_rts_fullgrid,0.22745874911084574,0.07940668500184625,0.3755108132198452
roll_0429,20240503,anchor_rts_fullgrid,0.2358529714526958,0.13224473385714874,0.33946120904824284
roll_0429,20240504,anchor_rts_fullgrid,0.22799747164261397,0.10921133520835895,0.346783608076869
roll_0429,20240505,anchor_rts_fullgrid,0.22379449840688792,0.1192646257113054,0.3283243711024704
roll_0429,20240506,anchor_rts_fullgrid,0.22337098392409344,0.10995603921615991,0.33678592863202694
roll_0429,20240507,anchor_rts_fullgrid,0.2234787591601064,0.1070898067964105,0.3398677115238023
roll_0429,20240508,anchor_rts_fullgrid,0.20624865783271124,0.09395928824759421,0.3185380274178283
roll_0429,20240509,anchor_rts_fullgrid,0.2296839076982203,0.09731195371308093,0.3620558616833597
roll_0429,20240510,anchor_rts_fullgrid,0.220758316998029,0.08833733655419891,0.3531792974418591
roll_0429,20240511,anchor_rts_fullgrid,0.1996960058477008,0.07281666946622836,0.3265753422291732
roll_0429,20240512,anchor_rts_fullgrid,0.18814590446016285,0.08926719165440607,0.28702461726591966
roll_0429,20240513,anchor_rts_fullgrid,0.20859211455795593,0.09313076262198366,0.3240534664939282
roll_0429,20240514,anchor_rts_fullgrid,0.2080361645955283,0.09632385711176733,0.31974847207928925
roll_0429,20240515,anchor_rts_fullgrid,0.21435620289897006,0.08665386019860774,0.3420585455993324
roll_0429,20240516,anchor_rts_fullgrid,0.19595457548928422,0.09209202425957586,0.2998171267189926
roll_0429,20240517,anchor_rts_fullgrid,0.19620297346550475,0.09076852951123744,0.30163741741977207
roll_0429,20240518,anchor_rts_fullgrid,0.22207894786260604,0.08996649698669179,0.3541913987385203
roll_0429,20240519,anchor_rts_fullgrid,0.19772063399346623,0.08552324771083736,0.3099180202760951
roll_0429,20240520,anchor_rts_fullgrid,0.20477401736275075,0.08069972702843624,0.32884830769706525
roll_0429,20240521,anchor_rts_fullgrid,0.2080397474305178,0.08150892799978883,0.3345705668612468
roll_0429,20240522,anchor_rts_fullgrid,0.20412826371241097,0.10502586323488634,0.3032306641899356
roll_0429,20240523,anchor_rts_fullgrid,0.19272359309517462,0.07945125308607903,0.3059959331042702
roll_0429,20240524,anchor_rts_fullgrid,0.19592419829928998,0.08704671641786899,0.30480168018071097
roll_0429,20240525,anchor_rts_fullgrid,0.19315171705430323,0.08144057956578696,0.3048628545428195
roll_0429,20240526,anchor_rts_fullgrid,0.21179574223566489,0.10841777853198802,0.31517370593934174
roll_0429,20240527,anchor_rts_fullgrid,0.20482836122137021,0.10067577879299214,0.30898094364974826
roll_0429,20240528,anchor_rts_fullgrid,0.1746463933249921,0.07580107587436208,0.2734917107756221
roll_0429,20240530,anchor_rts_fullgrid,0.21421981864938475,0.10572261571320579,0.3227170215855637
roll_0429,20240531,anchor_rts_fullgrid,0.21043522527556727,0.08505919315600564,0.3358112573951289
roll_0429,20240601,anchor_rts_fullgrid,0.19686216674734286,0.08602606262111964,0.3076982708735661
roll_0429,20240602,anchor_rts_fullgrid,0.18987160958438062,0.08969334832557553,0.29004987084318573
roll_0429,20240603,anchor_rts_fullgrid,0.2269553583594808,0.10755525982513146,0.3463554568938301
roll_0429,20240604,anchor_rts_fullgrid,0.21098890448704655,0.08608218212610894,0.33589562684798413
roll_0429,20240605,anchor_rts_fullgrid,0.21018195539125412,0.08230542316900845,0.33805848761349977
roll_0429,20240606,anchor_rts_fullgrid,0.20061161725778634,0.08560818319606266,0.31561505131951
roll_0429,20240607,anchor_rts_fullgrid,0.20770699647494895,0.07987940741124967,0.33553458553864823
roll_0429,20240608,anchor_rts_fullgrid,0.1999592956820796,0.0868189203647664,0.3130996709993928
roll_0429,20240609,anchor_rts_fullgrid,0.1884881042422985,0.09193858225536033,0.2850376262292367
roll_0429,20240610,anchor_rts_fullgrid,0.22222800488943778,0.10178557543070835,0.3426704343481672
roll_0429,20240611,anchor_rts_fullgrid,0.2063579787160288,0.08997344651475223,0.3227425109173053
roll_0429,20240612,anchor_rts_fullgrid,0.2120379573597247,0.09231861759321551,0.33175729712623386
roll_0429,20240613,anchor_rts_fullgrid,0.1938503348576955,0.08811683968857519,0.2995838300268158
roll_0429,20240614,anchor_rts_fullgrid,0.2128437360793416,0.09368874633340937,0.3319987258252738
roll_0429,20240615,anchor_rts_fullgrid,0.1840588392974981,0.09181272526389854,0.27630495333109767
roll_0429,20240616,anchor_rts_fullgrid,0.19802305515079419,0.09292900613467843,0.30311710416690996
roll_0429,20240617,anchor_rts_fullgrid,0.20741739892173616,0.09758522066535082,0.3172495771781215
roll_0429,20240618,anchor_rts_fullgrid,0.20476630047957753,0.0781853306124299,0.3313472703467252
roll_0429,20240619,anchor_rts_fullgrid,0.1999216104869014,0.09676460773213535,0.30307861324166746
roll_0429,20240620,anchor_rts_fullgrid,0.20132861610461286,0.08357598872463856,0.31908124348458716
roll_0429,20240621,anchor_rts_fullgrid,0.19835537249546165,0.0772881975622364,0.3194225474286869
roll_0429,20240622,anchor_rts_fullgrid,0.18488869387878248,0.07546371678716705,0.2943136709703979
roll_0429,20240623,anchor_rts_fullgrid,0.18880754391064064,0.09475787217250255,0.28285721564877875
roll_0429,20240624,anchor_rts_fullgrid,0.2022520537791148,0.08645089673824963,0.31805321081997995
roll_0429,20240625,anchor_rts_fullgrid,0.1948595571903688,0.08331994035412868,0.3063991740266089
roll_0429,20240626,anchor_rts_fullgrid,0.21756753600249576,0.08690917020460605,0.3482259018003855
roll_0429,20240627,anchor_rts_fullgrid,0.21034848935754874,0.10347489341902327,0.3172220852960742
roll_0429,20240429,anchor_rts_fm,0.22669247494363093,0.08804619843966599,0.36533875144759587
roll_0429,20240430,anchor_rts_fm,0.19632322328395124,0.08362543942243751,0.309021007145465
roll_0429,20240501,anchor_rts_fm,0.21632846685348042,0.09314475243927034,0.3395121812676905
roll_0429,20240502,anchor_rts_fm,0.22550610195027074,0.07813699907075618,0.3728752048297853
roll_0429,20240503,anchor_rts_fm,0.23627600586226838,0.13329764415970327,0.3392543675648335
roll_0429,20240504,anchor_rts_fm,0.2261905977818107,0.11086489225153733,0.34151630331208405
roll_0429,20240505,anchor_rts_fm,0.21401121769682185,0.10604905937094176,0.32197337602270193
roll_0429,20240506,anchor_rts_fm,0.22813220909829535,0.1151493351412845,0.3411150830553062
roll_0429,20240507,anchor_rts_fm,0.2215329464355065,0.10576308335415187,0.33730280951686115
roll_0429,20240508,anchor_rts_fm,0.20176045565815023,0.08868164023655027,0.3148392710797502
roll_0429,20240509,anchor_rts_fm,0.22480990051203004,0.0900598514501996,0.35955994957386045
roll_0429,20240510,anchor_rts_fm,0.2158585312484447,0.08417717404377299,0.3475398884531164
roll_0429,20240511,anchor_rts_fm,0.19951744835923432,0.07354940506787021,0.3254854916505984
roll_0429,20240512,anchor_rts_fm,0.18968721598485652,0.08764941219328319,0.29172501977642984
roll_0429,20240513,anchor_rts_fm,0.20488262119859255,0.08885305052011898,0.3209121918770661
roll_0429,20240514,anchor_rts_fm,0.20720286119746562,0.09423275327436777,0.3201729691205635
roll_0429,20240515,anchor_rts_fm,0.2102016735132266,0.08430175625501604,0.33610159077143714
roll_0429,20240516,anchor_rts_fm,0.1922618238065481,0.08331427541119941,0.3012093722018968
roll_0429,20240517,anchor_rts_fm,0.19314917775271861,0.08765099772564289,0.29864735777979434
roll_0429,20240518,anchor_rts_fm,0.21743961612503182,0.08538871650980309,0.3494905157402606
roll_0429,20240519,anchor_rts_fm,0.1933881500345271,0.08242763463636817,0.30434866543268607
roll_0429,20240520,anchor_rts_fm,0.20336807305687105,0.07805673732731251,0.3286794087864296
roll_0429,20240521,anchor_rts_fm,0.2027990053985862,0.07623998344200786,0.32935802735516456
roll_0429,20240522,anchor_rts_fm,0.20019200740541954,0.09774809087329409,0.302635923937545
roll_0429,20240523,anchor_rts_fm,0.18924436704219988,0.0758245230776485,0.3026642110067513
roll_0429,20240524,anchor_rts_fm,0.1964313316225321,0.08761282165131225,0.30524984159375196
roll_0429,20240525,anchor_rts_fm,0.19379866452688727,0.0817807929054343,0.3058165361483402
roll_0429,20240526,anchor_rts_fm,0.20618522810022336,0.09914994534490064,0.3132205108555461
roll_0429,20240527,anchor_rts_fm,0.20267720492235364,0.09630234384688187,0.3090520659978254
roll_0429,20240528,anchor_rts_fm,0.17289551305731352,0.07192477300021095,0.2738662531144161
roll_0429,20240530,anchor_rts_fm,0.20883369214672703,0.09610564996323753,0.3215617343302165
roll_0429,20240531,anchor_rts_fm,0.20747238456419664,0.08096838311307977,0.3339763860153135
roll_0429,20240601,anchor_rts_fm,0.19480087563592968,0.08052534075984574,0.3090764105120136
roll_0429,20240602,anchor_rts_fm,0.19047687040371503,0.0899112142063028,0.2910425266011272
roll_0429,20240603,anchor_rts_fm,0.22309102822035626,0.10117182734988187,0.3450102290908307
roll_0429,20240604,anchor_rts_fm,0.20904994478802846,0.08318062072872455,0.33491926884733236
roll_0429,20240605,anchor_rts_fm,0.2052541137703399,0.07566218912675061,0.3348460384139292
roll_0429,20240606,anchor_rts_fm,0.19787847933587974,0.08165512608737675,0.31410183258438273
roll_0429,20240607,anchor_rts_fm,0.20482397112993758,0.07606296129683505,0.3335849809630401
roll_0429,20240608,anchor_rts_fm,0.19993245006217286,0.08816174002926389,0.31170316009508187
roll_0429,20240609,anchor_rts_fm,0.19003970723189156,0.0941258831695502,0.28595353129423295
roll_0429,20240610,anchor_rts_fm,0.2198284588875906,0.09650538854651534,0.3431515292286658
roll_0429,20240611,anchor_rts_fm,0.2012934783776164,0.0823061894964987,0.3202807672587341
roll_0429,20240612,anchor_rts_fm,0.20568487299155155,0.08191522389194233,0.3294545220911608
roll_0429,20240613,anchor_rts_fm,0.19130070396002755,0.08173620852956516,0.30086519939048995
roll_0429,20240614,anchor_rts_fm,0.21094413764442244,0.09054657123084002,0.33134170405800484
roll_0429,20240615,anchor_rts_fm,0.18179215794419534,0.08688992558223077,0.27669439030615994
roll_0429,20240616,anchor_rts_fm,0.20062967210589663,0.09484116087407289,0.30641818333772036
roll_0429,20240617,anchor_rts_fm,0.203299609161668,0.08913027907057539,0.3174689392527606
roll_0429,20240618,anchor_rts_fm,0.20137494609588075,0.07219648299716715,0.33055340919459436
roll_0429,20240619,anchor_rts_fm,0.19545190592371403,0.08735821259466509,0.303545599252763
roll_0429,20240620,anchor_rts_fm,0.19538128027436297,0.07359753987260709,0.31716502067611885
roll_0429,20240621,anchor_rts_fm,0.1953540626824139,0.0716648613188741,0.3190432640459537
roll_0429,20240622,anchor_rts_fm,0.1834475478349571,0.07393038784485684,0.29296470782505735
roll_0429,20240623,anchor_rts_fm,0.1866324169029958,0.09346790397997667,0.27979692982601495
roll_0429,20240624,anchor_rts_fm,0.1977863235817094,0.07957271859230693,0.31599992857111187
roll_0429,20240625,anchor_rts_fm,0.1895473463688802,0.07381791666705144,0.30527677607070897
roll_0429,20240626,anchor_rts_fm,0.21389968130390133,0.08045222854010176,0.3473471340677009
roll_0429,20240627,anchor_rts_fm,0.20208380680945529,0.08780806905923583,0.31635954455967474
roll_0429,20240429,final,0.2271117659980283,0.08888478054846075,0.36533875144759587
roll_0429,20240430,final,0.19594094859846412,0.08286089005146327,0.309021007145465
roll_0429,20240501,final,0.215862412932091,0.09221264459649146,0.3395121812676905
roll_0429,20240502,final,0.22535278166482206,0.07783035849985882,0.3728752048297853
roll_0429,20240503,final,0.2356944752737593,0.13213458298268513,0.3392543675648335
roll_0429,20240504,final,0.2263636360484807,0.11121096878487735,0.34151630331208405
roll_0429,20240505,final,0.21376248037075568,0.1055515847188094,0.32197337602270193
roll_0429,20240506,final,0.22819536564007933,0.11527564822485248,0.3411150830553062
roll_0429,20240507,final,0.22060972053426092,0.10391663155166073,0.33730280951686115
roll_0429,20240508,final,0.20116435843405422,0.08748944578835825,0.3148392710797502
roll_0429,20240509,final,0.2244084166779197,0.08925688378197894,0.35955994957386045
roll_0429,20240510,final,0.21596671253071043,0.08439353660830447,0.3475398884531164
roll_0429,20240511,final,0.199896549022804,0.07430760639500955,0.3254854916505984
roll_0429,20240512,final,0.18965608384679244,0.08758714791715506,0.29172501977642984
roll_0429,20240513,final,0.2048335589795356,0.08875492608200507,0.3209121918770661
roll_0429,20240514,final,0.20701192728709947,0.09385088545363547,0.3201729691205635
roll_0429,20240515,final,0.20985401992224142,0.08360644907304571,0.33610159077143714
roll_0429,20240516,final,0.19188805819269897,0.08256674418350113,0.3012093722018968
roll_0429,20240517,final,0.1927800990420147,0.08691284030423506,0.29864735777979434
roll_0429,20240518,final,0.21725078727335498,0.08501105880644938,0.3494905157402606
roll_0429,20240519,final,0.19363097618206618,0.08291328693144627,0.30434866543268607
roll_0429,20240520,final,0.20327003040791505,0.07786065202940051,0.3286794087864296
roll_0429,20240521,final,0.20228456281459903,0.07521109827403348,0.32935802735516456
roll_0429,20240522,final,0.19964036901357174,0.09664481408959848,0.302635923937545
roll_0429,20240523,final,0.18867638537272075,0.0746885597386902,0.3026642110067513
roll_0429,20240524,final,0.19703762630190771,0.08882541101006347,0.30524984159375196
roll_0429,20240525,final,0.19411032611499496,0.08240411608164973,0.3058165361483402
roll_0429,20240526,final,0.2057405124895729,0.09826051412359971,0.3132205108555461
roll_0429,20240527,final,0.2023840260335819,0.09571598606933843,0.3090520659978254
roll_0429,20240528,final,0.17291880142466987,0.07197134973492365,0.2738662531144161
roll_0429,20240530,final,0.2084250050715985,0.0952882758129805,0.3215617343302165
roll_0429,20240531,final,0.20780508963589678,0.08163379325648008,0.3339763860153135
roll_0429,20240601,final,0.19513132899973767,0.08118624748746169,0.3090764105120137
roll_0429,20240602,final,0.19020499745672417,0.08936746831232112,0.2910425266011272
roll_0429,20240603,final,0.2229163240349656,0.10082241897910053,0.3450102290908307
roll_0429,20240604,final,0.20880899198232816,0.08269871511732395,0.33491926884733236
roll_0429,20240605,final,0.20505723513353036,0.07526843185313153,0.3348460384139292
roll_0429,20240606,final,0.19754254996450393,0.08098326734462516,0.31410183258438273
roll_0429,20240607,final,0.2045076196146756,0.07543025826631104,0.3335849809630401
roll_0429,20240608,final,0.1995872157890008,0.08747127148291974,0.31170316009508187
roll_0429,20240609,final,0.18990459034445933,0.09385564939468573,0.28595353129423295
roll_0429,20240610,final,0.21926813989648553,0.09538475056430522,0.3431515292286658
roll_0429,20240611,final,0.2009854051511914,0.0816900430436487,0.3202807672587341
roll_0429,20240612,final,0.20538957522973916,0.08132462836831755,0.3294545220911608
roll_0429,20240613,final,0.19138325963225541,0.08190131987402088,0.30086519939048995
roll_0429,20240614,final,0.2113256579405477,0.09130961182309058,0.33134170405800484
roll_0429,20240615,final,0.18199972003609277,0.08730504976602559,0.27669439030615994
roll_0429,20240616,final,0.20063028155734106,0.09484237977696176,0.30641818333772036
roll_0429,20240617,final,0.20312913984998146,0.08878934044720227,0.31746893925276065
roll_0429,20240618,final,0.20152625101131816,0.07249909282804196,0.33055340919459436
roll_0429,20240619,final,0.19534903611454335,0.0871524729763237,0.303545599252763
roll_0429,20240620,final,0.19519110487633837,0.07321718907655787,0.31716502067611885
roll_0429,20240621,final,0.19526367952799387,0.07148409501003407,0.3190432640459537
roll_0429,20240622,final,0.18375226380975593,0.07453981979445452,0.29296470782505735
roll_0429,20240623,final,0.18688484095214877,0.0939727520782826,0.27979692982601495
roll_0429,20240624,final,0.19803406302811374,0.08006819748511564,0.31599992857111187
roll_0429,20240625,final,0.1891289790398668,0.07298118200902465,0.30527677607070897
roll_0429,20240626,final,0.21377722613469535,0.08020731820168982,0.3473471340677009
roll_0429,20240627,final,0.20186455697277367,0.08736956938587262,0.31635954455967474
roll_0513,20240513,april_mean,0.20440602334591762,0.0964267559057803,0.3123852907860549
roll_0513,20240514,april_mean,0.21440125981692107,0.1002605623307269,0.32854195730311525
roll_0513,20240515,april_mean,0.23000670028398046,0.0949248753991033,0.3650885251688576
roll_0513,20240516,april_mean,0.20539383890241486,0.09758122240173092,0.3132064554030988
roll_0513,20240517,april_mean,0.19588056753351454,0.08505408638694474,0.30670704868008436
roll_0513,20240518,april_mean,0.24092782768999113,0.1172693695505973,0.36458628582938496
roll_0513,20240519,april_mean,0.2419042410359314,0.1073662578788819,0.37644222419298085
roll_0513,20240520,april_mean,0.2022355669796974,0.08431886776457712,0.32015226619481774
roll_0513,20240521,april_mean,0.2236140733036525,0.09742014872037823,0.34980799788692674
roll_0513,20240522,april_mean,0.2127016843534426,0.11268079516771141,0.3127225735391738
roll_0513,20240523,april_mean,0.21010264938547515,0.09528034100583423,0.3249249577651161
roll_0513,20240524,april_mean,0.20590475121779028,0.09652067367263215,0.3152888287629484
roll_0513,20240525,april_mean,0.20606412896790346,0.09324681296224308,0.31888144497356385
roll_0513,20240526,april_mean,0.25901086312208166,0.13961070260641484,0.3784110236377484
roll_0513,20240527,april_mean,0.21221927354085146,0.10863440291832317,0.31580414416337976
roll_0513,20240528,april_mean,0.181920506580184,0.08890831586083475,0.27493269729953324
roll_0513,20240530,april_mean,0.22468491472148866,0.11304451213243329,0.33632531731054405
roll_0513,20240531,april_mean,0.21703703160376214,0.09307183965661603,0.34100222355090826
roll_0513,20240601,april_mean,0.20751547537139,0.0984112531398072,0.3166196976029728
roll_0513,20240602,april_mean,0.23145921529599428,0.11176793562983597,0.35115049496215256
roll_0513,20240603,april_mean,0.23692271248701224,0.12065131345060641,0.35319411152341806
roll_0513,20240604,april_mean,0.23070248680567587,0.10711506883503802,0.3542899047763137
roll_0513,20240605,april_mean,0.22028239828500085,0.0994707040305062,0.34109409253949546
roll_0513,20240606,april_mean,0.21300646127868608,0.10843917823690628,0.31757374432046587
roll_0513,20240607,april_mean,0.20724125453647751,0.08099793304054087,0.33348457603241416
roll_0513,20240608,april_mean,0.21711054825260884,0.11142202068339138,0.3227990758218263
roll_0513,20240609,april_mean,0.22451505820445006,0.10730178539109421,0.3417283310178059
roll_0513,20240610,april_mean,0.2317165115192413,0.11417175126904698,0.3492612717694356
roll_0513,20240611,april_mean,0.22532761117569927,0.11193303208263208,0.3387221902687665
roll_0513,20240612,april_mean,0.22924075574375075,0.1183790292457434,0.3401024822417581
roll_0513,20240613,april_mean,0.20805427959668157,0.0999291817450594,0.31617937744830377
roll_0513,20240614,april_mean,0.21905011117170484,0.1076068784868379,0.33049334385657175
roll_0513,20240615,april_mean,0.19775815823741044,0.1039713251931135,0.2915449912817074
roll_0513,20240616,april_mean,0.22502533902169847,0.11000416650860405,0.3400465115347929
roll_0513,20240617,april_mean,0.2163033782226072,0.11182821403117173,0.3207785424140427
roll_0513,20240618,april_mean,0.2194290035602219,0.10036544759553902,0.3384925595249048
roll_0513,20240619,april_mean,0.21915806833715792,0.12359192412928403,0.3147242125450318
roll_0513,20240620,april_mean,0.2105575031198561,0.10407163136587624,0.317043374873836
roll_0513,20240621,april_mean,0.20843064345914059,0.08322011770348743,0.33364116921479375
roll_0513,20240622,april_mean,0.19877816082803196,0.08535838287274737,0.31219793878331653
roll_0513,20240623,april_mean,0.23166678594830492,0.10226413272673411,0.3610694391698757
roll_0513,20240624,april_mean,0.21926809043193135,0.10276290510173129,0.3357732757621314
roll_0513,20240625,april_mean,0.22664362443170588,0.12476340741077738,0.32852384145263436
roll_0513,20240626,april_mean,0.24462810310837907,0.11328857832129868,0.37596762789545946
roll_0513,20240627,april_mean,0.22370331574458452,0.12280306460856341,0.32460356688060565
roll_0513,20240628,april_mean,0.2135233270866018,0.09742772086691186,0.3296189333062917
roll_0513,20240629,april_mean,0.21698120675107957,0.09498073836392357,0.33898167513823557
roll_0513,20240630,april_mean,0.240284742448992,0.1012539444989317,0.3793155403990523
roll_0513,20240701,april_mean,0.2200315682007373,0.11522978479493196,0.32483335160654264
roll_0513,20240702,april_mean,0.24282596156552536,0.1532693631249788,0.3323825600060719
roll_0513,20240703,april_mean,0.22266287236928073,0.1034458318207792,0.34187991291778225
roll_0513,20240704,april_mean,0.21989221322980448,0.10779287778842726,0.3319915486711817
roll_0513,20240705,april_mean,0.2615435070873633,0.21233553663998903,0.3107514775347376
roll_0513,20240706,april_mean,0.3113513143594805,0.27630897028770823,0.3463936584312527
roll_0513,20240707,april_mean,0.22915445298228235,0.10985910573302193,0.34844980023154276
roll_0513,20240709,april_mean,0.21836531563431033,0.11622554899797996,0.3205050822706407
roll_0513,20240710,april_mean,0.2269008769404101,0.10137169147907613,0.3524300624017441
roll_0513,20240711,april_mean,0.21615385073605972,0.10209061325800474,0.3302170882141147
roll_0513,20240513,novdec_mean,0.2089251738295202,0.10118504411546411,0.3166653035435763
roll_0513,20240514,novdec_mean,0.22193978618670523,0.10863423646061943,0.33524533591279104
roll_0513,20240515,novdec_mean,0.24205011496505352,0.11197254023589,0.37212768969421706
roll_0513,20240516,novdec_mean,0.2174425835149918,0.10822991839300686,0.32665524863697676
roll_0513,20240517,novdec_mean,0.20300834365120507,0.08887299785449165,0.3171436894479185
roll_0513,20240518,novdec_mean,0.23908448677482824,0.09801325053726592,0.3801557230123906
roll_0513,20240519,novdec_mean,0.23528611777199154,0.09133054619814093,0.3792416893458421
roll_0513,20240520,novdec_mean,0.22188481463112508,0.10080440154939425,0.3429652277128559
roll_0513,20240521,novdec_mean,0.2331303375320662,0.11740120948773776,0.34885946557639463
roll_0513,20240522,novdec_mean,0.23368642408398205,0.1269791548257008,0.34039369334226327
roll_0513,20240523,novdec_mean,0.22036914420363746,0.11692287999419623,0.32381540841307865
roll_0513,20240524,novdec_mean,0.21818647310967818,0.10947712486367232,0.326895821355684
roll_0513,20240525,novdec_mean,0.20850958290931898,0.08384537204687856,0.3331737937717594
roll_0513,20240526,novdec_mean,0.25196781676435026,0.12199410662691187,0.3819415269017886
roll_0513,20240527,novdec_mean,0.22937082165075845,0.12692301954911742,0.33181862375239946
roll_0513,20240528,novdec_mean,0.19444955695679572,0.10880615287555036,0.2800929610380411
roll_0513,20240530,novdec_mean,0.23523636863491373,0.12631316857850816,0.3441595686913193
roll_0513,20240531,novdec_mean,0.2278001469084581,0.11126905892334306,0.34433123489357315
roll_0513,20240601,novdec_mean,0.2117911734236098,0.0874255887099494,0.33615675813727025
roll_0513,20240602,novdec_mean,0.22491228286093595,0.10154311310865397,0.34828145261321797
roll_0513,20240603,novdec_mean,0.24179640110464884,0.13286414930026655,0.3507286529090311
roll_0513,20240604,novdec_mean,0.24011716224956825,0.12826148218786218,0.3519728423112743
roll_0513,20240605,novdec_mean,0.23394410938772459,0.11250639071213643,0.35538182806331275
roll_0513,20240606,novdec_mean,0.23085515885346902,0.1285137418760685,0.33319657583086953
roll_0513,20240607,novdec_mean,0.22556633657538855,0.094569485298898,0.35656318785187907
roll_0513,20240608,novdec_mean,0.21400766600358487,0.10536828611204106,0.32264704589512866
roll_0513,20240609,novdec_mean,0.22412132941311963,0.10086986485726201,0.34737279396897724
roll_0513,20240610,novdec_mean,0.24412027291678162,0.12909622646923513,0.3591443193643281
roll_0513,20240611,novdec_mean,0.24572031165730374,0.1364586794467452,0.35498194386786225
roll_0513,20240612,novdec_mean,0.2533212725213601,0.13932286105707045,0.3673196839856498
roll_0513,20240613,novdec_mean,0.2205508656298205,0.11593282162653157,0.3251689096331094
roll_0513,20240614,novdec_mean,0.23303631871551386,0.12205445475248365,0.34401818267854406
roll_0513,20240615,novdec_mean,0.21657354057884157,0.09719629537101071,0.3359507857866724
roll_0513,20240616,novdec_mean,0.22477428737034882,0.10769314797473495,0.3418554267659627
roll_0513,20240617,novdec_mean,0.23559340310035337,0.13164417476850024,0.3395426314322065
roll_0513,20240618,novdec_mean,0.23316576218864146,0.11949266632904576,0.34683885804823716
roll_0513,20240619,novdec_mean,0.23509816591518817,0.1402713205516328,0.3299250112787435
roll_0513,20240620,novdec_mean,0.22855719126847254,0.12595909076404155,0.33115529177290354
roll_0513,20240621,novdec_mean,0.21959414436957345,0.09783084496438775,0.34135744377475913
roll_0513,20240622,novdec_mean,0.20855532980694283,0.0849154315355291,0.33219522807835655
roll_0513,20240623,novdec_mean,0.23397722531738274,0.09689006672422859,0.37106438391053687
roll_0513,20240624,novdec_mean,0.230120483066375,0.11538309658037096,0.34485786955237907
roll_0513,20240625,novdec_mean,0.2564965872710099,0.14508980397148347,0.36790337057053624
roll_0513,20240626,novdec_mean,0.26054417056511403,0.1338964752174598,0.3871918659127683
roll_0513,20240627,novdec_mean,0.2358830534248189,0.1412130882736191,0.3305530185760187
roll_0513,20240628,novdec_mean,0.22495083686644693,0.11289199605478932,0.3370096776781045
roll_0513,20240629,novdec_mean,0.2268630145091162,0.09185746345606806,0.36186856556216435
roll_0513,20240630,novdec_mean,0.23823910628316738,0.09798166154018116,0.3784965510261536
roll_0513,20240701,novdec_mean,0.2410209762851544,0.13335029096381765,0.3486916616064912
roll_0513,20240702,novdec_mean,0.2655814109336383,0.17102237527367517,0.3601404465936014
roll_0513,20240703,novdec_mean,0.23564840954446037,0.12241855626828088,0.3488782628206399
roll_0513,20240704,novdec_mean,0.237596535198542,0.1256151428604679,0.34957792753661615
roll_0513,20240705,novdec_mean,0.2780408238105023,0.21978416740807782,0.3362974802129269
roll_0513,20240706,novdec_mean,0.32476574649279716,0.27568436946776087,0.37384712351783345
roll_0513,20240707,novdec_mean,0.2324272649951171,0.11363362911478532,0.3512209008754489
roll_0513,20240709,novdec_mean,0.23689330056869,0.13349235083817537,0.3402942502992046
roll_0513,20240710,novdec_mean,0.2516994098064987,0.12251562616689372,0.3808831934461036
roll_0513,20240711,novdec_mean,0.2298624405232823,0.12174730673104142,0.33797757431552317
roll_0513,20240513,anchor,0.21021722038173346,0.0919686483627732,0.32846579240069373
roll_0513,20240514,anchor,0.20968845020194357,0.09069427186465662,0.3286826285392305
roll_0513,20240515,anchor,0.21659250302164068,0.08926419624585445,0.3439208097974269
roll_0513,20240516,anchor,0.202685633669005,0.08643154261692403,0.31893972472108595
roll_0513,20240517,anchor,0.19940761094837411,0.08558794195849863,0.3132272799382496
roll_0513,20240518,anchor,0.22262583808429975,0.08243457614572494,0.3628171000228746
roll_0513,20240519,anchor,0.19771062813500762,0.07947689676021051,0.3159443595098047
roll_0513,20240520,anchor,0.21045848654700905,0.08507403655022615,0.33584293654379194
roll_0513,20240521,anchor,0.20384448691870743,0.079610209239511,0.32807876459790386
roll_0513,20240522,anchor,0.20743476449420079,0.10033181881527234,0.31453771017312926
roll_0513,20240523,anchor,0.19628878927624144,0.08432395346698071,0.3082536250855022
roll_0513,20240524,anchor,0.1974686530993097,0.08991908379986106,0.3050182223987583
roll_0513,20240525,anchor,0.1929541401854815,0.07669957038098944,0.3092087099899735
roll_0513,20240526,anchor,0.2082999629138401,0.09875605632864777,0.3178438694990324
roll_0513,20240527,anchor,0.2113077446211354,0.10726117211345572,0.3153543171288151
roll_0513,20240528,anchor,0.17229861355778525,0.0747765599757197,0.2698206671398508
roll_0513,20240530,anchor,0.2152605892723202,0.10164724054892164,0.32887393799571873
roll_0513,20240531,anchor,0.21194476828849912,0.08808909785395383,0.33580043872304444
roll_0513,20240601,anchor,0.19526450385649288,0.07713345920615866,0.3133955485068271
roll_0513,20240602,anchor,0.19027301369890887,0.09068978338375402,0.2898562440140637
roll_0513,20240603,anchor,0.2335099450374123,0.1146265246789399,0.3523933653958847
roll_0513,20240604,anchor,0.2128414162338832,0.08731234660140794,0.3383704858663585
roll_0513,20240605,anchor,0.20809737288284524,0.08329229397381577,0.3329024517918747
roll_0513,20240606,anchor,0.2024176513998865,0.08946906191200335,0.3153662408877696
roll_0513,20240607,anchor,0.2083977461677918,0.08073341050529818,0.3360620818302854
roll_0513,20240608,anchor,0.20173097021222006,0.09223305098609091,0.3112288894383492
roll_0513,20240609,anchor,0.1946526974038018,0.09724114741154585,0.2920642473960578
roll_0513,20240610,anchor,0.2309578630363282,0.11123818073182477,0.3506775453408316
roll_0513,20240611,anchor,0.20904955614512077,0.09183276417709008,0.32626634811315147
roll_0513,20240612,anchor,0.21634980024580353,0.09383827818681179,0.33886132230479526
roll_0513,20240613,anchor,0.19644545950388584,0.08745359659861131,0.3054373224091604
roll_0513,20240614,anchor,0.21839288511400531,0.10412172368744933,0.3326640465405613
roll_0513,20240615,anchor,0.18478099697452477,0.08557983137190364,0.2839821625771459
roll_0513,20240616,anchor,0.20941523916207666,0.10423246518780392,0.3145980131363494
roll_0513,20240617,anchor,0.21620773886100791,0.10749589404237311,0.3249195836796427
roll_0513,20240618,anchor,0.20445080327438508,0.08014274457923085,0.32875886196953935
roll_0513,20240619,anchor,0.20304595338850032,0.10068277037688578,0.30540913640011486
roll_0513,20240620,anchor,0.20054447567960904,0.08673426305728635,0.3143546883019317
roll_0513,20240621,anchor,0.20242799470814737,0.07906713160030758,0.32578885781598715
roll_0513,20240622,anchor,0.18808572513170932,0.07753782193109027,0.29863362833232837
roll_0513,20240623,anchor,0.19757942965316533,0.10936799997809082,0.28579085932823983
roll_0513,20240624,anchor,0.21401683876252853,0.0965528562231103,0.3314808213019467
roll_0513,20240625,anchor,0.20559524221374917,0.09741477193991212,0.31377571248758623
roll_0513,20240626,anchor,0.22396717280906336,0.09349978508352401,0.3544345605346027
roll_0513,20240627,anchor,0.21246779877196317,0.1062950835721283,0.31864051397179805
roll_0513,20240628,anchor,0.20388278332682422,0.09426914617241561,0.31349642048123283
roll_0513,20240629,anchor,0.21046666598026975,0.08860285438943309,0.3323304775711064
roll_0513,20240630,anchor,0.1994777095748076,0.086635003198153,0.3123204159514622
roll_0513,20240701,anchor,0.22135492860299238,0.11121675022529773,0.33149310698068707
roll_0513,20240702,anchor,0.22180675057919685,0.1270791366030673,0.3165343645553264
roll_0513,20240703,anchor,0.20520299931382968,0.08427407279184525,0.32613192583581413
roll_0513,20240704,anchor,0.20717081854476987,0.0908407964033077,0.3235008406862321
roll_0513,20240705,anchor,0.2635816013496008,0.2110720459289923,0.31609115677020927
roll_0513,20240706,anchor,0.3060179951314549,0.28030213397444,0.33173385628846985
roll_0513,20240707,anchor,0.2061838643875251,0.11028370249873075,0.3020840262763194
roll_0513,20240709,anchor,0.2027375559395135,0.09473101360320298,0.31074409827582405
roll_0513,20240710,anchor,0.21382851191264945,0.08417503312891901,0.3434819906963799
roll_0513,20240711,anchor,0.20534569487326332,0.08532703040933047,0.32536435933719615
roll_0513,20240513,anchor_rts,0.20169447466511198,0.08766835431554054,0.3157205950146834
roll_0513,20240514,anchor_rts,0.20430839193550404,0.09065201370265151,0.31796477016835656
roll_0513,20240515,anchor_rts,0.21276364801582914,0.08668076764050023,0.33884652839115803
roll_0513,20240516,anchor_rts,0.1962972798599545,0.08481168071976485,0.3077828790001441
roll_0513,20240517,anchor_rts,0.19339354143861875,0.0844738262040929,0.3023132566731446
roll_0513,20240518,anchor_rts,0.21779915554035936,0.08271611242743239,0.35288219865328635
roll_0513,20240519,anchor_rts,0.19295282846773182,0.07931073739276938,0.30659491954269424
roll_0513,20240520,anchor_rts,0.20729933474474455,0.0825324242068433,0.3320662452826458
roll_0513,20240521,anchor_rts,0.2029120481823377,0.0776072798217503,0.3282168165429251
roll_0513,20240522,anchor_rts,0.20438344748960785,0.10084273814422354,0.30792415683499214
roll_0513,20240523,anchor_rts,0.19191223187665346,0.08255586993748831,0.3012685938158186
roll_0513,20240524,anchor_rts,0.19526099409869807,0.08844413524606545,0.30207785295133066
roll_0513,20240525,anchor_rts,0.1908837485492166,0.07644610339455664,0.30532139370387656
roll_0513,20240526,anchor_rts,0.2058329899306,0.09862967854991489,0.3130363013112851
roll_0513,20240527,anchor_rts,0.20822822607885966,0.10392417257935045,0.3125322795783689
roll_0513,20240528,anchor_rts,0.17160283289139916,0.07609526243381486,0.26711040334898345
roll_0513,20240530,anchor_rts,0.21367449734626826,0.10384479294191161,0.3235042017506249
roll_0513,20240531,anchor_rts,0.21053030311780005,0.08805058333740551,0.3330100228981946
roll_0513,20240601,anchor_rts,0.1936217115133132,0.07740251144349011,0.3098409115831363
roll_0513,20240602,anchor_rts,0.1887453873193799,0.08893252209426848,0.2885582525444913
roll_0513,20240603,anchor_rts,0.23162815317012406,0.11405004960177945,0.34920625673846867
roll_0513,20240604,anchor_rts,0.2118175303304649,0.08632336094441467,0.33731169971651515
roll_0513,20240605,anchor_rts,0.20752367177260983,0.08513943645436893,0.3299079070908507
roll_0513,20240606,anchor_rts,0.20188294620781855,0.09218914299044181,0.3115767494251953
roll_0513,20240607,anchor_rts,0.2078428839767072,0.0830987621369144,0.33258700581649997
roll_0513,20240608,anchor_rts,0.19856505559705392,0.08990877116424102,0.30722134002986684
roll_0513,20240609,anchor_rts,0.19254310922649784,0.09391736919354093,0.29116884925945474
roll_0513,20240610,anchor_rts,0.22817186418253166,0.10803295510750548,0.3483107732575578
roll_0513,20240611,anchor_rts,0.20820891162188696,0.09326627777043578,0.32315154547333813
roll_0513,20240612,anchor_rts,0.21327842530312102,0.09447134603155835,0.33208550457468367
roll_0513,20240613,anchor_rts,0.19676755284195752,0.08901489397246472,0.30452021171145033
roll_0513,20240614,anchor_rts,0.21672142880822481,0.10218548365006792,0.3312573739663817
roll_0513,20240615,anchor_rts,0.1836916784492046,0.08758657451669392,0.27979678238171524
roll_0513,20240616,anchor_rts,0.2047653073671255,0.09967039285801368,0.30986022187623735
roll_0513,20240617,anchor_rts,0.21399014535533795,0.10839375406672998,0.31958653664394593
roll_0513,20240618,anchor_rts,0.20622327157697817,0.08360480176694257,0.3288417413870138
roll_0513,20240619,anchor_rts,0.20153968991410937,0.09932250775098503,0.30375687207723373
roll_0513,20240620,anchor_rts,0.20165651804994378,0.08894239655680503,0.31437063954308253
roll_0513,20240621,anchor_rts,0.2022979586853264,0.07997011857166789,0.32462579879898495
roll_0513,20240622,anchor_rts,0.18503777900586663,0.07414575731436757,0.2959298006973657
roll_0513,20240623,anchor_rts,0.19471920046047217,0.106459944865755,0.28297845605518934
roll_0513,20240624,anchor_rts,0.2147320243301289,0.09961221010990975,0.329851838550348
roll_0513,20240625,anchor_rts,0.20732873275828878,0.09752997527457283,0.31712749024200476
roll_0513,20240626,anchor_rts,0.22673304216092394,0.09816527787657682,0.35530080644527107
roll_0513,20240627,anchor_rts,0.21382781793064123,0.114058105117444,0.31359753074383845
roll_0513,20240628,anchor_rts,0.20706202205380705,0.09685212064319197,0.3172719234644221
roll_0513,20240629,anchor_rts,0.20969202836711923,0.08826314557473115,0.3311209111595073
roll_0513,20240630,anchor_rts,0.19697737873496624,0.08672425890869696,0.3072304985612355
roll_0513,20240701,anchor_rts,0.2222142410459776,0.11069248715947144,0.33373599493248374
roll_0513,20240702,anchor_rts,0.22154114217317478,0.12616950808013103,0.3169127762662185
roll_0513,20240703,anchor_rts,0.20675369546216765,0.08821105523475997,0.32529633568957533
roll_0513,20240704,anchor_rts,0.21004622468721812,0.10007028061293434,0.3200221687615019
roll_0513,20240705,anchor_rts,0.2634109148606239,0.21515214789091267,0.31166968183033517
roll_0513,20240706,anchor_rts,0.30430789917166645,0.28038591994842355,0.3282298783949094
roll_0513,20240707,anchor_rts,0.1999217899238246,0.10591279433205011,0.2939307855155991
roll_0513,20240709,anchor_rts,0.2004687328621657,0.08879013340974859,0.31214733231458286
roll_0513,20240710,anchor_rts,0.21719837255359395,0.0927629222516133,0.3416338228555746
roll_0513,20240711,anchor_rts,0.20441970301449625,0.08655968790173704,0.3222797181272554
roll_0513,20240513,anchor_rts_fullgrid,0.20822067669457184,0.09421080161426706,0.32223055177487664
roll_0513,20240514,anchor_rts_fullgrid,0.2081140212127342,0.0917294886132829,0.3244985538121855
roll_0513,20240515,anchor_rts_fullgrid,0.21544579606934383,0.08869508076930097,0.34219651136938667
roll_0513,20240516,anchor_rts_fullgrid,0.19758382432933275,0.08925058485003198,0.30591706380863354
roll_0513,20240517,anchor_rts_fullgrid,0.1930313231960288,0.08340454182632949,0.3026581045657281
roll_0513,20240518,anchor_rts_fullgrid,0.21755856363817222,0.08418359724924308,0.35093353002710137
roll_0513,20240519,anchor_rts_fullgrid,0.19368098836418096,0.08054082940373687,0.30682114732462507
roll_0513,20240520,anchor_rts_fullgrid,0.21341752990231463,0.0871997290087982,0.3396353307958311
roll_0513,20240521,anchor_rts_fullgrid,0.20939095833330582,0.08769857428292854,0.3310833423836831
roll_0513,20240522,anchor_rts_fullgrid,0.20500523110434163,0.09952567119093793,0.31048479101774534
roll_0513,20240523,anchor_rts_fullgrid,0.19745925147513804,0.08889972765471654,0.30601877529555954
roll_0513,20240524,anchor_rts_fullgrid,0.2019292845255553,0.0972583878575797,0.30660018119353094
roll_0513,20240525,anchor_rts_fullgrid,0.19410068535661232,0.08059557776584671,0.30760579294737794
roll_0513,20240526,anchor_rts_fullgrid,0.2059950439368359,0.09842304842297667,0.31356703945069514
roll_0513,20240527,anchor_rts_fullgrid,0.21414884105336685,0.11171234708501185,0.3165853350217218
roll_0513,20240528,anchor_rts_fullgrid,0.17269866246266882,0.0794064695277869,0.26599085539755074
roll_0513,20240530,anchor_rts_fullgrid,0.21526279544310706,0.10474169867174148,0.3257838922144726
roll_0513,20240531,anchor_rts_fullgrid,0.2125683544255014,0.09305350056231032,0.3320832082886925
roll_0513,20240601,anchor_rts_fullgrid,0.19613290466539893,0.07742470601741874,0.3148411033133791
roll_0513,20240602,anchor_rts_fullgrid,0.19029887978811516,0.08926344414671626,0.29133431542951405
roll_0513,20240603,anchor_rts_fullgrid,0.2354818590069514,0.1205947060211731,0.3503690119927297
roll_0513,20240604,anchor_rts_fullgrid,0.21774726981792866,0.09608010156396861,0.3394144380718887
roll_0513,20240605,anchor_rts_fullgrid,0.20680555583713617,0.08554975884730057,0.32806135282697174
roll_0513,20240606,anchor_rts_fullgrid,0.20602223824494198,0.09804851593195836,0.3139959605579256
roll_0513,20240607,anchor_rts_fullgrid,0.20551564258848043,0.08155711331126642,0.32947417186569444
roll_0513,20240608,anchor_rts_fullgrid,0.19892736383683082,0.0910814330668707,0.3067732946067909
roll_0513,20240609,anchor_rts_fullgrid,0.19316072657314445,0.09502531118908604,0.2912961419572029
roll_0513,20240610,anchor_rts_fullgrid,0.23224141234477563,0.11543086020206646,0.3490519644874848
roll_0513,20240611,anchor_rts_fullgrid,0.21245572710737562,0.100556720869452,0.32435473334529924
roll_0513,20240612,anchor_rts_fullgrid,0.2178217561701733,0.10271795403260862,0.33292555830773796
roll_0513,20240613,anchor_rts_fullgrid,0.19983324472106254,0.09380112845792915,0.3058653609841959
roll_0513,20240614,anchor_rts_fullgrid,0.2176588997909833,0.10588823060491753,0.32942956897704906
roll_0513,20240615,anchor_rts_fullgrid,0.1840400082546108,0.08578282919421565,0.28229718731500597
roll_0513,20240616,anchor_rts_fullgrid,0.20552900681369687,0.10081403213360367,0.31024398149379007
roll_0513,20240617,anchor_rts_fullgrid,0.2179912119684693,0.11399144563289663,0.32199097830404194
roll_0513,20240618,anchor_rts_fullgrid,0.20870497745215147,0.08738848658802571,0.3300214683162772
roll_0513,20240619,anchor_rts_fullgrid,0.20481059710639807,0.10667202484325815,0.302949169369538
roll_0513,20240620,anchor_rts_fullgrid,0.20606473572465217,0.09478962357428936,0.31733984787501496
roll_0513,20240621,anchor_rts_fullgrid,0.2038989560286704,0.08171008542668358,0.3260878266306572
roll_0513,20240622,anchor_rts_fullgrid,0.18609263550169694,0.07642035612208516,0.29576491488130874
roll_0513,20240623,anchor_rts_fullgrid,0.194670474665948,0.10602429116152258,0.28331665817037344
roll_0513,20240624,anchor_rts_fullgrid,0.21709297495194613,0.10159836071229358,0.33258758919159864
roll_0513,20240625,anchor_rts_fullgrid,0.2125340676317477,0.10500853500697334,0.3200596002565221
roll_0513,20240626,anchor_rts_fullgrid,0.2295727627565756,0.09955838716943716,0.35958713834371403
roll_0513,20240627,anchor_rts_fullgrid,0.21602626638667052,0.11500517978207077,0.3170473529912703
roll_0513,20240628,anchor_rts_fullgrid,0.2087872299998896,0.09746299729450575,0.32011146270527346
roll_0513,20240629,anchor_rts_fullgrid,0.20843007612093073,0.08674046751144063,0.33011968473042086
roll_0513,20240630,anchor_rts_fullgrid,0.1969499165320719,0.08456159655499018,0.3093382365091536
roll_0513,20240701,anchor_rts_fullgrid,0.22450208668821228,0.11478483842516668,0.3342193349512579
roll_0513,20240702,anchor_rts_fullgrid,0.22697423593279614,0.1325884144683716,0.3213600573972207
roll_0513,20240703,anchor_rts_fullgrid,0.20959225721608082,0.09025600310114461,0.328928511331017
roll_0513,20240704,anchor_rts_fullgrid,0.21216261103785783,0.10013129616435189,0.32419392591136376
roll_0513,20240705,anchor_rts_fullgrid,0.2629029649131974,0.2144839140444663,0.31132201578192853
roll_0513,20240706,anchor_rts_fullgrid,0.3056425718451634,0.2803364916016916,0.33094865208863516
roll_0513,20240707,anchor_rts_fullgrid,0.19950511043810132,0.10601963154557385,0.29299058933062877
roll_0513,20240709,anchor_rts_fullgrid,0.20422766513505164,0.09553480743804274,0.3129205228320605
roll_0513,20240710,anchor_rts_fullgrid,0.21755932578573445,0.09040029997187411,0.3447183515995948
roll_0513,20240711,anchor_rts_fullgrid,0.20914825555388655,0.09082677564265142,0.3274697354651217
roll_0513,20240513,anchor_rts_fm,0.20286927739007532,0.09001795976546725,0.3157205950146834
roll_0513,20240514,anchor_rts_fm,0.20535530499305982,0.0927458398177631,0.31796477016835656
roll_0513,20240515,anchor_rts_fm,0.2116183317424341,0.08439013509371021,0.33884652839115803
roll_0513,20240516,anchor_rts_fm,0.1940243230965949,0.0802657671930457,0.3077828790001441
roll_0513,20240517,anchor_rts_fm,0.19381844798079084,0.08532363928843709,0.3023132566731446
roll_0513,20240518,anchor_rts_fm,0.21944978586117214,0.08601737306905793,0.35288219865328635
roll_0513,20240519,anchor_rts_fm,0.19321447843019943,0.07983403731770461,0.30659491954269424
roll_0513,20240520,anchor_rts_fm,0.20796129205304473,0.08385633882344369,0.3320662452826458
roll_0513,20240521,anchor_rts_fm,0.20307863261709486,0.0779404486912646,0.3282168165429251
roll_0513,20240522,anchor_rts_fm,0.20372491661112135,0.0995256763872506,0.30792415683499214
roll_0513,20240523,anchor_rts_fm,0.19091446364528702,0.08056033347475541,0.3012685938158186
roll_0513,20240524,anchor_rts_fm,0.19455251154744094,0.08702717014355121,0.30207785295133066
roll_0513,20240525,anchor_rts_fm,0.19133294778600415,0.07734450186813174,0.30532139370387656
roll_0513,20240526,anchor_rts_fm,0.20435830470836286,0.09568030810544058,0.3130363013112851
roll_0513,20240527,anchor_rts_fm,0.20992234401456905,0.10731240845076925,0.3125322795783689
roll_0513,20240528,anchor_rts_fm,0.1718106898836826,0.07651097641838174,0.26711040334898345
roll_0513,20240530,anchor_rts_fm,0.21238964098677882,0.10127508022293277,0.3235042017506249
roll_0513,20240531,anchor_rts_fm,0.21046103503035038,0.08791204716250617,0.3330100228981946
roll_0513,20240601,anchor_rts_fm,0.19407479369096808,0.07830867579879987,0.3098409115831363
roll_0513,20240602,anchor_rts_fm,0.19038656964252348,0.09221488674055565,0.2885582525444913
roll_0513,20240603,anchor_rts_fm,0.23299596330206024,0.1167856698656518,0.34920625673846867
roll_0513,20240604,anchor_rts_fm,0.21219804981819393,0.08708439991987273,0.33731169971651515
roll_0513,20240605,anchor_rts_fm,0.2065193294090162,0.0831307517271817,0.3299079070908507
roll_0513,20240606,anchor_rts_fm,0.2019611870507475,0.09234562467629971,0.3115767494251953
roll_0513,20240607,anchor_rts_fm,0.2067541858511766,0.08092136588585323,0.33258700581649997
roll_0513,20240608,anchor_rts_fm,0.19825232349393163,0.0892833069579964,0.30722134002986684
roll_0513,20240609,anchor_rts_fm,0.19472923164855352,0.0982896140376523,0.29116884925945474
roll_0513,20240610,anchor_rts_fm,0.22948797966324813,0.11066518606893844,0.3483107732575578
roll_0513,20240611,anchor_rts_fm,0.2089697713309812,0.09478799718862431,0.32315154547333813
roll_0513,20240612,anchor_rts_fm,0.21296796817997404,0.09385043178526441,0.33208550457468367
roll_0513,20240613,anchor_rts_fm,0.1961585884319945,0.08779696515253864,0.30452021171145033
roll_0513,20240614,anchor_rts_fm,0.21587009436549306,0.1004828147646044,0.3312573739663817
roll_0513,20240615,anchor_rts_fm,0.18421678957867965,0.08863679677564405,0.27979678238171524
roll_0513,20240616,anchor_rts_fm,0.2061597027284256,0.10245918358061386,0.30986022187623735
roll_0513,20240617,anchor_rts_fm,0.2155440073070623,0.11150147797017866,0.31958653664394593
roll_0513,20240618,anchor_rts_fm,0.2062611266857761,0.08368051198453841,0.3288417413870138
roll_0513,20240619,anchor_rts_fm,0.2012346291298781,0.09871238618252247,0.30375687207723373
roll_0513,20240620,anchor_rts_fm,0.2007736786777723,0.08717671781246208,0.31437063954308253
roll_0513,20240621,anchor_rts_fm,0.20075419346384815,0.07688258812871136,0.32462579879898495
roll_0513,20240622,anchor_rts_fm,0.18656059207911924,0.07719138346087279,0.2959298006973657
roll_0513,20240623,anchor_rts_fm,0.1965403488941498,0.11010224173311028,0.28297845605518934
roll_0513,20240624,anchor_rts_fm,0.21477675668397944,0.09970167481761091,0.329851838550348
roll_0513,20240625,anchor_rts_fm,0.20776743304008002,0.0984073758381553,0.31712749024200476
roll_0513,20240626,anchor_rts_fm,0.22566341314537058,0.09602601984547013,0.35530080644527107
roll_0513,20240627,anchor_rts_fm,0.21164010252111856,0.10968267429839866,0.31359753074383845
roll_0513,20240628,anchor_rts_fm,0.20563060751630818,0.09398929156819422,0.3172719234644221
roll_0513,20240629,anchor_rts_fm,0.2117200949562883,0.09231927875306925,0.3311209111595073
roll_0513,20240630,anchor_rts_fm,0.1988003541613006,0.09037020976136566,0.3072304985612355
roll_0513,20240701,anchor_rts_fm,0.2230128496003156,0.11228970426814747,0.33373599493248374
roll_0513,20240702,anchor_rts_fm,0.22131928319645852,0.12572579012669854,0.3169127762662185
roll_0513,20240703,anchor_rts_fm,0.20533163742904226,0.0853669391685092,0.32529633568957533
roll_0513,20240704,anchor_rts_fm,0.2066847411370792,0.09334731351265646,0.3200221687615019
roll_0513,20240705,anchor_rts_fm,0.26252206441712056,0.213374447003906,0.31166968183033517
roll_0513,20240706,anchor_rts_fm,0.30506057943030995,0.28189128046571044,0.3282298783949094
roll_0513,20240707,anchor_rts_fm,0.2013604551171329,0.1087901247186667,0.2939307855155991
roll_0513,20240709,anchor_rts_fm,0.2014046707586909,0.09066200920279893,0.31214733231458286
roll_0513,20240710,anchor_rts_fm,0.2148277615180259,0.08802170018047721,0.3416338228555746
roll_0513,20240711,anchor_rts_fm,0.20359235754661928,0.08490499696598315,0.3222797181272554
roll_0513,20240513,final,0.20272322367103457,0.08972585232738572,0.3157205950146834
roll_0513,20240514,final,0.20514176449680466,0.09231875882525276,0.31796477016835656
roll_0513,20240515,final,0.2113120978658481,0.08377766734053815,0.33884652839115803
roll_0513,20240516,final,0.19365087520577345,0.07951887141140282,0.3077828790001441
roll_0513,20240517,final,0.19359545715277596,0.0848776576324073,0.3023132566731446
roll_0513,20240518,final,0.21901259996204864,0.08514300127081095,0.35288219865328635
roll_0513,20240519,final,0.19343500653282822,0.08027509352296221,0.30659491954269424
roll_0513,20240520,final,0.20771283727621082,0.08335942926977585,0.3320662452826458
roll_0513,20240521,final,0.20255477094003874,0.07689272533715236,0.3282168165429251
roll_0513,20240522,final,0.20318475305526698,0.09844534927554181,0.30792415683499214
roll_0513,20240523,final,0.19027433228677781,0.07928007075773705,0.3012685938158186
roll_0513,20240524,final,0.19498275373509927,0.08788765451886789,0.30207785295133066
roll_0513,20240525,final,0.1914337142869276,0.07754603486997864,0.30532139370387656
roll_0513,20240526,final,0.20388295741198334,0.09472961351268155,0.3130363013112851
roll_0513,20240527,final,0.20939953044989632,0.10626678132142374,0.3125322795783689
roll_0513,20240528,final,0.17162859768792668,0.0761467920268699,0.26711040334898345
roll_0513,20240530,final,0.211911702352688,0.1003192029547511,0.3235042017506249
roll_0513,20240531,final,0.2106931834550705,0.08837634401194641,0.3330100228981946
roll_0513,20240601,final,0.19417178924229928,0.07850266690146226,0.3098409115831363
roll_0513,20240602,final,0.1902499754421983,0.09194169833990531,0.2885582525444913
roll_0513,20240603,final,0.23263629259351715,0.11606632844856565,0.34920625673846867
roll_0513,20240604,final,0.2117697881344368,0.08622787655235846,0.33731169971651515
roll_0513,20240605,final,0.2061879646653999,0.08246802223994906,0.3299079070908507
roll_0513,20240606,final,0.20147937149786407,0.09138199357053282,0.3115767494251953
roll_0513,20240607,final,0.20638017342741732,0.08017334103833465,0.33258700581649997
roll_0513,20240608,final,0.1981426523548156,0.08906396467976434,0.30722134002986684
roll_0513,20240609,final,0.1948130049874642,0.09845716071547368,0.29116884925945474
roll_0513,20240610,final,0.22883291273971354,0.10935505222186925,0.3483107732575578
roll_0513,20240611,final,0.2084830832137819,0.09381462095422566,0.32315154547333813
roll_0513,20240612,final,0.21248149184775023,0.09287747912081676,0.33208550457468367
roll_0513,20240613,final,0.19604560152037742,0.08757099132930454,0.30452021171145033
roll_0513,20240614,final,0.21610837364630872,0.10095937332623572,0.3312573739663817
roll_0513,20240615,final,0.18450009327414063,0.089203404166566,0.27979678238171524
roll_0513,20240616,final,0.20644935704857847,0.10303849222091958,0.30986022187623735
roll_0513,20240617,final,0.21519973282397792,0.11081292900400991,0.31958653664394593
roll_0513,20240618,final,0.20602550200832492,0.0832092626296361,0.3288417413870138
roll_0513,20240619,final,0.20085211412967258,0.09794735618211141,0.30375687207723373
roll_0513,20240620,final,0.200345959613334,0.08632127968358547,0.31437063954308253
roll_0513,20240621,final,0.20079439000882096,0.07696298121865695,0.32462579879898495
roll_0513,20240622,final,0.18703466119427986,0.07813952169119404,0.2959298006973657
roll_0513,20240623,final,0.1970536372907063,0.11112881852622325,0.28297845605518934
roll_0513,20240624,final,0.21478526914509205,0.0997186997398361,0.329851838550348
roll_0513,20240625,final,0.20709883125249642,0.0970701722629881,0.31712749024200476
roll_0513,20240626,final,0.2252170661646485,0.09513332588402594,0.35530080644527107
roll_0513,20240627,final,0.2112291626799841,0.10886079461612973,0.31359753074383845
roll_0513,20240628,final,0.20567344918325886,0.09407497490209558,0.3172719234644221
roll_0513,20240629,final,0.21207986696513023,0.09303882277075316,0.3311209111595073
roll_0513,20240630,final,0.19886963449088177,0.09050877042052803,0.3072304985612355
roll_0513,20240701,final,0.22248293368229316,0.1112298724321026,0.33373599493248374
roll_0513,20240702,final,0.22057755106414279,0.1242423258620671,0.3169127762662185
roll_0513,20240703,final,0.205020927142497,0.08474551859541869,0.32529633568957533
roll_0513,20240704,final,0.20620271657490707,0.09238326438831225,0.3200221687615019
roll_0513,20240705,final,0.26248834532498844,0.21330700881964174,0.31166968183033517
roll_0513,20240706,final,0.3055174661243357,0.2828050538537621,0.3282298783949094
roll_0513,20240707,final,0.20186438814014082,0.10979799076468257,0.2939307855155991
roll_0513,20240709,final,0.20101686283524697,0.08988639335591109,0.31214733231458286
roll_0513,20240710,final,0.21439713795181065,0.08716045304804672,0.3416338228555746
roll_0513,20240711,final,0.20336120731676166,0.08444269650626787,0.3222797181272554
roll_0527,20240527,april_mean,0.22188918610028519,0.11177427309355023,0.3320040991070201
roll_0527,20240528,april_mean,0.18923928554101885,0.09552766403272243,0.28295090704931525
roll_0527,20240530,april_mean,0.22826770996450135,0.10945880615599729,0.3470766137730054
roll_0527,20240531,april_mean,0.22218896643010888,0.09438354917913439,0.3499943836810834
roll_0527,20240601,april_mean,0.20855532265217655,0.09276026043349922,0.3243503848708539
roll_0527,20240602,april_mean,0.21707024605713984,0.10709087955771883,0.32704961255656084
roll_0527,20240603,april_mean,0.24527610785084428,0.12243762598991587,0.3681145897117727
roll_0527,20240604,april_mean,0.24478706544179635,0.11603642146181202,0.37353770942178066
roll_0527,20240605,april_mean,0.2265884139479938,0.09846016217649033,0.3547166657194973
roll_0527,20240606,april_mean,0.2203648836912657,0.11224175083635433,0.32848801654617704
roll_0527,20240607,april_mean,0.20932048328521094,0.08022315810093315,0.3384178084694887
roll_0527,20240608,april_mean,0.21432282772477657,0.11126085305181777,0.31738480239773537
roll_0527,20240609,april_mean,0.21560991044554917,0.1077045216408656,0.32351529925023276
roll_0527,20240610,april_mean,0.2418774381343601,0.11705941216281553,0.3666954641059047
roll_0527,20240611,april_mean,0.23496898859824294,0.11705519454340005,0.3528827826530858
roll_0527,20240612,april_mean,0.23523161872135023,0.12191531250709796,0.3485479249356025
roll_0527,20240613,april_mean,0.21885701376986838,0.10686612632185537,0.3308479012178814
roll_0527,20240614,april_mean,0.22396682560915282,0.10844634211376762,0.339487309104538
roll_0527,20240615,april_mean,0.1964970557309733,0.0977142069250723,0.2952799045368743
roll_0527,20240616,april_mean,0.21515997554456254,0.1096514081074609,0.3206685429816642
roll_0527,20240617,april_mean,0.22395748848429348,0.11346723862880523,0.33444773833978175
roll_0527,20240618,april_mean,0.23438439727276228,0.10721461829980025,0.36155417624572433
roll_0527,20240619,april_mean,0.22766363980519388,0.12560960397724993,0.3297176756331378
roll_0527,20240620,april_mean,0.21491777893774405,0.1091024241882566,0.3207331336872315
roll_0527,20240621,april_mean,0.21673762371890487,0.08415183141198587,0.34932341602582384
roll_0527,20240622,april_mean,0.19566150979605662,0.08326588895824136,0.30805713063387186
roll_0527,20240623,april_mean,0.21723025820895295,0.1030956338694869,0.331364882548419
roll_0527,20240624,april_mean,0.23053672113350768,0.10758978665248992,0.35348365561452544
roll_0527,20240625,april_mean,0.24173662806864005,0.13178955843646514,0.3516836977008149
roll_0527,20240626,april_mean,0.2589936606324595,0.11703428238194281,0.4009530388829762
roll_0527,20240627,april_mean,0.23260496447331286,0.12512378754143536,0.34008614140519033
roll_0527,20240628,april_mean,0.22500793311776623,0.09819839212582417,0.3518174741097083
roll_0527,20240629,april_mean,0.22093638165119803,0.09947008348409397,0.3424026798183021
roll_0527,20240630,april_mean,0.22631085168109646,0.10086515787685635,0.3517565454853366
roll_0527,20240701,april_mean,0.22884822299999072,0.1186906910298961,0.33900575497008534
roll_0527,20240702,april_mean,0.25799721307915163,0.15703619739219843,0.35895822876610484
roll_0527,20240703,april_mean,0.23577268137419588,0.10722137067878022,0.3643239920696115
roll_0527,20240704,april_mean,0.23056121251788708,0.11209701163711666,0.3490254133986575
roll_0527,20240705,april_mean,0.2629602646886439,0.2189750328694248,0.306945496507863
roll_0527,20240706,april_mean,0.31710390212649925,0.2815828600010959,0.3526249442519026
roll_0527,20240707,april_mean,0.2177541292039671,0.11422790530269855,0.32128035310523567
roll_0527,20240709,april_mean,0.22967410739837157,0.12165609013759981,0.33769212465914333
roll_0527,20240710,april_mean,0.2379318361477456,0.10393896093225284,0.37192471136323835
roll_0527,20240711,april_mean,0.23040761861681153,0.10967695779561708,0.35113827943800596
roll_0527,20240712,april_mean,0.23272041084424938,0.09481446964279998,0.37062635204569877
roll_0527,20240713,april_mean,0.2483933113288913,0.17404386525085744,0.32274275740692515
roll_0527,20240714,april_mean,0.2462455141633254,0.14140637054430463,0.35108465778234615
roll_0527,20240715,april_mean,0.21012898904798602,0.12863080400175708,0.29162717409421496
roll_0527,20240716,april_mean,0.20673537658005414,0.0854690990332515,0.3280016541268568
roll_0527,20240717,april_mean,0.261319979746972,0.12805642474088688,0.39458353475305713
roll_0527,20240718,april_mean,0.23407191295706814,0.100367715830938,0.36777611008319827
roll_0527,20240719,april_mean,0.21253058269663905,0.08323520889615761,0.3418259564971205
roll_0527,20240720,april_mean,0.21568898550650903,0.11911092594049467,0.3122670450725234
roll_0527,20240721,april_mean,0.21020259103667083,0.12358012638108859,0.29682505569225304
roll_0527,20240722,april_mean,0.209967291409442,0.09127308371839292,0.3286614991004911
roll_0527,20240723,april_mean,0.2158224213767852,0.09949131195604115,0.33215353079752924
roll_0527,20240724,april_mean,0.2373503991119121,0.11150136365069098,0.36319943457313325
roll_0527,20240725,april_mean,0.218718319436491,0.09139436266982555,0.3460422762031565
roll_0527,20240527,novdec_mean,0.20927661565174116,0.10390861756892575,0.31464461373455654
roll_0527,20240528,novdec_mean,0.1882698996379824,0.09532665968538619,0.28121313959057864
roll_0527,20240530,novdec_mean,0.21610161597131272,0.10717183103487801,0.32503140090774746
roll_0527,20240531,novdec_mean,0.212839620714196,0.09073164132847875,0.33494760009991326
roll_0527,20240601,novdec_mean,0.2075426442193952,0.09042472617675236,0.32466056226203804
roll_0527,20240602,novdec_mean,0.24135184153802558,0.10730202677166918,0.375401656304382
roll_0527,20240603,novdec_mean,0.22907820517832128,0.11847054496010376,0.33968586539653883
roll_0527,20240604,novdec_mean,0.22800046415973035,0.1120196550611304,0.3439812732583303
roll_0527,20240605,novdec_mean,0.21785341237428474,0.09876663876140988,0.3369401859871596
roll_0527,20240606,novdec_mean,0.20995975814529405,0.111645113967531,0.3082744023230571
roll_0527,20240607,novdec_mean,0.20918033873940214,0.08382361353512802,0.33453706394367627
roll_0527,20240608,novdec_mean,0.21829493693911242,0.11327336231629566,0.3233165115619292
roll_0527,20240609,novdec_mean,0.23137356008600787,0.1073463716520512,0.35540074851996456
roll_0527,20240610,novdec_mean,0.23039159087942873,0.11595516853976531,0.3448280132190921
roll_0527,20240611,novdec_mean,0.2287442385532076,0.11490563954831866,0.34258283755809654
roll_0527,20240612,novdec_mean,0.22894044191343063,0.11805853644895568,0.33982234737790556
roll_0527,20240613,novdec_mean,0.21405745954755087,0.10256021880561501,0.32555470028948674
roll_0527,20240614,novdec_mean,0.22557528508583302,0.10612480386727045,0.3450257663043956
roll_0527,20240615,novdec_mean,0.21057529421434984,0.09889548419417354,0.32225510423452614
roll_0527,20240616,novdec_mean,0.23425693753962362,0.11357028415177502,0.35494359092747224
roll_0527,20240617,novdec_mean,0.21821111755547232,0.112113733029155,0.32430850208178963
roll_0527,20240618,novdec_mean,0.21671032335912327,0.10391631792457676,0.32950432879366975
roll_0527,20240619,novdec_mean,0.22333059034620634,0.1205803341768044,0.32608084651560826
roll_0527,20240620,novdec_mean,0.21427934481316946,0.1066954337431234,0.3218632558832155
roll_0527,20240621,novdec_mean,0.21305561760741787,0.08554598470594818,0.34056525050888753
roll_0527,20240622,novdec_mean,0.20956823778835398,0.08469654035180695,0.334439935224901
roll_0527,20240623,novdec_mean,0.2398008067662588,0.10106547449254119,0.37853613903997646
roll_0527,20240624,novdec_mean,0.21997177454570688,0.10284130071299223,0.3371022483784215
roll_0527,20240625,novdec_mean,0.23970620159481365,0.1306756507323663,0.348736752457261
roll_0527,20240626,novdec_mean,0.24725267299277778,0.11555500280829861,0.37895034317725695
roll_0527,20240627,novdec_mean,0.21823998589255356,0.12536680745376164,0.3111131643313455
roll_0527,20240628,novdec_mean,0.2206626351528071,0.09626754991886602,0.34505772038674815
roll_0527,20240629,novdec_mean,0.23166461557593387,0.09853132576502759,0.36479790538684015
roll_0527,20240630,novdec_mean,0.25297516498247885,0.09928068337032582,0.4066696465946319
roll_0527,20240701,novdec_mean,0.22706430556390236,0.11664228250065194,0.3374863286271528
roll_0527,20240702,novdec_mean,0.255274857261058,0.1560391856165359,0.35451052890558005
roll_0527,20240703,novdec_mean,0.22629795245799084,0.10579607819182454,0.3467998267241571
roll_0527,20240704,novdec_mean,0.23326419224149716,0.11292467794913878,0.35360370653385553
roll_0527,20240705,novdec_mean,0.271870106826094,0.2200178122989062,0.3237224013532819
roll_0527,20240706,novdec_mean,0.3278375514322878,0.2844061404231182,0.37126896244145746
roll_0527,20240707,novdec_mean,0.24451643886382463,0.11897455332561097,0.3700583244020383
roll_0527,20240709,novdec_mean,0.22646549887825834,0.118269167073479,0.3346618306830377
roll_0527,20240710,novdec_mean,0.2378328192779626,0.10578369959735064,0.3698819389585746
roll_0527,20240711,novdec_mean,0.2248173955308805,0.10759504732180919,0.34203974373995183
roll_0527,20240712,novdec_mean,0.2234822612550254,0.0945977179089006,0.3523668046011502
roll_0527,20240713,novdec_mean,0.26696573932240725,0.17903575140938827,0.35489572723542623
roll_0527,20240714,novdec_mean,0.2712350659157929,0.14606785689117718,0.3964022749404086
roll_0527,20240715,novdec_mean,0.21880106537370647,0.12714847524558756,0.3104536555018254
roll_0527,20240716,novdec_mean,0.19872859814483992,0.08488373514454622,0.3125734611451336
roll_0527,20240717,novdec_mean,0.2590490522536591,0.12895728018263033,0.38914082432468783
roll_0527,20240718,novdec_mean,0.23253859456589815,0.10450119395047862,0.36057599518131767
roll_0527,20240719,novdec_mean,0.2125644753719551,0.08464384384251768,0.34048510690139255
roll_0527,20240720,novdec_mean,0.22208044706338523,0.11892339588734618,0.32523749823942427
roll_0527,20240721,novdec_mean,0.23327736656420184,0.13107155849618843,0.3354831746322153
roll_0527,20240722,novdec_mean,0.2142929085759784,0.09445895311721843,0.3341268640347384
roll_0527,20240723,novdec_mean,0.2127580404995396,0.10534215811547765,0.3201739228836016
roll_0527,20240724,novdec_mean,0.23406159017520808,0.11666957301374296,0.3514536073366732
roll_0527,20240725,novdec_mean,0.22196843792936738,0.09520067750441744,0.3487361983543173
roll_0527,20240527,anchor,0.20455654394023698,0.09204493664865429,0.31706815123181964
roll_0527,20240528,anchor,0.1782212391074863,0.07903586660325083,0.27740661161172175
roll_0527,20240530,anchor,0.20484722499077251,0.09161609052656884,0.3180783594549762
roll_0527,20240531,anchor,0.20810226401063397,0.08118849554528643,0.33501603247598155
roll_0527,20240601,anchor,0.19327479096754446,0.07232506368606557,0.31422451824902337
roll_0527,20240602,anchor,0.1983730038134984,0.08820177760979564,0.30854423001720116
roll_0527,20240603,anchor,0.2280990883364555,0.10708009400164244,0.3491180826712686
roll_0527,20240604,anchor,0.21298457225789508,0.08890830271469288,0.33706084180109724
roll_0527,20240605,anchor,0.20520302856447137,0.07902765279517378,0.33137840433376897
roll_0527,20240606,anchor,0.19702488919053826,0.08738841267981949,0.306661365701257
roll_0527,20240607,anchor,0.20341884319262066,0.0791334578215057,0.3277042285637356
roll_0527,20240608,anchor,0.20326080065748425,0.09620217911328596,0.31031942220168257
roll_0527,20240609,anchor,0.19781362776166778,0.09878345341300171,0.29684380211033384
roll_0527,20240610,anchor,0.23064351488097018,0.1074398651222199,0.35384716463972044
roll_0527,20240611,anchor,0.2066677168209519,0.0901093026342077,0.3232261310076961
roll_0527,20240612,anchor,0.21096900906174335,0.0919062203778709,0.3300317977456158
roll_0527,20240613,anchor,0.20009969231242866,0.09010497794473615,0.31009440668012117
roll_0527,20240614,anchor,0.21798508053167062,0.10142363995992866,0.3345465211034126
roll_0527,20240615,anchor,0.18592351443122893,0.08005223289080952,0.2917947959716483
roll_0527,20240616,anchor,0.21265072994421366,0.10711616980096307,0.31818529008746427
roll_0527,20240617,anchor,0.21565660168140308,0.10305373309121328,0.32825947027159286
roll_0527,20240618,anchor,0.20669212958098646,0.08324998032944735,0.33013427883252555
roll_0527,20240619,anchor,0.20586349090079586,0.09885282722369942,0.3128741545778923
roll_0527,20240620,anchor,0.19952975176573368,0.0876902772651828,0.31136922626628455
roll_0527,20240621,anchor,0.20570136011818946,0.07840999067215185,0.3329927295642271
roll_0527,20240622,anchor,0.19158224643013214,0.07841180636216738,0.3047526864980969
roll_0527,20240623,anchor,0.1961125177989079,0.11230241237974779,0.279922623218068
roll_0527,20240624,anchor,0.21911779415942867,0.097271806812751,0.34096378150610634
roll_0527,20240625,anchor,0.21334079210701398,0.10236399056919614,0.3243175936448318
roll_0527,20240626,anchor,0.2311795114209574,0.09488142353495188,0.36747759930696294
roll_0527,20240627,anchor,0.212695323083689,0.10638733746213412,0.31900330870524385
roll_0527,20240628,anchor,0.21094025793820625,0.09290724789947608,0.32897326797693643
roll_0527,20240629,anchor,0.21794057912863243,0.0955076777161007,0.3403734805411642
roll_0527,20240630,anchor,0.2009485194311415,0.08919216889851436,0.3127048699637687
roll_0527,20240701,anchor,0.22634415192977544,0.10993296309861227,0.3427553407609386
roll_0527,20240702,anchor,0.23121900993948033,0.12948953714014727,0.3329484827388134
roll_0527,20240703,anchor,0.21313089028914228,0.08676569117090141,0.3394960894073832
roll_0527,20240704,anchor,0.21418157301835758,0.09371540672050689,0.3346477393162083
roll_0527,20240705,anchor,0.26210373280718396,0.21776277951360176,0.3064446861007662
roll_0527,20240706,anchor,0.3158261447040486,0.28622029621042233,0.3454319931976748
roll_0527,20240707,anchor,0.20661171074748644,0.11813393248524016,0.2950894890097327
roll_0527,20240709,anchor,0.20749127586518573,0.09834243528499215,0.3166401164453793
roll_0527,20240710,anchor,0.21952130450240737,0.08482675858874171,0.354215850416073
roll_0527,20240711,anchor,0.21470139495438076,0.09229902236861977,0.33710376754014176
roll_0527,20240712,anchor,0.22229935257605465,0.09170244084476378,0.35289626430734555
roll_0527,20240713,anchor,0.246671498220496,0.1697981535087479,0.3235448429322441
roll_0527,20240714,anchor,0.21007087161870613,0.11985747230169592,0.30028427093571636
roll_0527,20240715,anchor,0.20255343611673224,0.12591570604486374,0.27919116618860074
roll_0527,20240716,anchor,0.1917072997250539,0.07354338754468605,0.3098712119054218
roll_0527,20240717,anchor,0.24125483796474997,0.10621067298559093,0.376299002943909
roll_0527,20240718,anchor,0.22196219363997888,0.08522505543769901,0.3586993318422587
roll_0527,20240719,anchor,0.20821242970273915,0.082544802506689,0.3338800568987893
roll_0527,20240720,anchor,0.20710740561965046,0.09937755838031317,0.3148372528589878
roll_0527,20240721,anchor,0.1757938874903635,0.09738731280447362,0.2542004621762534
roll_0527,20240722,anchor,0.2075727786618799,0.08573350588180842,0.3294120514419514
roll_0527,20240723,anchor,0.20209905110870285,0.08843852428071416,0.31575957793669157
roll_0527,20240724,anchor,0.21900511660318422,0.090672660510547,0.34733757269582144
roll_0527,20240725,anchor,0.20814082544465978,0.07924892338718789,0.33703272750213165
roll_0527,20240527,anchor_rts,0.20398728971204855,0.09705097887951178,0.3109236005445853
roll_0527,20240528,anchor_rts,0.17356328355817394,0.07855744983439572,0.26856911728195215
roll_0527,20240530,anchor_rts,0.20620931539090837,0.09742256408796555,0.31499606669385116
roll_0527,20240531,anchor_rts,0.20809746629978693,0.08535235023235051,0.33084258236722336
roll_0527,20240601,anchor_rts,0.191346762130367,0.07169037613188803,0.311003148128846
roll_0527,20240602,anchor_rts,0.19449498273967608,0.09025172216919743,0.29873824331015475
roll_0527,20240603,anchor_rts,0.22739679105872684,0.11026676175049364,0.34452682036696003
roll_0527,20240604,anchor_rts,0.2133418305581792,0.09067711390646525,0.33600654720989315
roll_0527,20240605,anchor_rts,0.2038164174075656,0.08156589567227772,0.32606693914285345
roll_0527,20240606,anchor_rts,0.199003251176728,0.09260871527040755,0.3053977870830485
roll_0527,20240607,anchor_rts,0.20340162754236177,0.08090312489637493,0.3259001301883486
roll_0527,20240608,anchor_rts,0.20121064554028306,0.09578348675923373,0.3066378043213324
roll_0527,20240609,anchor_rts,0.19660136398544975,0.09876229873389043,0.2944404292370091
roll_0527,20240610,anchor_rts,0.22924468718110766,0.1092840531361813,0.34920532122603404
roll_0527,20240611,anchor_rts,0.20756619566191964,0.09422075460637166,0.3209116367174676
roll_0527,20240612,anchor_rts,0.2110739977396813,0.094933731054476,0.3272142644248866
roll_0527,20240613,anchor_rts,0.19868909950879898,0.08990400876925494,0.30747419024834305
roll_0527,20240614,anchor_rts,0.21702834553433362,0.10279273714510279,0.33126395392356445
roll_0527,20240615,anchor_rts,0.1839320518616942,0.08017398111562227,0.2876901226077661
roll_0527,20240616,anchor_rts,0.2101072763273399,0.10529963039311899,0.3149149222615608
roll_0527,20240617,anchor_rts,0.21362108255687462,0.10629555199375501,0.32094661311999423
roll_0527,20240618,anchor_rts,0.20535997008005297,0.08461263657518363,0.3261073035849223
roll_0527,20240619,anchor_rts,0.20297540137463732,0.09976548865011602,0.3061853140991586
roll_0527,20240620,anchor_rts,0.19973660724171183,0.08905700190094037,0.3104162125824833
roll_0527,20240621,anchor_rts,0.20370879416541968,0.07840031523365165,0.3290172730971877
roll_0527,20240622,anchor_rts,0.1883730909175954,0.07677274318723144,0.2999734386479594
roll_0527,20240623,anchor_rts,0.1943805813386407,0.10904047521922555,0.27972068745805584
roll_0527,20240624,anchor_rts,0.21516700141737963,0.09626688441660824,0.334067118418151
roll_0527,20240625,anchor_rts,0.21370286158426352,0.10257852223633906,0.324827200932188
roll_0527,20240626,anchor_rts,0.2299632958855346,0.09647948912700792,0.36344710264406127
roll_0527,20240627,anchor_rts,0.21153985301773906,0.10867102385896614,0.31440868217651197
roll_0527,20240628,anchor_rts,0.20963333149607555,0.09301822135624728,0.32624844163590383
roll_0527,20240629,anchor_rts,0.21440193160945759,0.09037126099943414,0.338432602219481
roll_0527,20240630,anchor_rts,0.199459701184164,0.08698792942262991,0.3119314729456981
roll_0527,20240701,anchor_rts,0.22397457578125746,0.1090086414316371,0.33894051013087784
roll_0527,20240702,anchor_rts,0.229145119463467,0.129407622453067,0.32888261647386696
roll_0527,20240703,anchor_rts,0.20931001588978068,0.08594665930026855,0.3326733724792928
roll_0527,20240704,anchor_rts,0.2120015708533169,0.09465580494504043,0.32934733676159333
roll_0527,20240705,anchor_rts,0.2620782748203029,0.21706623989706245,0.30709030974354334
roll_0527,20240706,anchor_rts,0.31185387556312555,0.2844701233439068,0.3392376277823443
roll_0527,20240707,anchor_rts,0.20497783155440757,0.11452439821547025,0.2954312648933449
roll_0527,20240709,anchor_rts,0.20430573571368632,0.09501320597586127,0.31359826545151137
roll_0527,20240710,anchor_rts,0.2166009856302998,0.08506635298783499,0.3481356182727646
roll_0527,20240711,anchor_rts,0.2099149329448227,0.08839332610501564,0.3314365397846297
roll_0527,20240712,anchor_rts,0.21812840340455725,0.08770094996728009,0.34855585684183443
roll_0527,20240713,anchor_rts,0.24462216345278376,0.16596955957439094,0.3232747673311766
roll_0527,20240714,anchor_rts,0.2089098969976418,0.11795918856483563,0.29986060543044796
roll_0527,20240715,anchor_rts,0.20467556236549228,0.1293141979449451,0.2800369267860395
roll_0527,20240716,anchor_rts,0.18934242152209013,0.07107483241643588,0.3076100106277444
roll_0527,20240717,anchor_rts,0.23764213985075872,0.10522541996626003,0.37005885973525743
roll_0527,20240718,anchor_rts,0.21829926483063508,0.08421481427491402,0.35238371538635616
roll_0527,20240719,anchor_rts,0.20730764063013019,0.08397437392408977,0.33064090733617063
roll_0527,20240720,anchor_rts,0.2032470960845984,0.09522251513275451,0.31127167703644226
roll_0527,20240721,anchor_rts,0.1729780354917366,0.09619016176633502,0.24976590921713818
roll_0527,20240722,anchor_rts,0.20395408237096274,0.08405600526628428,0.3238521594756412
roll_0527,20240723,anchor_rts,0.19792686031727413,0.08723330453743242,0.3086204160971159
roll_0527,20240724,anchor_rts,0.2133128291660232,0.08855586334203185,0.33806979499001455
roll_0527,20240725,anchor_rts,0.20351866083108316,0.07699889942339073,0.3300384222387756
roll_0527,20240527,anchor_rts_fullgrid,0.20359806570201627,0.09603997293195256,0.31115615847208
roll_0527,20240528,anchor_rts_fullgrid,0.17257632926877087,0.07847666476229595,0.2666759937752458
roll_0527,20240530,anchor_rts_fullgrid,0.2051793615137819,0.09467149569783914,0.3156872273297247
roll_0527,20240531,anchor_rts_fullgrid,0.20674282658556348,0.0844243172903705,0.3290613358807565
roll_0527,20240601,anchor_rts_fullgrid,0.19298069906298682,0.07295262390236418,0.31300877422360945
roll_0527,20240602,anchor_rts_fullgrid,0.19314850083241994,0.08537522046887396,0.3009217811959659
roll_0527,20240603,anchor_rts_fullgrid,0.22701203379142368,0.11062606356328099,0.3433980040195664
roll_0527,20240604,anchor_rts_fullgrid,0.21440515813615138,0.09338974917332887,0.3354205670989739
roll_0527,20240605,anchor_rts_fullgrid,0.20357221330478714,0.08056700065271472,0.32657742595685957
roll_0527,20240606,anchor_rts_fullgrid,0.20019002149374138,0.09303004882106912,0.3073499941664136
roll_0527,20240607,anchor_rts_fullgrid,0.20143490697275174,0.0790875848066117,0.32378222913889176
roll_0527,20240608,anchor_rts_fullgrid,0.20060611524302643,0.09513524821113366,0.3060769822749192
roll_0527,20240609,anchor_rts_fullgrid,0.19414992324620722,0.09479768880719343,0.29350215768522103
roll_0527,20240610,anchor_rts_fullgrid,0.22897830783134654,0.10960810368634288,0.3483485119763502
roll_0527,20240611,anchor_rts_fullgrid,0.2084000229880327,0.09610915995928117,0.32069088601678425
roll_0527,20240612,anchor_rts_fullgrid,0.21236671299009802,0.09817573948939984,0.3265576864907962
roll_0527,20240613,anchor_rts_fullgrid,0.19937110001228842,0.09323732373677815,0.3055048762877987
roll_0527,20240614,anchor_rts_fullgrid,0.2159113932987774,0.10189366409324462,0.32992912250431017
roll_0527,20240615,anchor_rts_fullgrid,0.1840861384534049,0.08063390950714289,0.2875383673996669
roll_0527,20240616,anchor_rts_fullgrid,0.2078200280194451,0.10284710484803541,0.31279295119085476
roll_0527,20240617,anchor_rts_fullgrid,0.21417995365674097,0.10789959206009578,0.3204603152533862
roll_0527,20240618,anchor_rts_fullgrid,0.20793594683696492,0.08675313955373605,0.3291187541201938
roll_0527,20240619,anchor_rts_fullgrid,0.20511438127693332,0.10413138988732056,0.3060973726665461
roll_0527,20240620,anchor_rts_fullgrid,0.20235321687784658,0.09314370295435716,0.311562730801336
roll_0527,20240621,anchor_rts_fullgrid,0.20272661905577835,0.08002689208131926,0.32542634603023746
roll_0527,20240622,anchor_rts_fullgrid,0.1879903704611397,0.07758241620373936,0.29839832471854005
roll_0527,20240623,anchor_rts_fullgrid,0.19394037305906509,0.10771813187112837,0.2801626142470018
roll_0527,20240624,anchor_rts_fullgrid,0.21703716870972314,0.09924177831560412,0.3348325591038422
roll_0527,20240625,anchor_rts_fullgrid,0.21492860736163305,0.107403475469103,0.3224537392541631
roll_0527,20240626,anchor_rts_fullgrid,0.23127791428987837,0.0992482537078364,0.36330757487192034
roll_0527,20240627,anchor_rts_fullgrid,0.21299461853768228,0.11160990286104995,0.31437933421431463
roll_0527,20240628,anchor_rts_fullgrid,0.21084944028268757,0.09509533247119305,0.3266035480941821
roll_0527,20240629,anchor_rts_fullgrid,0.21258378602896777,0.09154567367929856,0.333621898378637
roll_0527,20240630,anchor_rts_fullgrid,0.1976461641205765,0.08479244481997282,0.3104998834211802
roll_0527,20240701,anchor_rts_fullgrid,0.22616153675178474,0.11295176201841486,0.33937131148515465
roll_0527,20240702,anchor_rts_fullgrid,0.23335134485664466,0.13473237765207954,0.3319703120612098
roll_0527,20240703,anchor_rts_fullgrid,0.2122895736817241,0.09171901056199229,0.33286013680145593
roll_0527,20240704,anchor_rts_fullgrid,0.21536039550937083,0.09945356275487714,0.3312672282638645
roll_0527,20240705,anchor_rts_fullgrid,0.2616680987644311,0.2182761729068474,0.3050600246220148
roll_0527,20240706,anchor_rts_fullgrid,0.3122159220892502,0.28457550438157564,0.33985633979692476
roll_0527,20240707,anchor_rts_fullgrid,0.20320518213617442,0.11367871592478777,0.29273164834756105
roll_0527,20240709,anchor_rts_fullgrid,0.20724600643392502,0.10075281431477397,0.3137391985530761
roll_0527,20240710,anchor_rts_fullgrid,0.2182374850580145,0.0898695591380452,0.3466054109779838
roll_0527,20240711,anchor_rts_fullgrid,0.2148274034865913,0.09848763350818314,0.33116717346499946
roll_0527,20240712,anchor_rts_fullgrid,0.2173524563871952,0.08834502761201166,0.34635988516237876
roll_0527,20240713,anchor_rts_fullgrid,0.24375618537805893,0.1678030738190561,0.3197092969370618
roll_0527,20240714,anchor_rts_fullgrid,0.21110506346748062,0.1182433411011295,0.30396678583383174
roll_0527,20240715,anchor_rts_fullgrid,0.20315027118956866,0.12458875705964928,0.28171178531948804
roll_0527,20240716,anchor_rts_fullgrid,0.18997495285758487,0.07197173779293478,0.3079781679222349
roll_0527,20240717,anchor_rts_fullgrid,0.24239143747894382,0.11335001828482552,0.3714328566730621
roll_0527,20240718,anchor_rts_fullgrid,0.223799762608826,0.08794774062891662,0.35965178458873537
roll_0527,20240719,anchor_rts_fullgrid,0.20659708943625688,0.08384951748757687,0.3293446613849369
roll_0527,20240720,anchor_rts_fullgrid,0.20461348057336126,0.09635944915938852,0.31286751198733403
roll_0527,20240721,anchor_rts_fullgrid,0.1743677513305994,0.09480397574943092,0.25393152691176785
roll_0527,20240722,anchor_rts_fullgrid,0.2059375728328689,0.0879383271614931,0.3239368185042447
roll_0527,20240723,anchor_rts_fullgrid,0.20106799105764853,0.0895724601453748,0.31256352196992226
roll_0527,20240724,anchor_rts_fullgrid,0.22019179269123007,0.09822767253532703,0.3421559128471331
roll_0527,20240725,anchor_rts_fullgrid,0.2054639788440134,0.08187569159328843,0.32905226609473837
roll_0527,20240527,anchor_rts_fm,0.2046315530630164,0.09833950558144748,0.3109236005445853
roll_0527,20240528,anchor_rts_fm,0.1728006689329147,0.07703222058387726,0.26856911728195215
roll_0527,20240530,anchor_rts_fm,0.20303973803277414,0.0910834093716971,0.31499606669385116
roll_0527,20240531,anchor_rts_fm,0.2067134291712485,0.08258427597527362,0.33084258236722336
roll_0527,20240601,anchor_rts_fm,0.1920864929485094,0.0731698377681728,0.311003148128846
roll_0527,20240602,anchor_rts_fm,0.19602548913087264,0.09331273495159051,0.29873824331015475
roll_0527,20240603,anchor_rts_fm,0.22739545532366973,0.1102640902803794,0.34452682036696003
roll_0527,20240604,anchor_rts_fm,0.2120612543484267,0.08811596148696026,0.33600654720989315
roll_0527,20240605,anchor_rts_fm,0.2027433949242305,0.07941985070560753,0.32606693914285345
roll_0527,20240606,anchor_rts_fm,0.1977912417340493,0.09018469638505013,0.3053977870830485
roll_0527,20240607,anchor_rts_fm,0.2028002770068654,0.07970042382538217,0.3259001301883486
roll_0527,20240608,anchor_rts_fm,0.20068238597703475,0.09472696763273708,0.3066378043213324
roll_0527,20240609,anchor_rts_fm,0.19820009258884153,0.10195975594067394,0.2944404292370091
roll_0527,20240610,anchor_rts_fm,0.22896345569305562,0.10872159016007721,0.34920532122603404
roll_0527,20240611,anchor_rts_fm,0.20574257501978307,0.09057351332209856,0.3209116367174676
roll_0527,20240612,anchor_rts_fm,0.20840264566966413,0.08959102691444165,0.3272142644248866
roll_0527,20240613,anchor_rts_fm,0.19721201291386195,0.08694983557938084,0.30747419024834305
roll_0527,20240614,anchor_rts_fm,0.21552373670909963,0.0997835194946348,0.33126395392356445
roll_0527,20240615,anchor_rts_fm,0.1851341587575907,0.08257819490741532,0.2876901226077661
roll_0527,20240616,anchor_rts_fm,0.21128360878932934,0.10765229531709784,0.3149149222615608
roll_0527,20240617,anchor_rts_fm,0.2142490399007313,0.1075514666814684,0.32094661311999423
roll_0527,20240618,anchor_rts_fm,0.20448264248012238,0.08285798137532248,0.3261073035849223
roll_0527,20240619,anchor_rts_fm,0.2011403104088306,0.09609530671850258,0.3061853140991586
roll_0527,20240620,anchor_rts_fm,0.19744158541598922,0.08446695824949516,0.3104162125824833
roll_0527,20240621,anchor_rts_fm,0.20248110117206783,0.07594492924694794,0.3290172730971877
roll_0527,20240622,anchor_rts_fm,0.18926880581435368,0.07856417298074794,0.2999734386479594
roll_0527,20240623,anchor_rts_fm,0.19541807576260756,0.11111546406715926,0.27972068745805584
roll_0527,20240624,anchor_rts_fm,0.21519282124539352,0.09631852407263601,0.334067118418151
roll_0527,20240625,anchor_rts_fm,0.21278459981141173,0.10074199869063546,0.324827200932188
roll_0527,20240626,anchor_rts_fm,0.22849257199693151,0.09353804134980176,0.36344710264406127
roll_0527,20240627,anchor_rts_fm,0.20939914403730892,0.10438960589810589,0.31440868217651197
roll_0527,20240628,anchor_rts_fm,0.20828985698806232,0.09033127234022081,0.32624844163590383
roll_0527,20240629,anchor_rts_fm,0.21516957751398966,0.0919065528084983,0.338432602219481
roll_0527,20240630,anchor_rts_fm,0.20024937078929972,0.08856726863290129,0.3119314729456981
roll_0527,20240701,anchor_rts_fm,0.22372994095416965,0.10851937177746145,0.33894051013087784
roll_0527,20240702,anchor_rts_fm,0.22760550612807204,0.12632839578227711,0.32888261647386696
roll_0527,20240703,anchor_rts_fm,0.20799499931506388,0.08331662615083495,0.3326733724792928
roll_0527,20240704,anchor_rts_fm,0.2097247875531816,0.0901022383447699,0.32934733676159333
roll_0527,20240705,anchor_rts_fm,0.2622462262204108,0.21740214269727837,0.30709030974354334
roll_0527,20240706,anchor_rts_fm,0.3126016929712886,0.28596575816023295,0.3392376277823443
roll_0527,20240707,anchor_rts_fm,0.20527601147000002,0.11512075804665511,0.2954312648933449
roll_0527,20240709,anchor_rts_fm,0.2040977147508763,0.09459716405024124,0.31359826545151137
roll_0527,20240710,anchor_rts_fm,0.21493987030344697,0.08174412233412932,0.3481356182727646
roll_0527,20240711,anchor_rts_fm,0.2088016249757929,0.0861667101669561,0.3314365397846297
roll_0527,20240712,anchor_rts_fm,0.21766996538829173,0.086784073934749,0.34855585684183443
roll_0527,20240713,anchor_rts_fm,0.2439431359896378,0.16461150464809898,0.3232747673311766
roll_0527,20240714,anchor_rts_fm,0.2083230858172142,0.11678556620398046,0.29986060543044796
roll_0527,20240715,anchor_rts_fm,0.20530455477357307,0.13057218276110666,0.2800369267860395
roll_0527,20240716,anchor_rts_fm,0.1885691903418304,0.06952837005591636,0.3076100106277444
roll_0527,20240717,anchor_rts_fm,0.23666420653175058,0.10326955332824371,0.37005885973525743
roll_0527,20240718,anchor_rts_fm,0.21711011547361575,0.08183651556087537,0.35238371538635616
roll_0527,20240719,anchor_rts_fm,0.20670140128414768,0.08276189523212475,0.33064090733617063
roll_0527,20240720,anchor_rts_fm,0.20285913775032985,0.09444659846421745,0.31127167703644226
roll_0527,20240721,anchor_rts_fm,0.17311744023518671,0.09646897125323523,0.24976590921713818
roll_0527,20240722,anchor_rts_fm,0.20291288563152815,0.08197361178741507,0.3238521594756412
roll_0527,20240723,anchor_rts_fm,0.19660020682764312,0.08457999755817035,0.3086204160971159
roll_0527,20240724,anchor_rts_fm,0.2118788123570142,0.08568782972401384,0.33806979499001455
roll_0527,20240725,anchor_rts_fm,0.20182096011287165,0.07360349798696766,0.3300384222387756
roll_0527,20240527,final,0.2042007150013662,0.09747782945814708,0.3109236005445853
roll_0527,20240528,final,0.17286623282386243,0.07716334836577271,0.26856911728195215
roll_0527,20240530,final,0.2026616058101705,0.09032714492648988,0.31499606669385116
roll_0527,20240531,final,0.2067200886822231,0.08259759499722286,0.33084258236722336
roll_0527,20240601,final,0.1921581215237036,0.07331309491856117,0.311003148128846
roll_0527,20240602,final,0.19589514412164655,0.09305204493313832,0.29873824331015475
roll_0527,20240603,final,0.22708068080568308,0.10963454124440614,0.34452682036696003
roll_0527,20240604,final,0.21165600332941115,0.08730545944892917,0.33600654720989315
roll_0527,20240605,final,0.202562169526302,0.07905739990975053,0.32606693914285345
roll_0527,20240606,final,0.1973788819065861,0.0893599767301237,0.3053977870830485
roll_0527,20240607,final,0.20236901216890874,0.07883789414946882,0.3259001301883486
roll_0527,20240608,final,0.2006087930878413,0.09457978185435018,0.3066378043213324
roll_0527,20240609,final,0.19824255967326843,0.1020446901095278,0.2944404292370091
roll_0527,20240610,final,0.2283667087071118,0.10752809618818955,0.34920532122603404
roll_0527,20240611,final,0.20521284359939773,0.08951405048132785,0.3209116367174676
roll_0527,20240612,final,0.20800395148293047,0.08879363854097433,0.3272142644248866
roll_0527,20240613,final,0.19717391826846903,0.08687364628859502,0.30747419024834305
roll_0527,20240614,final,0.2157185084643536,0.1001730630051427,0.3312639539235645
roll_0527,20240615,final,0.185387675861924,0.08308522911608188,0.2876901226077661
roll_0527,20240616,final,0.21157439845499304,0.1082338746484253,0.3149149222615608
roll_0527,20240617,final,0.21396278111559097,0.10697894911118774,0.32094661311999423
roll_0527,20240618,final,0.20429683004178703,0.08248635649865178,0.3261073035849223
roll_0527,20240619,final,0.20080766014696547,0.09543000619477233,0.3061853140991586
roll_0527,20240620,final,0.1970126749709569,0.08360913735943049,0.3104162125824833
roll_0527,20240621,final,0.20246810147557942,0.07591892985397117,0.3290172730971877
roll_0527,20240622,final,0.18969219386278358,0.07941094907760773,0.2999734386479594
roll_0527,20240623,final,0.19593293683213248,0.11214518620620909,0.2797206874580559
roll_0527,20240624,final,0.21525879697025688,0.09645047552236274,0.334067118418151
roll_0527,20240625,final,0.21208302808566057,0.09933885523913315,0.324827200932188
roll_0527,20240626,final,0.22810874556501923,0.09277038848597718,0.36344710264406127
roll_0527,20240627,final,0.20900940640429286,0.10361013063207376,0.31440868217651197
roll_0527,20240628,final,0.20835451320586912,0.0904605847758344,0.32624844163590383
roll_0527,20240629,final,0.2154365979177988,0.09244059361611659,0.33843260221948096
roll_0527,20240630,final,0.2003190032996734,0.08870653365364868,0.3119314729456981
roll_0527,20240701,final,0.22334140999360125,0.10774230985632464,0.33894051013087784
roll_0527,20240702,final,0.2268173324203699,0.12475204836687284,0.3288826164738669
roll_0527,20240703,final,0.2077321788006528,0.08279098512201283,0.3326733724792928
roll_0527,20240704,final,0.209258068623835,0.08916880048607666,0.32934733676159333
roll_0527,20240705,final,0.2621840159986253,0.21727772225370728,0.30709030974354334
roll_0527,20240706,final,0.31300603385560194,0.2867744399288596,0.3392376277823443
roll_0527,20240707,final,0.2057542995158946,0.1160773341384443,0.2954312648933449
roll_0527,20240709,final,0.20367454491315537,0.09375082437479935,0.31359826545151137
roll_0527,20240710,final,0.21454138583451537,0.08094715339626611,0.3481356182727646
roll_0527,20240711,final,0.20857473417741434,0.08571292857019894,0.3314365397846297
roll_0527,20240712,final,0.21784411513885346,0.0871323734358725,0.34855585684183443
roll_0527,20240713,final,0.24387180332817723,0.16446883932517786,0.3232747673311766
roll_0527,20240714,final,0.20836231536389574,0.11686402529734352,0.29986060543044796
roll_0527,20240715,final,0.20572857418028165,0.13142022157452382,0.2800369267860395
roll_0527,20240716,final,0.18862664975979845,0.0696432888918525,0.3076100106277444
roll_0527,20240717,final,0.23626915855651093,0.10247945737776444,0.37005885973525743
roll_0527,20240718,final,0.21673735355044327,0.08109099171453038,0.35238371538635616
roll_0527,20240719,final,0.20638334014275694,0.08212577294934328,0.33064090733617063
roll_0527,20240720,final,0.20263252984672014,0.09399338265699803,0.31127167703644226
roll_0527,20240721,final,0.17297991059592746,0.09619391197471674,0.24976590921713818
roll_0527,20240722,final,0.2027424321088479,0.08163270474205461,0.3238521594756412
roll_0527,20240723,final,0.1965808876310157,0.08454135916491551,0.3086204160971159
roll_0527,20240724,final,0.21162819291193094,0.08518659083384734,0.33806979499001455
roll_0527,20240725,final,0.20168348504996197,0.07332854786114834,0.3300384222387756
roll_0610,20240610,april_mean,0.23882628023198893,0.11086013041520286,0.366792430048775
roll_0610,20240611,april_mean,0.23555637676843338,0.1169408834247954,0.35417187011207135
roll_0610,20240612,april_mean,0.2346093971452838,0.11884255886604783,0.3503762354245198
roll_0610,20240613,april_mean,0.21982896632056975,0.10583374629185506,0.33382418634928446
roll_0610,20240614,april_mean,0.22542821306126484,0.10562735338709493,0.34522907273543474
roll_0610,20240615,april_mean,0.20238405416281685,0.10525113799869576,0.2995169703269379
roll_0610,20240616,april_mean,0.21939543804258435,0.11115195048403519,0.3276389256011335
roll_0610,20240617,april_mean,0.22143061309592083,0.11214181120023371,0.33071941499160795
roll_0610,20240618,april_mean,0.23405243792714803,0.10792334138639512,0.36018153446790097
roll_0610,20240619,april_mean,0.2236604246677605,0.11998918694268496,0.32733166239283606
roll_0610,20240620,april_mean,0.2151535066501381,0.1072491359766147,0.32305787732366154
roll_0610,20240621,april_mean,0.21821761359933195,0.0823452230609367,0.3540900041377272
roll_0610,20240622,april_mean,0.19720644461351355,0.08132443622391286,0.3130884530031142
roll_0610,20240623,april_mean,0.21453099604647974,0.10427339655998091,0.32478859553297856
roll_0610,20240624,april_mean,0.23033731942480973,0.10751671348480221,0.3531579253648172
roll_0610,20240625,april_mean,0.24507073289575435,0.12869969724578717,0.3614417685457215
roll_0610,20240626,april_mean,0.2618106963052529,0.11531232071993813,0.4083090718905677
roll_0610,20240627,april_mean,0.23415332339703898,0.12427225330715395,0.344034393486924
roll_0610,20240628,april_mean,0.22859066209663392,0.09655130761335397,0.3606300165799139
roll_0610,20240629,april_mean,0.22506674210487448,0.10430428862014748,0.3458291955896015
roll_0610,20240630,april_mean,0.22874390156786073,0.1050110808325986,0.3524767223031229
roll_0610,20240701,april_mean,0.23349171307445102,0.11363983462394367,0.35334359152495837
roll_0610,20240702,april_mean,0.26081082943114264,0.15131630575449234,0.3703053531077929
roll_0610,20240703,april_mean,0.23817175389712222,0.10443251338845161,0.37191099440579284
roll_0610,20240704,april_mean,0.23270684992679977,0.11113174518528983,0.3542819546683097
roll_0610,20240705,april_mean,0.26309244059830716,0.21912514278057765,0.3070597384160367
roll_0610,20240706,april_mean,0.3183506194946805,0.2814919810917145,0.3552092578976465
roll_0610,20240707,april_mean,0.21987058992834818,0.11617578749473881,0.3235653923619575
roll_0610,20240709,april_mean,0.22948643324116377,0.11408977045130365,0.3448830960310239
roll_0610,20240710,april_mean,0.242067789778042,0.10081797070654044,0.3833176088495436
roll_0610,20240711,april_mean,0.2345578727427119,0.10599134432752665,0.3631244011578971
roll_0610,20240712,april_mean,0.234192286158311,0.09227666463069359,0.3761079076859284
roll_0610,20240713,april_mean,0.2524841820516456,0.1706106198428476,0.3343577442604436
roll_0610,20240714,april_mean,0.24480689458181557,0.14125888097320655,0.3483549081904246
roll_0610,20240715,april_mean,0.2120251437430216,0.13575518098140266,0.2882951065046405
roll_0610,20240716,april_mean,0.20576119337549834,0.08158828284994095,0.3299341039010557
roll_0610,20240717,april_mean,0.263536472779463,0.12600101453660095,0.4010719310223251
roll_0610,20240718,april_mean,0.22940130920982688,0.09767787765773195,0.3611247407619218
roll_0610,20240719,april_mean,0.21685553786710252,0.08503337507665419,0.3486777006575508
roll_0610,20240720,april_mean,0.2149110046064591,0.1228825786590766,0.3069394305538416
roll_0610,20240721,april_mean,0.21159683402208573,0.12965119117344412,0.2935424768707273
roll_0610,20240722,april_mean,0.21308959296492402,0.09229302368363232,0.33388616224621576
roll_0610,20240723,april_mean,0.2196152161823013,0.10272645711477411,0.33650397524982845
roll_0610,20240724,april_mean,0.23554317067676667,0.10633423237550557,0.36475210897802773
roll_0610,20240725,april_mean,0.22192011806490183,0.09131746183395979,0.3525227742958439
roll_0610,20240726,april_mean,0.23020994904423026,0.08226550640533067,0.37815439168312986
roll_0610,20240727,april_mean,0.2519179269379059,0.11511620959285745,0.3887196442829543
roll_0610,20240728,april_mean,0.23467335899410385,0.1451059506372404,0.3242407673509673
roll_0610,20240729,april_mean,0.2042622905479976,0.101157680312689,0.3073669007833062
roll_0610,20240730,april_mean,0.2439431540529585,0.10733000280697003,0.38055630529894696
roll_0610,20240731,april_mean,0.2460580580814142,0.09753576630159301,0.3945803498612354
roll_0610,20240801,april_mean,0.20382359930522678,0.10516026433228913,0.3024869342781644
roll_0610,20240802,april_mean,0.1901657634620206,0.0812178731132302,0.299113653810811
roll_0610,20240803,april_mean,0.33038914017710785,0.18666655281248293,0.4741117275417328
roll_0610,20240804,april_mean,0.24337669042388027,0.14124830336492458,0.34550507748283593
roll_0610,20240805,april_mean,0.21894867891761233,0.10027800103343817,0.3376193568017865
roll_0610,20240806,april_mean,0.20507183961418057,0.09572043392197377,0.3144232453063874
roll_0610,20240807,april_mean,0.1958845303840939,0.0914719204093823,0.3002971403588055
roll_0610,20240808,april_mean,0.20152322475506237,0.09763957287768127,0.3054068766324435
roll_0610,20240610,novdec_mean,0.22118957564243796,0.10092129196704876,0.3414578593178272
roll_0610,20240611,novdec_mean,0.22129091316683505,0.10075042325910044,0.34183140307456966
roll_0610,20240612,novdec_mean,0.2205589740351309,0.10254717487561187,0.3385707731946499
roll_0610,20240613,novdec_mean,0.2059707617451343,0.09183534453931932,0.3201061789509492
roll_0610,20240614,novdec_mean,0.21255974150732057,0.09029440784423663,0.3348250751704045
roll_0610,20240615,novdec_mean,0.2093820701962829,0.11186286016881757,0.30690128022374824
roll_0610,20240616,novdec_mean,0.22697758183810895,0.1100068927246911,0.3439482709515268
roll_0610,20240617,novdec_mean,0.2099046357697219,0.10051360242849819,0.3192956691109456
roll_0610,20240618,novdec_mean,0.21465870552543592,0.09034241087982849,0.3389750001710434
roll_0610,20240619,novdec_mean,0.21677412723070483,0.1104241203004217,0.32312413416098795
roll_0610,20240620,novdec_mean,0.20796271842999642,0.09319988263555416,0.32272555422443866
roll_0610,20240621,novdec_mean,0.20512137427666846,0.07910875713299513,0.3311339914203418
roll_0610,20240622,novdec_mean,0.20582147393842232,0.09130612296313631,0.3203368249137083
roll_0610,20240623,novdec_mean,0.23586944612125427,0.10010831340262176,0.37163057883988676
roll_0610,20240624,novdec_mean,0.2157126389445456,0.09534518248245506,0.33608009540663614
roll_0610,20240625,novdec_mean,0.2294349645190446,0.1144272396261537,0.3444426894119355
roll_0610,20240626,novdec_mean,0.2468886635200736,0.10422351526563366,0.38955381177451354
roll_0610,20240627,novdec_mean,0.22128815573106644,0.11470646520130177,0.3278698462608311
roll_0610,20240628,novdec_mean,0.20944411189472806,0.08367757703028529,0.33521064675917084
roll_0610,20240629,novdec_mean,0.22383569070292428,0.10016849986702726,0.3475028815388213
roll_0610,20240630,novdec_mean,0.2471826069295634,0.10521229511109202,0.38915291874803476
roll_0610,20240701,novdec_mean,0.21942788113492334,0.10051419106592532,0.33834157120392133
roll_0610,20240702,novdec_mean,0.24754552640239663,0.13988517261369313,0.3552058801911001
roll_0610,20240703,novdec_mean,0.21725341045734092,0.09117946006290123,0.3433273608517806
roll_0610,20240704,novdec_mean,0.229310688240733,0.1001292420015489,0.3584921344799171
roll_0610,20240705,novdec_mean,0.27190870573287024,0.20789621287058221,0.3359211985951583
roll_0610,20240706,novdec_mean,0.3196056217184565,0.27456636089007086,0.3646448825468422
roll_0610,20240707,novdec_mean,0.2402771491865145,0.11425526105874535,0.36629903731428365
roll_0610,20240709,novdec_mean,0.2180860836612634,0.10481335132301735,0.33135881599950945
roll_0610,20240710,novdec_mean,0.23355897818236876,0.09406890864817584,0.37304904771656167
roll_0610,20240711,novdec_mean,0.22271186108769084,0.09836880761680393,0.34705491455857773
roll_0610,20240712,novdec_mean,0.22202179400132052,0.08782127895405493,0.3562223090485861
roll_0610,20240713,novdec_mean,0.2602570570272276,0.17814815467153505,0.3423659593829202
roll_0610,20240714,novdec_mean,0.27139865889998893,0.15560941708931153,0.3871879007106664
roll_0610,20240715,novdec_mean,0.22687173703695512,0.14292145231540634,0.3108220217585039
roll_0610,20240716,novdec_mean,0.1966893063118882,0.07980708416592426,0.31357152845785213
roll_0610,20240717,novdec_mean,0.26005951359315027,0.11936224897898545,0.40075677820731503
roll_0610,20240718,novdec_mean,0.2297546604165277,0.09239354055079298,0.36711578028226244
roll_0610,20240719,novdec_mean,0.2122596846307504,0.08795331712942854,0.33656605213207225
roll_0610,20240720,novdec_mean,0.22932917992897214,0.1286928269997908,0.3299655328581535
roll_0610,20240721,novdec_mean,0.23622079174503902,0.14043688730683998,0.332004696183238
roll_0610,20240722,novdec_mean,0.21599626299569002,0.08785805556642219,0.3441344704249579
roll_0610,20240723,novdec_mean,0.21674509519118873,0.09757072718469581,0.3359194631976817
roll_0610,20240724,novdec_mean,0.22845086089197425,0.10196207859689667,0.35493964318705185
roll_0610,20240725,novdec_mean,0.2153664943619139,0.08639108848064528,0.34434190024318256
roll_0610,20240726,novdec_mean,0.22081297727066015,0.08345363501410519,0.3581723195272151
roll_0610,20240727,novdec_mean,0.27009328341810435,0.12464575762180757,0.4155408092144011
roll_0610,20240728,novdec_mean,0.2549776638552566,0.15257581081339275,0.3573795168971205
roll_0610,20240729,novdec_mean,0.20353830567612008,0.10245538191482038,0.30462122943741976
roll_0610,20240730,novdec_mean,0.23866721855044284,0.10457216160799214,0.37276227549289354
roll_0610,20240731,novdec_mean,0.24065959156469607,0.0949231890996358,0.38639599402975633
roll_0610,20240801,novdec_mean,0.20618053037210682,0.09629035090554688,0.31607070983866675
roll_0610,20240802,novdec_mean,0.20436419800027109,0.08907327457980019,0.319655121420742
roll_0610,20240803,novdec_mean,0.335617044306485,0.1855290027163883,0.4857050858965816
roll_0610,20240804,novdec_mean,0.2706917215010771,0.15100060609170868,0.39038283691044556
roll_0610,20240805,novdec_mean,0.2179844273864146,0.09621029843129424,0.33975855634153496
roll_0610,20240806,novdec_mean,0.20954019289788106,0.10274936364101765,0.31633102215474446
roll_0610,20240807,novdec_mean,0.1981154896869794,0.08822815896767724,0.3080028204062816
roll_0610,20240808,novdec_mean,0.20036893159531372,0.09671454388202663,0.3040233193086008
roll_0610,20240610,anchor,0.21766808328223075,0.09060064204319633,0.34473552452126516
roll_0610,20240611,anchor,0.20265604209335,0.07949675783125058,0.3258153263554494
roll_0610,20240612,anchor,0.20461232556699918,0.07812928218323467,0.3310953689507637
roll_0610,20240613,anchor,0.1955776019769569,0.08488167667467997,0.30627352727923385
roll_0610,20240614,anchor,0.2087270101229935,0.08718102283491669,0.3302729974110703
roll_0610,20240615,anchor,0.18416122556282416,0.08631343314124676,0.2820090179844016
roll_0610,20240616,anchor,0.20592315748465692,0.09734360674592003,0.3145027082233938
roll_0610,20240617,anchor,0.20417576801618614,0.09167384016203212,0.31667769587034017
roll_0610,20240618,anchor,0.20159804337385412,0.07648858551716553,0.3267075012305427
roll_0610,20240619,anchor,0.19914463619249803,0.08916986989340318,0.30911940249159287
roll_0610,20240620,anchor,0.19490943380936898,0.07987766592409529,0.3099412016946427
roll_0610,20240621,anchor,0.19922987937922043,0.07356355843213312,0.3248962003263077
roll_0610,20240622,anchor,0.18671040473944034,0.07077629851822141,0.30264451096065925
roll_0610,20240623,anchor,0.19147723989185533,0.10325523649542509,0.2796992432882856
roll_0610,20240624,anchor,0.21182658659140113,0.09109428699034296,0.3325588861924593
roll_0610,20240625,anchor,0.20784533882422046,0.09314683674389722,0.3225438409045437
roll_0610,20240626,anchor,0.23186807658472428,0.09025292076032487,0.3734832324091237
roll_0610,20240627,anchor,0.21161620198685024,0.10227914641582565,0.32095325755787485
roll_0610,20240628,anchor,0.20600604254586014,0.08552368305432342,0.3264884020373968
roll_0610,20240629,anchor,0.21494480988490977,0.09508140147475443,0.33480821829506513
roll_0610,20240630,anchor,0.19749851505073887,0.08582394762932223,0.3091730824721555
roll_0610,20240701,anchor,0.22184610545078548,0.09809734848342627,0.3455948624181447
roll_0610,20240702,anchor,0.22914016891871447,0.12085285091165002,0.3374274869257789
roll_0610,20240703,anchor,0.208816789696774,0.08156897063747691,0.3360646087560711
roll_0610,20240704,anchor,0.2137677922763098,0.09129485930043951,0.3362407252521801
roll_0610,20240705,anchor,0.2631520572643173,0.21424854997203782,0.3120555645565968
roll_0610,20240706,anchor,0.31325627389769495,0.2830883612502783,0.34342418654511153
roll_0610,20240707,anchor,0.2053224101694296,0.11426910867741068,0.2963757116614485
roll_0610,20240709,anchor,0.20396041228018694,0.09013330999896685,0.317787514561407
roll_0610,20240710,anchor,0.2222279210771864,0.08151731024572866,0.3629385319086441
roll_0610,20240711,anchor,0.21504035324977602,0.08968567406456808,0.340395032434984
roll_0610,20240712,anchor,0.22191590020371774,0.08873565792328432,0.35509614248415117
roll_0610,20240713,anchor,0.24591662122785796,0.16439120439915839,0.3274420380565575
roll_0610,20240714,anchor,0.20921481830877928,0.11794615666599344,0.3004834799515651
roll_0610,20240715,anchor,0.2057294703995567,0.1340798938630817,0.27737904693603166
roll_0610,20240716,anchor,0.18848389787630215,0.07158868813213533,0.305379107620469
roll_0610,20240717,anchor,0.24239203799830655,0.10531173034504208,0.379472345651571
roll_0610,20240718,anchor,0.21633899254248692,0.08338802715506732,0.3492899579299065
roll_0610,20240719,anchor,0.209340739689133,0.0839310297848727,0.3347504495933933
roll_0610,20240720,anchor,0.20431491512933198,0.10125039099657174,0.3073794392620922
roll_0610,20240721,anchor,0.17761452548974496,0.10130836425463934,0.2539206867248506
roll_0610,20240722,anchor,0.20892033691634523,0.0859703311589558,0.33187034267373466
roll_0610,20240723,anchor,0.20323147767614044,0.09220713286278603,0.31425582248949485
roll_0610,20240724,anchor,0.21514909359132914,0.08565254035655429,0.344645646826104
roll_0610,20240725,anchor,0.20944945646703816,0.08167813705583825,0.33722077587823807
roll_0610,20240726,anchor,0.2207497611237267,0.0792805378242104,0.362218984423243
roll_0610,20240727,anchor,0.23354559733334732,0.09337108234529896,0.3737201123213957
roll_0610,20240728,anchor,0.20049196132910882,0.11215544458334209,0.28882847807487555
roll_0610,20240729,anchor,0.2038237038372423,0.09629766563434432,0.31134974204014026
roll_0610,20240730,anchor,0.2217239974622476,0.08924091288776927,0.35420708203672596
roll_0610,20240731,anchor,0.23508749569150933,0.08747353216851775,0.3827014592145009
roll_0610,20240801,anchor,0.19117860728343344,0.08952792044947945,0.29282929411738745
roll_0610,20240802,anchor,0.1909039193606333,0.0797476656561314,0.3020601730651352
roll_0610,20240803,anchor,0.31816274965345615,0.16910470461432292,0.4672207946925893
roll_0610,20240804,anchor,0.19239731562670714,0.10857808581028788,0.2762165454431264
roll_0610,20240805,anchor,0.21993905129204197,0.09355437259004219,0.34632372999404176
roll_0610,20240806,anchor,0.19709523530925654,0.08665341173488796,0.30753705888362515
roll_0610,20240807,anchor,0.1872497887902519,0.08223945391981086,0.2922601236606929
roll_0610,20240808,anchor,0.1986282363562041,0.09518592660686713,0.30207054610554107
roll_0610,20240610,anchor_rts,0.21574958177637588,0.09038492287965091,0.34111424067310087
roll_0610,20240611,anchor_rts,0.20083851830870275,0.08106807159610732,0.32060896502129815
roll_0610,20240612,anchor_rts,0.20292987746376753,0.08080087536004331,0.32505887956749174
roll_0610,20240613,anchor_rts,0.1947101543969897,0.08643395269553551,0.3029863560984439
roll_0610,20240614,anchor_rts,0.20756301868245014,0.08767740118905631,0.32744863617584397
roll_0610,20240615,anchor_rts,0.18359156050279388,0.08743381847629966,0.2797493025292881
roll_0610,20240616,anchor_rts,0.20051425859639052,0.09401546407832007,0.307013053114461
roll_0610,20240617,anchor_rts,0.20382881608670778,0.09387632767915426,0.3137813044942613
roll_0610,20240618,anchor_rts,0.20073362272939785,0.0779501140786449,0.3235171313801508
roll_0610,20240619,anchor_rts,0.19796809267910342,0.08914348005065163,0.3067927053075552
roll_0610,20240620,anchor_rts,0.19542417950407898,0.0812123608337024,0.30963599817445553
roll_0610,20240621,anchor_rts,0.19900400850351802,0.07431312848094046,0.32369488852609557
roll_0610,20240622,anchor_rts,0.18457551422433707,0.07028549663431499,0.29886553181435915
roll_0610,20240623,anchor_rts,0.18923757616510642,0.10013590316030678,0.27833924916990604
roll_0610,20240624,anchor_rts,0.21100384993455623,0.09230427297772124,0.3297034268913912
roll_0610,20240625,anchor_rts,0.20800626342655468,0.09227890113227016,0.3237336257208392
roll_0610,20240626,anchor_rts,0.229475974821154,0.09174891365529929,0.3672030359870087
roll_0610,20240627,anchor_rts,0.2106186247469708,0.10620721062000243,0.31503003887393916
roll_0610,20240628,anchor_rts,0.20542850005130767,0.0858099912390027,0.32504700886361265
roll_0610,20240629,anchor_rts,0.2130668342798847,0.09072256192988316,0.33541110662988627
roll_0610,20240630,anchor_rts,0.19600991805843992,0.08401340357403332,0.30800643254284654
roll_0610,20240701,anchor_rts,0.21988804446904092,0.09813219956283137,0.3416438893752505
roll_0610,20240702,anchor_rts,0.22765112089836856,0.12105321323177402,0.3342490285649631
roll_0610,20240703,anchor_rts,0.20708017709311236,0.08210326329524105,0.3320570908909837
roll_0610,20240704,anchor_rts,0.21340462638143726,0.09472213396978892,0.3320871187930856
roll_0610,20240705,anchor_rts,0.2619477122857075,0.21417578553000516,0.30971963904140987
roll_0610,20240706,anchor_rts,0.31111932851989443,0.2817927878280497,0.34044586921173914
roll_0610,20240707,anchor_rts,0.2024563575744523,0.11173186423735015,0.29318085091155444
roll_0610,20240709,anchor_rts,0.20283475775380438,0.08819717358164521,0.3174723419259636
roll_0610,20240710,anchor_rts,0.22125024971659313,0.08413151746977696,0.3583689819634093
roll_0610,20240711,anchor_rts,0.2133707731157275,0.08859455658862533,0.3381469896428297
roll_0610,20240712,anchor_rts,0.2197900953224015,0.08597199420395261,0.3536081964408504
roll_0610,20240713,anchor_rts,0.24547970410990178,0.16153853927537157,0.329420868944432
roll_0610,20240714,anchor_rts,0.20819628822394712,0.11679279611859116,0.29959978032930307
roll_0610,20240715,anchor_rts,0.20623658904022407,0.13549368601955938,0.27697949206088873
roll_0610,20240716,anchor_rts,0.19022943303800244,0.07131608693337181,0.30914277914263305
roll_0610,20240717,anchor_rts,0.24226499601878193,0.10677376957859389,0.37775622245896995
roll_0610,20240718,anchor_rts,0.21767876132106945,0.08509031681575482,0.3502672058263841
roll_0610,20240719,anchor_rts,0.21005316503105317,0.08537349264410232,0.334732837418004
roll_0610,20240720,anchor_rts,0.20387993483815958,0.09896942504664007,0.3087904446296791
roll_0610,20240721,anchor_rts,0.17475525417427573,0.10017841307193326,0.24933209527661823
roll_0610,20240722,anchor_rts,0.209302114618619,0.08783608637630673,0.33076814286093126
roll_0610,20240723,anchor_rts,0.2037157455011095,0.0937721718967903,0.31365931910542866
roll_0610,20240724,anchor_rts,0.21554414794444582,0.08815672858210272,0.3429315673067889
roll_0610,20240725,anchor_rts,0.20910163669922657,0.08236003003498761,0.33584324336346555
roll_0610,20240726,anchor_rts,0.22034745491783392,0.07863837962498482,0.362056530210683
roll_0610,20240727,anchor_rts,0.2321275460132374,0.09095034531128748,0.3733047467151873
roll_0610,20240728,anchor_rts,0.1973505166022941,0.10941780408530634,0.2852832291192819
roll_0610,20240729,anchor_rts,0.20463953397200224,0.09885636506908238,0.31042270287492213
roll_0610,20240730,anchor_rts,0.22494850140504868,0.09058320141840828,0.3593138013916891
roll_0610,20240731,anchor_rts,0.23651694312655028,0.08830344443191458,0.384730441821186
roll_0610,20240801,anchor_rts,0.19216869952688279,0.09222207760801376,0.2921153214457518
roll_0610,20240802,anchor_rts,0.18821512454521097,0.08026012670176023,0.2961701223886617
roll_0610,20240803,anchor_rts,0.314365665018975,0.1658947630934715,0.46283656694447856
roll_0610,20240804,anchor_rts,0.1878408391697935,0.10624271455452595,0.26943896378506105
roll_0610,20240805,anchor_rts,0.22158688749295752,0.09709178511207166,0.34608198987384337
roll_0610,20240806,anchor_rts,0.19835113839779306,0.09035333018012548,0.30634894661546064
roll_0610,20240807,anchor_rts,0.18575654400033786,0.08215205986011985,0.28936102814055586
roll_0610,20240808,anchor_rts,0.19831700574152114,0.0969909763735252,0.29964303510951706
roll_0610,20240610,anchor_rts_fullgrid,0.21640700642706734,0.0909058719453836,0.3419081409087511
roll_0610,20240611,anchor_rts_fullgrid,0.20052816742519902,0.08010640781286785,0.32094992703753017
roll_0610,20240612,anchor_rts_fullgrid,0.20308637094222895,0.08057557293870615,0.32559716894575175
roll_0610,20240613,anchor_rts_fullgrid,0.19439390677075696,0.08476274427037449,0.3040250692711394
roll_0610,20240614,anchor_rts_fullgrid,0.20628576042239288,0.08771829743665992,0.32485322340812584
roll_0610,20240615,anchor_rts_fullgrid,0.18333414660164005,0.08611535595469669,0.28055293724858343
roll_0610,20240616,anchor_rts_fullgrid,0.202620693263602,0.09562870277570816,0.3096126837514958
roll_0610,20240617,anchor_rts_fullgrid,0.2014268492843,0.09047352777691581,0.3123801707916842
roll_0610,20240618,anchor_rts_fullgrid,0.2005455406210338,0.07658855275157261,0.324502528490495
roll_0610,20240619,anchor_rts_fullgrid,0.1970076821036953,0.08988247833693125,0.30413288587045934
roll_0610,20240620,anchor_rts_fullgrid,0.19568341794789537,0.07994115512865889,0.31142568076713184
roll_0610,20240621,anchor_rts_fullgrid,0.19868656397091244,0.07334894572103404,0.3240241822207909
roll_0610,20240622,anchor_rts_fullgrid,0.18473947816176717,0.07139088027452165,0.2980880760490127
roll_0610,20240623,anchor_rts_fullgrid,0.18682824261840797,0.09632612264495577,0.27733036259186017
roll_0610,20240624,anchor_rts_fullgrid,0.20929275839938463,0.08970295198641874,0.3288825648123505
roll_0610,20240625,anchor_rts_fullgrid,0.20878959268560782,0.09321371556750856,0.32436546980370706
roll_0610,20240626,anchor_rts_fullgrid,0.23131814748068152,0.0898233184544073,0.3728129765069558
roll_0610,20240627,anchor_rts_fullgrid,0.21133442092888052,0.10228771529759574,0.3203811265601653
roll_0610,20240628,anchor_rts_fullgrid,0.20481991528014024,0.08332908574648627,0.3263107448137942
roll_0610,20240629,anchor_rts_fullgrid,0.21056527366507477,0.08968774578194619,0.3314428015482033
roll_0610,20240630,anchor_rts_fullgrid,0.19639132065253875,0.08220802190597039,0.31057461939910713
roll_0610,20240701,anchor_rts_fullgrid,0.21956862862667642,0.09592274181449449,0.34321451543885834
roll_0610,20240702,anchor_rts_fullgrid,0.22931530917559562,0.12130739688294799,0.33732322146824323
roll_0610,20240703,anchor_rts_fullgrid,0.20746717098834838,0.08156540840543465,0.3333689335712621
roll_0610,20240704,anchor_rts_fullgrid,0.21387907930852249,0.09199166649432904,0.3357664921227159
roll_0610,20240705,anchor_rts_fullgrid,0.2625305635699638,0.2149692337964483,0.3100918933434793
roll_0610,20240706,anchor_rts_fullgrid,0.31218256160308716,0.28284488139000935,0.34152024181616497
roll_0610,20240707,anchor_rts_fullgrid,0.2022732851375759,0.10974596863510573,0.29480060164004607
roll_0610,20240709,anchor_rts_fullgrid,0.20355915489853638,0.08923449935766195,0.31788381043941083
roll_0610,20240710,anchor_rts_fullgrid,0.22140665631177722,0.08241857370930335,0.3603947389142511
roll_0610,20240711,anchor_rts_fullgrid,0.21491839593116585,0.08943076788956536,0.34040602397276637
roll_0610,20240712,anchor_rts_fullgrid,0.21966067321145058,0.08629529163211769,0.3530260547907835
roll_0610,20240713,anchor_rts_fullgrid,0.24407263675759786,0.1624210667395436,0.3257242067756521
roll_0610,20240714,anchor_rts_fullgrid,0.2124200172404953,0.12244855290675964,0.30239148157423096
roll_0610,20240715,anchor_rts_fullgrid,0.208292190244134,0.13761636742601613,0.2789680130622519
roll_0610,20240716,anchor_rts_fullgrid,0.1891864752248117,0.07107058701349168,0.3073023634361317
roll_0610,20240717,anchor_rts_fullgrid,0.24264579076492032,0.10713200539929295,0.3781595761305477
roll_0610,20240718,anchor_rts_fullgrid,0.21773048397053996,0.08342527182203094,0.352035696119049
roll_0610,20240719,anchor_rts_fullgrid,0.2099953823132788,0.08604755229068681,0.3339432123358708
roll_0610,20240720,anchor_rts_fullgrid,0.2030247908583073,0.10030780375202435,0.30574177796459023
roll_0610,20240721,anchor_rts_fullgrid,0.176536980226515,0.10198395207208631,0.2510900083809437
roll_0610,20240722,anchor_rts_fullgrid,0.20848110626684982,0.08641907020396296,0.3305431423297367
roll_0610,20240723,anchor_rts_fullgrid,0.20324502189993054,0.09281801658185432,0.3136720272180068
roll_0610,20240724,anchor_rts_fullgrid,0.21500649473911815,0.08844843330217676,0.3415645561760595
roll_0610,20240725,anchor_rts_fullgrid,0.20723648814079537,0.08188950686974988,0.33258346941184086
roll_0610,20240726,anchor_rts_fullgrid,0.21952185938522584,0.07913442315590585,0.3599092956145458
roll_0610,20240727,anchor_rts_fullgrid,0.23145259139557656,0.09304281437700793,0.36986236841414516
roll_0610,20240728,anchor_rts_fullgrid,0.19854134180530314,0.11150580025681599,0.2855768833537903
roll_0610,20240729,anchor_rts_fullgrid,0.20311648668133692,0.09877999851797473,0.3074529748446991
roll_0610,20240730,anchor_rts_fullgrid,0.2224117173612616,0.08965924851787886,0.35516418620464435
roll_0610,20240731,anchor_rts_fullgrid,0.23536373509971767,0.0889774648100698,0.38175000538936554
roll_0610,20240801,anchor_rts_fullgrid,0.1930864646195098,0.09212258170409186,0.2940503475349277
roll_0610,20240802,anchor_rts_fullgrid,0.190724637171644,0.08056973312994026,0.30087954121334776
roll_0610,20240803,anchor_rts_fullgrid,0.3113453638577034,0.16202613870249283,0.4606645890129139
roll_0610,20240804,anchor_rts_fullgrid,0.19401721191153712,0.1108675797468786,0.27716684407619563
roll_0610,20240805,anchor_rts_fullgrid,0.22180055239661733,0.0976126874434692,0.3459884173497655
roll_0610,20240806,anchor_rts_fullgrid,0.1981114761979032,0.08913822359909676,0.30708472879670967
roll_0610,20240807,anchor_rts_fullgrid,0.18893804777490225,0.08276688263439412,0.29510921291541037
roll_0610,20240808,anchor_rts_fullgrid,0.19904762015645297,0.09870736100887538,0.29938787930403055
roll_0610,20240610,anchor_rts_fm,0.2155728889682977,0.09003153726349457,0.34111424067310087
roll_0610,20240611,anchor_rts_fm,0.19986760010621277,0.07912623519112738,0.32060896502129815
roll_0610,20240612,anchor_rts_fm,0.2009234572254796,0.07678803488346744,0.32505887956749174
roll_0610,20240613,anchor_rts_fm,0.19321244746349497,0.08343853882854606,0.3029863560984439
roll_0610,20240614,anchor_rts_fm,0.20673406782003145,0.08601949946421894,0.32744863617584397
roll_0610,20240615,anchor_rts_fm,0.1839757793509088,0.08820225617252953,0.2797493025292881
roll_0610,20240616,anchor_rts_fm,0.20149125011764624,0.0959694471208315,0.307013053114461
roll_0610,20240617,anchor_rts_fm,0.20302363105853552,0.09226595762280977,0.3137813044942613
roll_0610,20240618,anchor_rts_fm,0.19972974966074133,0.07594236794133186,0.3235171313801508
roll_0610,20240619,anchor_rts_fm,0.1973751015411306,0.08795749777470603,0.3067927053075552
roll_0610,20240620,anchor_rts_fm,0.1928793630441395,0.07612272791382343,0.30963599817445553
roll_0610,20240621,anchor_rts_fm,0.19823711535669256,0.07277934218728954,0.32369488852609557
roll_0610,20240622,anchor_rts_fm,0.18554275684456562,0.07221998187477209,0.29886553181435915
roll_0610,20240623,anchor_rts_fm,0.18990952280880963,0.10147979644771322,0.27833924916990604
roll_0610,20240624,anchor_rts_fm,0.20967897613468578,0.08965452537798038,0.3297034268913912
roll_0610,20240625,anchor_rts_fm,0.20746730516500697,0.09120098460917474,0.3237336257208392
roll_0610,20240626,anchor_rts_fm,0.2283143778738489,0.08942571976068905,0.3672030359870087
roll_0610,20240627,anchor_rts_fm,0.20737711194723882,0.09972418502053848,0.31503003887393916
roll_0610,20240628,anchor_rts_fm,0.2043387968354401,0.08363058480726752,0.32504700886361265
roll_0610,20240629,anchor_rts_fm,0.2126038297955748,0.08979655296126335,0.33541110662988627
roll_0610,20240630,anchor_rts_fm,0.1961216760464295,0.08423691955001243,0.30800643254284654
roll_0610,20240701,anchor_rts_fm,0.21910037579175745,0.09655686220826443,0.3416438893752505
roll_0610,20240702,anchor_rts_fm,0.2263769948625927,0.11850496116022231,0.3342490285649631
roll_0610,20240703,anchor_rts_fm,0.2061138068517166,0.08017052281244953,0.3320570908909837
roll_0610,20240704,anchor_rts_fm,0.20982159067479078,0.08755606255649596,0.3320871187930856
roll_0610,20240705,anchor_rts_fm,0.26073068427383306,0.21174172950625625,0.30971963904140987
roll_0610,20240706,anchor_rts_fm,0.3110131244022013,0.28158037959266347,0.34044586921173914
roll_0610,20240707,anchor_rts_fm,0.20268787988695663,0.11219490886235882,0.29318085091155444
roll_0610,20240709,anchor_rts_fm,0.20316870442545532,0.08886506692494706,0.3174723419259636
roll_0610,20240710,anchor_rts_fm,0.21956758300175136,0.08076618404009338,0.3583689819634093
roll_0610,20240711,anchor_rts_fm,0.21205553326038243,0.08596407687793518,0.3381469896428297
roll_0610,20240712,anchor_rts_fm,0.2192490193413816,0.08488984224191282,0.3536081964408504
roll_0610,20240713,anchor_rts_fm,0.24419572719066712,0.15897058543690226,0.329420868944432
roll_0610,20240714,anchor_rts_fm,0.20830693861967817,0.11701409691005327,0.29959978032930307
roll_0610,20240715,anchor_rts_fm,0.20633789288846593,0.13569629371604314,0.27697949206088873
roll_0610,20240716,anchor_rts_fm,0.18864489708168158,0.06814701502073012,0.30914277914263305
roll_0610,20240717,anchor_rts_fm,0.24099769072865834,0.10423915899834675,0.37775622245896995
roll_0610,20240718,anchor_rts_fm,0.2159867765008856,0.0817063471753871,0.3502672058263841
roll_0610,20240719,anchor_rts_fm,0.20873620188012243,0.0827395663422408,0.334732837418004
roll_0610,20240720,anchor_rts_fm,0.20312148705121552,0.09745252947275194,0.3087904446296791
roll_0610,20240721,anchor_rts_fm,0.17495974739992817,0.10058739952323811,0.24933209527661823
roll_0610,20240722,anchor_rts_fm,0.2081476098749225,0.08552707688891376,0.33076814286093126
roll_0610,20240723,anchor_rts_fm,0.20159314834646125,0.08952697758749383,0.31365931910542866
roll_0610,20240724,anchor_rts_fm,0.2153180464778834,0.0877045256489779,0.3429315673067889
roll_0610,20240725,anchor_rts_fm,0.20750943805671979,0.07917563274997402,0.33584324336346555
roll_0610,20240726,anchor_rts_fm,0.22006168188076577,0.07806683355084854,0.362056530210683
roll_0610,20240727,anchor_rts_fm,0.23173784662754537,0.0901709465399034,0.3733047467151873
roll_0610,20240728,anchor_rts_fm,0.19641799832522466,0.10755276753116742,0.2852832291192819
roll_0610,20240729,anchor_rts_fm,0.20334074388419934,0.09625878489347657,0.31042270287492213
roll_0610,20240730,anchor_rts_fm,0.22463762590572228,0.08996145041975545,0.3593138013916891
roll_0610,20240731,anchor_rts_fm,0.23571770027014324,0.08670495871910049,0.384730441821186
roll_0610,20240801,anchor_rts_fm,0.19065933264612728,0.08920334384650273,0.2921153214457518
roll_0610,20240802,anchor_rts_fm,0.18737361799520058,0.07857711360173948,0.2961701223886617
roll_0610,20240803,anchor_rts_fm,0.3136999242145625,0.16456328148464638,0.46283656694447856
roll_0610,20240804,anchor_rts_fm,0.1880023326916516,0.10656570159824212,0.26943896378506105
roll_0610,20240805,anchor_rts_fm,0.2207627814201582,0.09544357296647303,0.34608198987384337
roll_0610,20240806,anchor_rts_fm,0.1966931737826359,0.08703740094981118,0.30634894661546064
roll_0610,20240807,anchor_rts_fm,0.184476672370892,0.0795923166012281,0.28936102814055586
roll_0610,20240808,anchor_rts_fm,0.19677488770163368,0.09390674029375029,0.29964303510951706
roll_0610,20240610,final,0.21520014519185465,0.08928604971060847,0.34111424067310087
roll_0610,20240611,final,0.19951079623860216,0.07841262745590616,0.32060896502129815
roll_0610,20240612,final,0.2005924833242606,0.0761260870810295,0.32505887956749174
roll_0610,20240613,final,0.1933784115223635,0.08377046694628316,0.3029863560984439
roll_0610,20240614,final,0.20677760487617214,0.08610657357650028,0.32744863617584397
roll_0610,20240615,final,0.18402952027383465,0.0883097380183812,0.2797493025292881
roll_0610,20240616,final,0.20161612025176504,0.09621918738906908,0.307013053114461
roll_0610,20240617,final,0.2029645983157387,0.09214789213721616,0.3137813044942613
roll_0610,20240618,final,0.19978499194926544,0.07605285251838005,0.3235171313801508
roll_0610,20240619,final,0.19710180809629946,0.08741091088504373,0.3067927053075552
roll_0610,20240620,final,0.19252354264488153,0.07541108711530753,0.30963599817445553
roll_0610,20240621,final,0.19810508840693564,0.07251528828777569,0.32369488852609557
roll_0610,20240622,final,0.18579602920058147,0.07272652658680377,0.29886553181435915
roll_0610,20240623,final,0.19027971877921157,0.10222018838851707,0.27833924916990604
roll_0610,20240624,final,0.20990491287887048,0.09010639886634973,0.3297034268913912
roll_0610,20240625,final,0.20683017187549552,0.08992671803015186,0.3237336257208392
roll_0610,20240626,final,0.2279952326453908,0.0887874293037729,0.3672030359870087
roll_0610,20240627,final,0.20699682175540657,0.098963604636874,0.31503003887393916
roll_0610,20240628,final,0.20436158692734896,0.08367616499108528,0.32504700886361265
roll_0610,20240629,final,0.2128014617063992,0.09019181678291212,0.33541110662988627
roll_0610,20240630,final,0.19605375130010963,0.08410107005737273,0.30800643254284654
roll_0610,20240701,final,0.2189521073900532,0.0962603254048559,0.3416438893752505
roll_0610,20240702,final,0.22565532731328566,0.11706162606160823,0.3342490285649631
roll_0610,20240703,final,0.20592287028727946,0.07978864968357524,0.3320570908909837
roll_0610,20240704,final,0.20938238253556085,0.08667764627803608,0.3320871187930856
roll_0610,20240705,final,0.26072986007731613,0.21174008111322237,0.30971963904140987
roll_0610,20240706,final,0.3113476436421292,0.28224941807251924,0.34044586921173914
roll_0610,20240707,final,0.20307895345432395,0.11297705599709344,0.29318085091155444
roll_0610,20240709,final,0.20284646145598978,0.08822058098601597,0.3174723419259636
roll_0610,20240710,final,0.2192231576632918,0.08007733336317427,0.3583689819634093
roll_0610,20240711,final,0.21190907533356873,0.08567116102430779,0.3381469896428297
roll_0610,20240712,final,0.21930622064711935,0.08500424485338834,0.3536081964408504
roll_0610,20240713,final,0.2440602200457561,0.15869957114708017,0.329420868944432
roll_0610,20240714,final,0.20834884586354335,0.11709791139778361,0.29959978032930307
roll_0610,20240715,final,0.20662694430765172,0.13627439655441467,0.27697949206088873
roll_0610,20240716,final,0.1887869114180991,0.06843104369356519,0.30914277914263305
roll_0610,20240717,final,0.24061982351231367,0.10348342456565741,0.37775622245896995
roll_0610,20240718,final,0.2155896572678373,0.08091210870929047,0.3502672058263841
roll_0610,20240719,final,0.20849452569296067,0.08225621396791732,0.334732837418004
roll_0610,20240720,final,0.20284004551517573,0.09688964640067237,0.3087904446296791
roll_0610,20240721,final,0.17481561302519677,0.10029913077377532,0.24933209527661823
roll_0610,20240722,final,0.20806094531312158,0.08535374776531192,0.33076814286093126
roll_0610,20240723,final,0.2015479535820073,0.08943658805858595,0.31365931910542866
roll_0610,20240724,final,0.21508990032918424,0.08724823335157952,0.3429315673067889
roll_0610,20240725,final,0.20732989504175908,0.07881654672005263,0.33584324336346555
roll_0610,20240726,final,0.22015178411898498,0.07824703802728696,0.362056530210683
roll_0610,20240727,final,0.23174897766089878,0.09019320860661025,0.3733047467151873
roll_0610,20240728,final,0.19580423398401048,0.10632523884873908,0.2852832291192819
roll_0610,20240729,final,0.20369299162687104,0.09696328037881995,0.31042270287492213
roll_0610,20240730,final,0.2243981495026279,0.08948249761356668,0.3593138013916891
roll_0610,20240731,final,0.2357181045924323,0.08670576736367863,0.384730441821186
roll_0610,20240801,final,0.1902889414787455,0.0884625615117392,0.2921153214457518
roll_0610,20240802,final,0.18724661399156015,0.0783231055944586,0.2961701223886617
roll_0610,20240803,final,0.31341389179482904,0.16399121664517957,0.46283656694447856
roll_0610,20240804,final,0.18762376113176188,0.10580855847846268,0.26943896378506105
roll_0610,20240805,final,0.2210804380262489,0.09607888617865447,0.34608198987384337
roll_0610,20240806,final,0.19633837504389012,0.08632780347231958,0.30634894661546064
roll_0610,20240807,final,0.1843098468993251,0.07925866565809433,0.28936102814055586
roll_0610,20240808,final,0.1967275566964817,0.09381207828344634,0.29964303510951706
roll_0624,20240624,april_mean,0.22022379803209058,0.10164384230139041,0.33880375376279076
roll_0624,20240625,april_mean,0.24394971999734644,0.12658076971186963,0.3613186702828232
roll_0624,20240626,april_mean,0.2594655134387319,0.11092114475894385,0.40800988211852
roll_0624,20240627,april_mean,0.228327481696118,0.11787476128987448,0.33878020210236154
roll_0624,20240628,april_mean,0.2277176068999213,0.09532571052334489,0.3601095032764977
roll_0624,20240629,april_mean,0.22444257159836592,0.10335839028068883,0.345526752916043
roll_0624,20240630,april_mean,0.23556049080582533,0.10617126925575533,0.36494971235589535
roll_0624,20240701,april_mean,0.23308205448367392,0.11061258418586653,0.35555152478148133
roll_0624,20240702,april_mean,0.25878601993844624,0.1510808992691993,0.36649114060769317
roll_0624,20240703,april_mean,0.23251730231350784,0.10003907626129187,0.3649955283657238
roll_0624,20240704,april_mean,0.2285556600517873,0.10715297556855093,0.34995834453502367
roll_0624,20240705,april_mean,0.26897550236569895,0.21893991577282057,0.3190110889585773
roll_0624,20240706,april_mean,0.3210868743992088,0.2838117482364631,0.35836200056195455
roll_0624,20240707,april_mean,0.23167750083785713,0.12119096103923495,0.3421640406364793
roll_0624,20240709,april_mean,0.22818577248988203,0.1140942079144933,0.34227733706527075
roll_0624,20240710,april_mean,0.23898114731161937,0.09651150170301905,0.3814507929202197
roll_0624,20240711,april_mean,0.23375031408835212,0.10020044397206887,0.36730018420463534
roll_0624,20240712,april_mean,0.2335422589093275,0.0936034707709489,0.3734810470477061
roll_0624,20240713,april_mean,0.25833999518369183,0.17731405187641724,0.3393659384909664
roll_0624,20240714,april_mean,0.24973497385941273,0.14571368093825657,0.35375626678056893
roll_0624,20240715,april_mean,0.2127010055115523,0.1346155821442532,0.29078642887885137
roll_0624,20240716,april_mean,0.1999143412167739,0.07686981135338876,0.322958871080159
roll_0624,20240717,april_mean,0.2611999023706898,0.12102709617301668,0.40137270856836293
roll_0624,20240718,april_mean,0.22787676123575448,0.09614119375301348,0.35961232871849547
roll_0624,20240719,april_mean,0.2140908010445235,0.0827378015707843,0.3454438005182627
roll_0624,20240720,april_mean,0.21260123291251684,0.12180002280755238,0.3034024430174813
roll_0624,20240721,april_mean,0.2169271879091062,0.1339259306217269,0.29992844519648554
roll_0624,20240722,april_mean,0.2124184795465402,0.08858137750466591,0.33625558158841445
roll_0624,20240723,april_mean,0.21342812123633256,0.09728318568365402,0.3295730567890111
roll_0624,20240724,april_mean,0.23256305527622118,0.10507388938855398,0.36005222116388835
roll_0624,20240725,april_mean,0.21674731536434957,0.08681895964662158,0.3466756710820776
roll_0624,20240726,april_mean,0.2372676616422371,0.08270695050595811,0.39182837277851607
roll_0624,20240727,april_mean,0.2597925873811639,0.11810015726622003,0.40148501749610777
roll_0624,20240728,april_mean,0.24077089322992784,0.14633976586611477,0.33520202059374093
roll_0624,20240729,april_mean,0.20520094969278607,0.09540061215348658,0.3150012872320856
roll_0624,20240730,april_mean,0.24562890211453892,0.10767217830894178,0.38358562592013606
roll_0624,20240731,april_mean,0.24417870642388778,0.09497002278012649,0.39338739006764906
roll_0624,20240801,april_mean,0.20383041913751895,0.10136211281780373,0.3062987254572342
roll_0624,20240802,april_mean,0.18994307296450447,0.08173529370200973,0.2981508522269992
roll_0624,20240803,april_mean,0.3338098520268588,0.18801439911454312,0.47960530493917447
roll_0624,20240804,april_mean,0.2509202364609745,0.1439185136091894,0.35792195931275966
roll_0624,20240805,april_mean,0.21313484666051732,0.09358784637221672,0.3326818469488179
roll_0624,20240806,april_mean,0.19911442082462213,0.09375571915054919,0.30447312249869507
roll_0624,20240807,april_mean,0.19373628192164602,0.08963650368036585,0.2978360601629262
roll_0624,20240808,april_mean,0.19885614888575004,0.09442339363010174,0.30328890414139836
roll_0624,20240809,april_mean,0.20823907545344733,0.08482854357420765,0.331649607332687
roll_0624,20240810,april_mean,0.19398387141624582,0.11213831127800528,0.27582943155448636
roll_0624,20240811,april_mean,0.2308965974780789,0.1295513949623681,0.33224179999378967
roll_0624,20240812,april_mean,0.21729060164855232,0.11243711323079376,0.3221440900663109
roll_0624,20240813,april_mean,0.22776129392209693,0.1054373711286967,0.35008521671549714
roll_0624,20240814,april_mean,0.2184019585144154,0.11057303985738264,0.32623087717144816
roll_0624,20240815,april_mean,0.22444573126409756,0.10844070522766114,0.340450757300534
roll_0624,20240816,april_mean,0.20559465299766178,0.09187927325396983,0.3193100327413537
roll_0624,20240817,april_mean,0.23261947991122006,0.12874734437808483,0.3364916154443553
roll_0624,20240818,april_mean,0.22944270296778813,0.1333382636956816,0.3255471422398946
roll_0624,20240819,april_mean,0.191327549470655,0.09235686964185784,0.29029822929945215
roll_0624,20240820,april_mean,0.2178808386625801,0.10029340661736386,0.33546827070779633
roll_0624,20240821,april_mean,0.18815678973892316,0.09462266996415057,0.28169090951369574
roll_0624,20240822,april_mean,0.21459854056931105,0.10537253689467956,0.3238245442439425
roll_0624,20240624,novdec_mean,0.21824255651732521,0.0920492137316211,0.3444358993030293
roll_0624,20240625,novdec_mean,0.2272523160694849,0.10512665172933333,0.34937798040963647
roll_0624,20240626,novdec_mean,0.23806383827410985,0.09747623310140695,0.37865144344681273
roll_0624,20240627,novdec_mean,0.22390121914749703,0.10728085391239385,0.3405215843826002
roll_0624,20240628,novdec_mean,0.20949277305719116,0.07767910246107478,0.34130644365330753
roll_0624,20240629,novdec_mean,0.21788273319825996,0.10191252752043176,0.33385293887608813
roll_0624,20240630,novdec_mean,0.24450657492138672,0.11009376958130793,0.3789193802614655
roll_0624,20240701,novdec_mean,0.21639247816613924,0.09446072364712482,0.33832423268515366
roll_0624,20240702,novdec_mean,0.23727331714612232,0.1320768266898665,0.3424698076023781
roll_0624,20240703,novdec_mean,0.21456864557868832,0.08281636622915194,0.3463209249282247
roll_0624,20240704,novdec_mean,0.22611486702250272,0.09609994236515453,0.3561297916798509
roll_0624,20240705,novdec_mean,0.2731390138900983,0.21390530365015403,0.33237272413004254
roll_0624,20240706,novdec_mean,0.3175877883045062,0.28241220548128776,0.35276337112772466
roll_0624,20240707,novdec_mean,0.2380080639081476,0.11957857513202122,0.356437552684274
roll_0624,20240709,novdec_mean,0.21616350742183615,0.0967019109246386,0.3356251039190337
roll_0624,20240710,novdec_mean,0.22283870554623342,0.09162636121921366,0.3540510498732532
roll_0624,20240711,novdec_mean,0.21067925305711194,0.09172942282708324,0.32962908328714063
roll_0624,20240712,novdec_mean,0.22748696933456508,0.08853236978124279,0.36644156888788737
roll_0624,20240713,novdec_mean,0.2559497349797278,0.17789130763547234,0.3340081623239832
roll_0624,20240714,novdec_mean,0.27143302465403385,0.16409458638699165,0.37877146292107605
roll_0624,20240715,novdec_mean,0.22624124015648298,0.15393967174961193,0.298542808563354
roll_0624,20240716,novdec_mean,0.1967731002601328,0.08092548862672398,0.3126207118935416
roll_0624,20240717,novdec_mean,0.2556449907411082,0.11567620134645444,0.3956137801357619
roll_0624,20240718,novdec_mean,0.23174414757207404,0.09225669000511039,0.3712316051390377
roll_0624,20240719,novdec_mean,0.2114813733041221,0.09284219607678254,0.3301205505314616
roll_0624,20240720,novdec_mean,0.2241362957370721,0.1356205344118659,0.31265205706227833
roll_0624,20240721,novdec_mean,0.24102447700301008,0.14547502634984583,0.33657392765617433
roll_0624,20240722,novdec_mean,0.21334118931597412,0.08835328546684063,0.3383290931651076
roll_0624,20240723,novdec_mean,0.2192482089823466,0.10018348068556905,0.33831293727912415
roll_0624,20240724,novdec_mean,0.22155522524251364,0.09536189648755575,0.3477485539974715
roll_0624,20240725,novdec_mean,0.21370028033497304,0.08864003004622074,0.33876053062372535
roll_0624,20240726,novdec_mean,0.2250288921330278,0.0827683097467347,0.36728947451932087
roll_0624,20240727,novdec_mean,0.2615902049280421,0.1276691031008611,0.39551130675522306
roll_0624,20240728,novdec_mean,0.2548226425361752,0.15794354132431268,0.3517017437480377
roll_0624,20240729,novdec_mean,0.2061748848240081,0.10092321396760888,0.3114265556804073
roll_0624,20240730,novdec_mean,0.23181552471777425,0.09421957671671836,0.3694114727188301
roll_0624,20240731,novdec_mean,0.23308060009643147,0.09561725604239174,0.3705439441504712
roll_0624,20240801,novdec_mean,0.20068212631584226,0.09000848767232525,0.3113557649593593
roll_0624,20240802,novdec_mean,0.1964054734218026,0.09320310209671441,0.2996078447468908
roll_0624,20240803,novdec_mean,0.3362716925187445,0.19131165578614762,0.4812317292513414
roll_0624,20240804,novdec_mean,0.27765577596910346,0.16220508227658856,0.39310646966161833
roll_0624,20240805,novdec_mean,0.22024843188618756,0.10323206069226222,0.3372648030801129
roll_0624,20240806,novdec_mean,0.2131450596727235,0.10036703562259956,0.32592308372284745
roll_0624,20240807,novdec_mean,0.19151523512164362,0.0922098970441128,0.2908205731991744
roll_0624,20240808,novdec_mean,0.20548008069351356,0.0979488137776754,0.31301134760935173
roll_0624,20240809,novdec_mean,0.20825212191982576,0.09242161298906454,0.324082630850587
roll_0624,20240810,novdec_mean,0.2171499555434246,0.13253728575602938,0.3017626253308198
roll_0624,20240811,novdec_mean,0.25886672092071455,0.14849634797997777,0.36923709386145137
roll_0624,20240812,novdec_mean,0.23978156856774996,0.13193874777381578,0.34762438936168416
roll_0624,20240813,novdec_mean,0.23039912638396937,0.10529729288570477,0.35550095988223396
roll_0624,20240814,novdec_mean,0.2292574248673665,0.10930268191195742,0.3492121678227756
roll_0624,20240815,novdec_mean,0.23483312846504745,0.11909554075523278,0.35057071617486213
roll_0624,20240816,novdec_mean,0.2146395789212573,0.09826419604160413,0.33101496180091045
roll_0624,20240817,novdec_mean,0.25079625671816064,0.14348741965208145,0.3581050937842399
roll_0624,20240818,novdec_mean,0.2511140183385786,0.14481939593584597,0.3574086407413112
roll_0624,20240819,novdec_mean,0.21133957345885118,0.09603194397196432,0.326647202945738
roll_0624,20240820,novdec_mean,0.2113097464549234,0.1029207041246977,0.3196987887851491
roll_0624,20240821,novdec_mean,0.21166125633440502,0.1028047643943166,0.3205177482744934
roll_0624,20240822,novdec_mean,0.22427141012056212,0.1176210859421015,0.3309217342990227
roll_0624,20240624,anchor,0.20980587987692195,0.08405104573309423,0.33556071402074966
roll_0624,20240625,anchor,0.20602064034555917,0.07946562280403985,0.3325756578870785
roll_0624,20240626,anchor,0.2221624465056173,0.08375232212818973,0.3605725708830449
roll_0624,20240627,anchor,0.2129253016509246,0.09139469340520576,0.3344559098966434
roll_0624,20240628,anchor,0.2001036804089542,0.07364239896171342,0.326564961856195
roll_0624,20240629,anchor,0.20440342818294743,0.08615217633014367,0.3226546800357512
roll_0624,20240630,anchor,0.1949350256997289,0.07922730569639175,0.31064274570306605
roll_0624,20240701,anchor,0.21448931291115508,0.08374055562370612,0.34523807019860403
roll_0624,20240702,anchor,0.21903138297802127,0.11290756970010968,0.32515519625593287
roll_0624,20240703,anchor,0.20211572698093552,0.07172083951956482,0.33251061444230623
roll_0624,20240704,anchor,0.2103789096387522,0.08195845905950773,0.33879936021799667
roll_0624,20240705,anchor,0.26813051854142356,0.21236538292194462,0.3238956541609025
roll_0624,20240706,anchor,0.31022770371858344,0.28308389734485784,0.337371510092309
roll_0624,20240707,anchor,0.20839743251645768,0.11091307729199018,0.30588178774092517
roll_0624,20240709,anchor,0.20295981991948867,0.08653576453375846,0.3193838753052189
roll_0624,20240710,anchor,0.21515695215739936,0.07721766999966122,0.3530962343151375
roll_0624,20240711,anchor,0.20551484961912964,0.07918590311949134,0.3318437961187679
roll_0624,20240712,anchor,0.22193475630750284,0.0874932485786276,0.35637626403637807
roll_0624,20240713,anchor,0.24604905083260648,0.16804665131902555,0.3240514503461874
roll_0624,20240714,anchor,0.21367070222073292,0.12332227971004235,0.3040191247314235
roll_0624,20240715,anchor,0.20646539549395557,0.13762363098540487,0.27530716000250627
roll_0624,20240716,anchor,0.184076747928421,0.07006500648712954,0.29808848936971244
roll_0624,20240717,anchor,0.23825782950871038,0.09970659068774194,0.3768090683296788
roll_0624,20240718,anchor,0.21615595315659902,0.08111273161318296,0.3511991747000151
roll_0624,20240719,anchor,0.20501289546827575,0.08208286962259644,0.3279429213139551
roll_0624,20240720,anchor,0.19891210781182372,0.09739935915131916,0.3004248564723283
roll_0624,20240721,anchor,0.18165442754012984,0.10333468993558922,0.2599741651446705
roll_0624,20240722,anchor,0.20550978340444725,0.08184923005306509,0.3291703367558294
roll_0624,20240723,anchor,0.198145529358444,0.08779583700775073,0.3084952217091373
roll_0624,20240724,anchor,0.2087097757716473,0.08340470128746441,0.33401485025583016
roll_0624,20240725,anchor,0.20382713366365487,0.07726061903768723,0.33039364828962253
roll_0624,20240726,anchor,0.22568431013320875,0.07756023804066753,0.37380838222574997
roll_0624,20240727,anchor,0.23589565633810278,0.09351562186188292,0.37827569081432266
roll_0624,20240728,anchor,0.20239304122367097,0.11077928217073421,0.29400680027660775
roll_0624,20240729,anchor,0.20360618749238726,0.09227131579174512,0.3149410591930294
roll_0624,20240730,anchor,0.22331693713242834,0.08957059585965213,0.3570632784052046
roll_0624,20240731,anchor,0.23105878706480634,0.08653861442544568,0.375578959704167
roll_0624,20240801,anchor,0.1896447840654392,0.08388950405760932,0.2954000640732691
roll_0624,20240802,anchor,0.1894697842451314,0.08003816812240042,0.2989014003678624
roll_0624,20240803,anchor,0.31853971959076643,0.16846948865493563,0.46860995052659726
roll_0624,20240804,anchor,0.19839873671392816,0.10992894336527909,0.28686853006257723
roll_0624,20240805,anchor,0.2144372590614502,0.0879879003592126,0.3408866177636878
roll_0624,20240806,anchor,0.19282964833151106,0.08626703911132966,0.29939225755169246
roll_0624,20240807,anchor,0.18492924189735924,0.08226444117203675,0.28759404262268173
roll_0624,20240808,anchor,0.1953206606779235,0.09246065789990437,0.29818066345594263
roll_0624,20240809,anchor,0.20493581530965932,0.08414493194147461,0.32572669867784404
roll_0624,20240810,anchor,0.17757533904461845,0.08723321851719201,0.2679174595720449
roll_0624,20240811,anchor,0.19358264209916703,0.10326744222936413,0.28389784196896994
roll_0624,20240812,anchor,0.21762030755105272,0.11841387319421312,0.3168267419078923
roll_0624,20240813,anchor,0.22332947429654326,0.10406378139978614,0.34259516719330035
roll_0624,20240814,anchor,0.224044793574507,0.11160223313742283,0.33648735401159113
roll_0624,20240815,anchor,0.23886195669038957,0.12134998925311316,0.35637392412766594
roll_0624,20240816,anchor,0.20843614020613932,0.09359111295287105,0.3232811674594076
roll_0624,20240817,anchor,0.21019702967758305,0.10229488431261334,0.31809917504255275
roll_0624,20240818,anchor,0.19420338813868274,0.11481106643313155,0.2735957098442339
roll_0624,20240819,anchor,0.19060046907561626,0.08798214895337454,0.293218789197858
roll_0624,20240820,anchor,0.21077739918995667,0.09109312228172878,0.33046167609818455
roll_0624,20240821,anchor,0.18517538387040383,0.09133653449389564,0.279014233246912
roll_0624,20240822,anchor,0.21155589982019765,0.10453253414757996,0.31857926549281534
roll_0624,20240624,anchor_rts,0.2032946073020247,0.08311065339489232,0.3234785612091571
roll_0624,20240625,anchor_rts,0.2000265454879772,0.07715143303559514,0.32290165794035924
roll_0624,20240626,anchor_rts,0.21817238906405956,0.08365070500051734,0.35269407312760176
roll_0624,20240627,anchor_rts,0.20573857264717488,0.09301123885631599,0.31846590643803374
roll_0624,20240628,anchor_rts,0.19418691893919748,0.07281431958340248,0.3155595182949925
roll_0624,20240629,anchor_rts,0.20440045221195913,0.08560100759502033,0.32319989682889794
roll_0624,20240630,anchor_rts,0.1964971172454024,0.08080581962928401,0.31218841486152077
roll_0624,20240701,anchor_rts,0.20706172690846003,0.07876016977160083,0.33536328404531923
roll_0624,20240702,anchor_rts,0.21391089957289885,0.1069390393084592,0.3208827598373385
roll_0624,20240703,anchor_rts,0.19613602419861462,0.07070529976327716,0.32156674863395207
roll_0624,20240704,anchor_rts,0.20468935108010375,0.08184022683061633,0.3275384753295912
roll_0624,20240705,anchor_rts,0.266654090437271,0.21212719374165606,0.32118098713288595
roll_0624,20240706,anchor_rts,0.30828129991797737,0.2821580195696685,0.33440458026628617
roll_0624,20240707,anchor_rts,0.20555176482334275,0.10847273562663354,0.302630794020052
roll_0624,20240709,anchor_rts,0.19777962282365616,0.08160089234143293,0.3139583533058794
roll_0624,20240710,anchor_rts,0.2099091440441185,0.07548053132272214,0.34433775676551487
roll_0624,20240711,anchor_rts,0.2002461858968475,0.07627792111507231,0.3242144506786227
roll_0624,20240712,anchor_rts,0.21697647521084773,0.08636313949437405,0.34758981092732144
roll_0624,20240713,anchor_rts,0.24413618625876432,0.16807064360124055,0.32020172891628806
roll_0624,20240714,anchor_rts,0.21806423917752615,0.1300641738973711,0.30606430445768124
roll_0624,20240715,anchor_rts,0.2176358738346844,0.15253176550540937,0.28273998216395946
roll_0624,20240716,anchor_rts,0.1841912658954083,0.07323063232017686,0.29515189947063974
roll_0624,20240717,anchor_rts,0.23173970177281983,0.09722274123011963,0.36625666231552
roll_0624,20240718,anchor_rts,0.21321044408923862,0.08012639534985774,0.3462944928286195
roll_0624,20240719,anchor_rts,0.20425339016918453,0.08537655526694443,0.32313022507142464
roll_0624,20240720,anchor_rts,0.1991401099520391,0.10109642924676537,0.2971837906573128
roll_0624,20240721,anchor_rts,0.18227719994784497,0.10835197446440334,0.25620242543128663
roll_0624,20240722,anchor_rts,0.20261319642027076,0.08091646529567449,0.32430992754486704
roll_0624,20240723,anchor_rts,0.19510865620415507,0.09049521831564897,0.2997220940926612
roll_0624,20240724,anchor_rts,0.20299808242524442,0.07970400005709585,0.326292164793393
roll_0624,20240725,anchor_rts,0.20066008960016507,0.07825955912723255,0.3230606200730976
roll_0624,20240726,anchor_rts,0.21901068515573524,0.07621176215485316,0.36180960815661733
roll_0624,20240727,anchor_rts,0.23604985893119912,0.09724294853229719,0.37485676933010104
roll_0624,20240728,anchor_rts,0.2038569067173827,0.1173661154757899,0.2903476979589755
roll_0624,20240729,anchor_rts,0.1999865945074896,0.09207308113772206,0.30790010787725713
roll_0624,20240730,anchor_rts,0.21788078528325755,0.08600851921741878,0.34975305134909634
roll_0624,20240731,anchor_rts,0.22816695882669008,0.08810563062199053,0.3682282870313896
roll_0624,20240801,anchor_rts,0.18356109137249504,0.079274302155401,0.2878478805895891
roll_0624,20240802,anchor_rts,0.19006110779731808,0.0827041818026073,0.29741803379202886
roll_0624,20240803,anchor_rts,0.3167082500058403,0.16738047541792891,0.46603602459375165
roll_0624,20240804,anchor_rts,0.2024350964443974,0.11629964526603356,0.2885705476227612
roll_0624,20240805,anchor_rts,0.20965606671909534,0.08334472044345648,0.3359674129947342
roll_0624,20240806,anchor_rts,0.19296909801030854,0.08725214739301929,0.2986860486275978
roll_0624,20240807,anchor_rts,0.18422597012440442,0.08255291220499013,0.2858990280438187
roll_0624,20240808,anchor_rts,0.19403704189100734,0.09331896382498718,0.2947551199570275
roll_0624,20240809,anchor_rts,0.2043296188223271,0.08769886429857304,0.3209603733460812
roll_0624,20240810,anchor_rts,0.18137805116899222,0.09530850128496599,0.26744760105301846
roll_0624,20240811,anchor_rts,0.19497590820569052,0.10764054415445935,0.2823112722569217
roll_0624,20240812,anchor_rts,0.2229383033264004,0.12421384823767029,0.32166275841513053
roll_0624,20240813,anchor_rts,0.22288700413885718,0.10689538642081138,0.338878621856903
roll_0624,20240814,anchor_rts,0.22588274007889583,0.11179114993762036,0.3399743302201713
roll_0624,20240815,anchor_rts,0.2413750785900957,0.12624447196050187,0.3565056852196895
roll_0624,20240816,anchor_rts,0.20859020684886734,0.09448877748728192,0.32269163621045277
roll_0624,20240817,anchor_rts,0.2159305897468773,0.11087826541710218,0.3209829140766524
roll_0624,20240818,anchor_rts,0.1961089124484352,0.12132985369879902,0.2708879711980714
roll_0624,20240819,anchor_rts,0.18689091041227096,0.08393886362726705,0.2898429571972749
roll_0624,20240820,anchor_rts,0.20927817804851775,0.09231709477043404,0.32623926132660147
roll_0624,20240821,anchor_rts,0.1825502807931422,0.09200655670907171,0.2730940048772127
roll_0624,20240822,anchor_rts,0.20851110919376886,0.10820605048114272,0.308816167906395
roll_0624,20240624,anchor_rts_fullgrid,0.2056447697012465,0.08387131194452016,0.32741822745797283
roll_0624,20240625,anchor_rts_fullgrid,0.2041089354051377,0.08184571668279812,0.3263721541274773
roll_0624,20240626,anchor_rts_fullgrid,0.2209575913215019,0.08336995930919441,0.3585452233338094
roll_0624,20240627,anchor_rts_fullgrid,0.20843925611283484,0.09220573590745468,0.324672776318215
roll_0624,20240628,anchor_rts_fullgrid,0.19831042170389973,0.073938491883642,0.3226823515241575
roll_0624,20240629,anchor_rts_fullgrid,0.20205012391164562,0.08470477464283731,0.3193954731804539
roll_0624,20240630,anchor_rts_fullgrid,0.19514712762983366,0.07924627076009275,0.31104798449957455
roll_0624,20240701,anchor_rts_fullgrid,0.21198396004709336,0.08314440339836507,0.3408235166958216
roll_0624,20240702,anchor_rts_fullgrid,0.2215314799653059,0.11337798934989206,0.3296849705807197
roll_0624,20240703,anchor_rts_fullgrid,0.20021483358289224,0.07289603430478486,0.3275336328609996
roll_0624,20240704,anchor_rts_fullgrid,0.20912403348888126,0.08209653863316094,0.3361515283446016
roll_0624,20240705,anchor_rts_fullgrid,0.26436088152104736,0.21232212950258186,0.31639963353951284
roll_0624,20240706,anchor_rts_fullgrid,0.31025353134330974,0.28229776712674304,0.33820929555987644
roll_0624,20240707,anchor_rts_fullgrid,0.2051665509817474,0.10765720898428696,0.3026758929792079
roll_0624,20240709,anchor_rts_fullgrid,0.20051641349279195,0.08562611775490926,0.31540670923067465
roll_0624,20240710,anchor_rts_fullgrid,0.21328585415804224,0.0762178178528066,0.3503538904632779
roll_0624,20240711,anchor_rts_fullgrid,0.20610831585305345,0.08099204994221379,0.3312245817638931
roll_0624,20240712,anchor_rts_fullgrid,0.2181952658452001,0.08587096973128902,0.3505195619591112
roll_0624,20240713,anchor_rts_fullgrid,0.24453565575116853,0.16769500437929738,0.3213763071230397
roll_0624,20240714,anchor_rts_fullgrid,0.2194407185297586,0.13211092030681776,0.30677051675269945
roll_0624,20240715,anchor_rts_fullgrid,0.2132344632429457,0.14780276762176706,0.2786661588641244
roll_0624,20240716,anchor_rts_fullgrid,0.18444930186232003,0.07121944159755177,0.2976791621270883
roll_0624,20240717,anchor_rts_fullgrid,0.23663062372339652,0.10027993225010208,0.372981315196691
roll_0624,20240718,anchor_rts_fullgrid,0.21305978913633225,0.07815571029709317,0.34796386797557133
roll_0624,20240719,anchor_rts_fullgrid,0.20523781522357487,0.08472224557270487,0.3257533848744449
roll_0624,20240720,anchor_rts_fullgrid,0.19928702306788101,0.10071152526717468,0.29786252086858733
roll_0624,20240721,anchor_rts_fullgrid,0.18174293571985609,0.10785049668531858,0.2556353747543936
roll_0624,20240722,anchor_rts_fullgrid,0.20440360631092241,0.08020043284923846,0.3286067797726064
roll_0624,20240723,anchor_rts_fullgrid,0.19485096579634967,0.0877289400375987,0.30197299155510066
roll_0624,20240724,anchor_rts_fullgrid,0.2059565407056117,0.08166460710134052,0.33024847430988286
roll_0624,20240725,anchor_rts_fullgrid,0.20047778236303396,0.07680659178583223,0.3241489729402357
roll_0624,20240726,anchor_rts_fullgrid,0.21995447795814638,0.07668669962308636,0.3632222562932064
roll_0624,20240727,anchor_rts_fullgrid,0.23510159032306066,0.0961464669852891,0.3740567136608322
roll_0624,20240728,anchor_rts_fullgrid,0.20322020351121076,0.11646910240383956,0.28997130461858195
roll_0624,20240729,anchor_rts_fullgrid,0.2010533883188135,0.09377827762749034,0.30832849901013665
roll_0624,20240730,anchor_rts_fullgrid,0.21991497233625962,0.08598183901983456,0.35384810565268465
roll_0624,20240731,anchor_rts_fullgrid,0.23005167322277975,0.08673592264141192,0.3733674238041476
roll_0624,20240801,anchor_rts_fullgrid,0.1865254098247537,0.0814353749241583,0.2916154447253491
roll_0624,20240802,anchor_rts_fullgrid,0.1901823349187575,0.0819901906273734,0.2983744792101416
roll_0624,20240803,anchor_rts_fullgrid,0.3142942396906098,0.16400867695459623,0.46457980242662344
roll_0624,20240804,anchor_rts_fullgrid,0.20349086680163495,0.11759057507349689,0.289391158529773
roll_0624,20240805,anchor_rts_fullgrid,0.21184536440888496,0.08694612984812063,0.3367445989696493
roll_0624,20240806,anchor_rts_fullgrid,0.19489935139132838,0.0868965826706422,0.30290212011201456
roll_0624,20240807,anchor_rts_fullgrid,0.1850082925911196,0.08104567177475858,0.2889709134074806
roll_0624,20240808,anchor_rts_fullgrid,0.19422907087197824,0.09320940680748853,0.29524873493646797
roll_0624,20240809,anchor_rts_fullgrid,0.20511214800930483,0.08632678918581908,0.32389750683279056
roll_0624,20240810,anchor_rts_fullgrid,0.18049637825176995,0.09510360729849891,0.265889149205041
roll_0624,20240811,anchor_rts_fullgrid,0.19815179913454523,0.10913795985856538,0.28716563841052506
roll_0624,20240812,anchor_rts_fullgrid,0.22110700071395306,0.12380231956757105,0.3184116818603351
roll_0624,20240813,anchor_rts_fullgrid,0.22133376615791608,0.10403523565855204,0.3386322966572801
roll_0624,20240814,anchor_rts_fullgrid,0.2250332120631582,0.11213207514333644,0.33793434898297997
roll_0624,20240815,anchor_rts_fullgrid,0.23921507835243278,0.12363540459591892,0.3547947521089466
roll_0624,20240816,anchor_rts_fullgrid,0.2093184865389192,0.0963797012346566,0.3222572718431818
roll_0624,20240817,anchor_rts_fullgrid,0.21265159937523037,0.10692041935154524,0.3183827793989155
roll_0624,20240818,anchor_rts_fullgrid,0.19530324573815308,0.11759593583817113,0.27301055563813503
roll_0624,20240819,anchor_rts_fullgrid,0.18757269855020697,0.08573313984897069,0.28941225725144326
roll_0624,20240820,anchor_rts_fullgrid,0.2094049718063058,0.09221450816185392,0.32659543545075764
roll_0624,20240821,anchor_rts_fullgrid,0.183823004887646,0.09263663451481206,0.2750093752604799
roll_0624,20240822,anchor_rts_fullgrid,0.20898199750209656,0.10718432894430896,0.31077966605988416
roll_0624,20240624,anchor_rts_fm,0.20239995014550366,0.08132133908185024,0.3234785612091571
roll_0624,20240625,anchor_rts_fm,0.20065357240951825,0.07840548687867725,0.32290165794035924
roll_0624,20240626,anchor_rts_fm,0.21752716473609954,0.0823602563445973,0.35269407312760176
roll_0624,20240627,anchor_rts_fm,0.20360553649798896,0.08874516655794418,0.31846590643803374
roll_0624,20240628,anchor_rts_fm,0.19433242011735496,0.07310532193971742,0.3155595182949925
roll_0624,20240629,anchor_rts_fm,0.20309110226941807,0.08298230770993818,0.32319989682889794
roll_0624,20240630,anchor_rts_fm,0.19591850726390048,0.07964859966628021,0.31218841486152077
roll_0624,20240701,anchor_rts_fm,0.20626610665455022,0.07716892926378122,0.33536328404531923
roll_0624,20240702,anchor_rts_fm,0.2136037564072109,0.1063247529770833,0.3208827598373385
roll_0624,20240703,anchor_rts_fm,0.19607267074625248,0.0705785928585529,0.32156674863395207
roll_0624,20240704,anchor_rts_fm,0.2030579678587991,0.07857746038800702,0.3275384753295912
roll_0624,20240705,anchor_rts_fm,0.26643645125344373,0.2116919153740015,0.32118098713288595
roll_0624,20240706,anchor_rts_fm,0.30753698516310846,0.2806693900599308,0.33440458026628617
roll_0624,20240707,anchor_rts_fm,0.204631087150926,0.10663138028180001,0.302630794020052
roll_0624,20240709,anchor_rts_fm,0.19917467309586073,0.08439099288584204,0.3139583533058794
roll_0624,20240710,anchor_rts_fm,0.20938655873805748,0.0744353607106001,0.34433775676551487
roll_0624,20240711,anchor_rts_fm,0.2009312576733805,0.07764806466813831,0.3242144506786227
roll_0624,20240712,anchor_rts_fm,0.21666494947103035,0.08574008801473927,0.34758981092732144
roll_0624,20240713,anchor_rts_fm,0.24110574241672988,0.16200975591717173,0.32020172891628806
roll_0624,20240714,anchor_rts_fm,0.21622074113840917,0.12637717781913713,0.30606430445768124
roll_0624,20240715,anchor_rts_fm,0.21914079908986195,0.15554161601576447,0.28273998216395946
roll_0624,20240716,anchor_rts_fm,0.18405960841092564,0.07296731735121152,0.29515189947063974
roll_0624,20240717,anchor_rts_fm,0.2315690180332418,0.09688137375096359,0.36625666231552
roll_0624,20240718,anchor_rts_fm,0.2126112395184269,0.07892798620823427,0.3462944928286195
roll_0624,20240719,anchor_rts_fm,0.2041527540837678,0.08517528309611093,0.32313022507142464
roll_0624,20240720,anchor_rts_fm,0.19750860636444778,0.09783342207158277,0.2971837906573128
roll_0624,20240721,anchor_rts_fm,0.18120891106360273,0.10621539669591883,0.25620242543128663
roll_0624,20240722,anchor_rts_fm,0.20222345095550298,0.08013697436613892,0.32430992754486704
roll_0624,20240723,anchor_rts_fm,0.19456907436211102,0.08941605463156081,0.2997220940926612
roll_0624,20240724,anchor_rts_fm,0.2032268163038075,0.08016146781422198,0.326292164793393
roll_0624,20240725,anchor_rts_fm,0.20062071765741307,0.07818081524172851,0.3230606200730976
roll_0624,20240726,anchor_rts_fm,0.21894713668337237,0.07608466521012743,0.36180960815661733
roll_0624,20240727,anchor_rts_fm,0.23393672974244872,0.0930166901547964,0.37485676933010104
roll_0624,20240728,anchor_rts_fm,0.20132176600003074,0.11229583404108594,0.2903476979589755
roll_0624,20240729,anchor_rts_fm,0.19965072236444442,0.09140133685163168,0.30790010787725713
roll_0624,20240730,anchor_rts_fm,0.21813754412115144,0.08652203689320656,0.34975305134909634
roll_0624,20240731,anchor_rts_fm,0.22838082403947774,0.08853336104756587,0.3682282870313896
roll_0624,20240801,anchor_rts_fm,0.18308162590891178,0.07831537122823444,0.2878478805895891
roll_0624,20240802,anchor_rts_fm,0.1899940568051293,0.08257007981822972,0.29741803379202886
roll_0624,20240803,anchor_rts_fm,0.3149680774845444,0.16390013037533718,0.46603602459375165
roll_0624,20240804,anchor_rts_fm,0.2011209205904848,0.1136712935582084,0.2885705476227612
roll_0624,20240805,anchor_rts_fm,0.2095286825991582,0.08308995220358215,0.3359674129947342
roll_0624,20240806,anchor_rts_fm,0.1924256888069947,0.08616532898639162,0.2986860486275978
roll_0624,20240807,anchor_rts_fm,0.18381542928644964,0.08173183052908056,0.2858990280438187
roll_0624,20240808,anchor_rts_fm,0.19368156781995305,0.09260801568287857,0.2947551199570275
roll_0624,20240809,anchor_rts_fm,0.20335699722985812,0.08575362111363506,0.3209603733460812
roll_0624,20240810,anchor_rts_fm,0.17836452173286393,0.08928144241270942,0.26744760105301846
roll_0624,20240811,anchor_rts_fm,0.19281927024870188,0.10332726824048208,0.2823112722569217
roll_0624,20240812,anchor_rts_fm,0.22170444554765711,0.12174613268018367,0.32166275841513053
roll_0624,20240813,anchor_rts_fm,0.22260611274423503,0.1063336036315671,0.338878621856903
roll_0624,20240814,anchor_rts_fm,0.22650336334644117,0.11303239647271102,0.3399743302201713
roll_0624,20240815,anchor_rts_fm,0.2417227522864972,0.12693981935330487,0.3565056852196895
roll_0624,20240816,anchor_rts_fm,0.2083237268208238,0.09395581743119487,0.32269163621045277
roll_0624,20240817,anchor_rts_fm,0.21328903304192848,0.10559515200720453,0.3209829140766524
roll_0624,20240818,anchor_rts_fm,0.19305168623660263,0.11521540127513387,0.2708879711980714
roll_0624,20240819,anchor_rts_fm,0.18599689829301436,0.08215083938875387,0.2898429571972749
roll_0624,20240820,anchor_rts_fm,0.20970263131638028,0.09316600130615908,0.32623926132660147
roll_0624,20240821,anchor_rts_fm,0.1825261858179138,0.09195836675861492,0.2730940048772127
roll_0624,20240822,anchor_rts_fm,0.21113259479228547,0.11344902167817597,0.308816167906395
roll_0624,20240624,final,0.2028483255452217,0.08221808988128633,0.3234785612091571
roll_0624,20240625,final,0.20028448085830675,0.07766730377625423,0.32290165794035924
roll_0624,20240626,final,0.21746213757308178,0.08223020201856181,0.35269407312760176
roll_0624,20240627,final,0.2034218685983609,0.08837783075868803,0.31846590643803374
roll_0624,20240628,final,0.19426140075683124,0.07296328321866999,0.3155595182949925
roll_0624,20240629,final,0.20311855920656877,0.0830372215842396,0.32319989682889794
roll_0624,20240630,final,0.19556345336506203,0.07893849186860327,0.31218841486152077
roll_0624,20240701,final,0.20622874249540907,0.07709420094549888,0.33536328404531923
roll_0624,20240702,final,0.21303814485047412,0.10519352986360976,0.3208827598373385
roll_0624,20240703,final,0.1962355755785794,0.0709044025232067,0.32156674863395207
roll_0624,20240704,final,0.2028550983947715,0.07817172145995184,0.3275384753295912
roll_0624,20240705,final,0.2664482853687532,0.21171558360462045,0.32118098713288595
roll_0624,20240706,final,0.30779896885417013,0.28119335744205415,0.33440458026628617
roll_0624,20240707,final,0.2047776731323212,0.10692455224459044,0.302630794020052
roll_0624,20240709,final,0.19916781363517472,0.08437727396447006,0.3139583533058794
roll_0624,20240710,final,0.20931423596855403,0.07429071517159319,0.34433775676551487
roll_0624,20240711,final,0.2010860224815278,0.07795759428443287,0.3242144506786227
roll_0624,20240712,final,0.21672115163466585,0.08585249234201027,0.34758981092732144
roll_0624,20240713,final,0.24086107719438413,0.1615204254724802,0.32020172891628806
roll_0624,20240714,final,0.21609244867316788,0.12612059288865451,0.30606430445768124
roll_0624,20240715,final,0.21931939606889378,0.15589880997382813,0.28273998216395946
roll_0624,20240716,final,0.18455495415132256,0.07395800883200536,0.29515189947063974
roll_0624,20240717,final,0.23136426457403958,0.09647186683255915,0.36625666231552
roll_0624,20240718,final,0.21246502237421613,0.07863555191981274,0.3462944928286195
roll_0624,20240719,final,0.2039737926855202,0.08481736029961577,0.32313022507142464
roll_0624,20240720,final,0.1970174941470529,0.09685119763679302,0.2971837906573128
roll_0624,20240721,final,0.18086075714254135,0.10551908885379604,0.25620242543128663
roll_0624,20240722,final,0.20216486211033996,0.08001979667581288,0.32430992754486704
roll_0624,20240723,final,0.1948320869593049,0.08994207982594861,0.2997220940926612
roll_0624,20240724,final,0.20319951437642605,0.0801068639594591,0.326292164793393
roll_0624,20240725,final,0.2007423241810396,0.07842402828898161,0.3230606200730976
roll_0624,20240726,final,0.21909131611320184,0.07637302406978637,0.36180960815661733
roll_0624,20240727,final,0.2337011580146228,0.09254554669914451,0.3748567693301011
roll_0624,20240728,final,0.20051329323885897,0.11067888851874244,0.2903476979589755
roll_0624,20240729,final,0.19994237749467536,0.09198464711209359,0.30790010787725713
roll_0624,20240730,final,0.21819866049554718,0.08664426964199802,0.34975305134909634
roll_0624,20240731,final,0.22866359005903697,0.08909889308668434,0.3682282870313896
roll_0624,20240801,final,0.18289867247454183,0.07794946435949458,0.2878478805895891
roll_0624,20240802,final,0.18998557959343904,0.08255312539484919,0.29741803379202886
roll_0624,20240803,final,0.31453319332089796,0.16303036204804425,0.46603602459375165
roll_0624,20240804,final,0.20055738264229936,0.11254421766183752,0.2885705476227612
roll_0624,20240805,final,0.2097873832061819,0.08360735341762957,0.3359674129947342
roll_0624,20240806,final,0.19240878400048567,0.08613151937337352,0.2986860486275978
roll_0624,20240807,final,0.18394022613047456,0.08198142421713037,0.2858990280438187
roll_0624,20240808,final,0.19391882819923606,0.09308253644144457,0.2947551199570275
roll_0624,20240809,final,0.20338636964913298,0.08581236595218479,0.3209603733460812
roll_0624,20240810,final,0.1780792689682113,0.08871093688340417,0.26744760105301846
roll_0624,20240811,final,0.19264597164841063,0.10298067103989958,0.2823112722569217
roll_0624,20240812,final,0.2217847400786115,0.12190672174209247,0.32166275841513053
roll_0624,20240813,final,0.2228553411442155,0.10683206043152804,0.338878621856903
roll_0624,20240814,final,0.2268705945828382,0.1137668589455051,0.3399743302201713
roll_0624,20240815,final,0.2423906399037244,0.1282755945877593,0.3565056852196895
roll_0624,20240816,final,0.20832149133816896,0.09395134646588514,0.32269163621045277
roll_0624,20240817,final,0.2128686214520983,0.10475432882754422,0.3209829140766524
roll_0624,20240818,final,0.19284222824332323,0.11479648528857504,0.2708879711980714
roll_0624,20240819,final,0.18601752927169174,0.08219210134610863,0.2898429571972749
roll_0624,20240820,final,0.20970650874665617,0.09317375616671085,0.32623926132660147
roll_0624,20240821,final,0.18247951429937467,0.09186502372153664,0.2730940048772127
roll_0624,20240822,final,0.21126203873761523,0.11370790956883549,0.308816167906395
roll_0708,20240709,april_mean,0.2354226159419428,0.11827341905838212,0.3525718128255035
roll_0708,20240710,april_mean,0.24283622587115147,0.08854310607470013,0.39712934566760283
roll_0708,20240711,april_mean,0.24051132954975626,0.09975953272597465,0.3812631263735379
roll_0708,20240712,april_mean,0.24302357418419818,0.10445599347157165,0.3815911548968247
roll_0708,20240713,april_mean,0.2787853990957803,0.19849741071218566,0.35907338747937495
roll_0708,20240714,april_mean,0.2631562890789383,0.16722859004063872,0.3590839881172378
roll_0708,20240715,april_mean,0.22210310287188983,0.14121637587161248,0.3029898298721672
roll_0708,20240716,april_mean,0.20535083399722082,0.07821461003930832,0.33248705795513334
roll_0708,20240717,april_mean,0.2628867179922858,0.11192515348533144,0.41384828249924016
roll_0708,20240718,april_mean,0.2266162262926587,0.09637780277091788,0.3568546498143995
roll_0708,20240719,april_mean,0.21728125703053394,0.07881110775208205,0.35575140630898583
roll_0708,20240720,april_mean,0.22085405161890354,0.13462803050377364,0.3070800727340334
roll_0708,20240721,april_mean,0.22953847754909312,0.14596383013182646,0.3131131249663598
roll_0708,20240722,april_mean,0.2200880554352722,0.09007067939764449,0.3501054314728999
roll_0708,20240723,april_mean,0.21294057871524802,0.09469279716986198,0.33118836026063403
roll_0708,20240724,april_mean,0.2334824543852747,0.10402708236138747,0.36293782640916195
roll_0708,20240725,april_mean,0.2202217065874597,0.08917257612759762,0.3512708370473218
roll_0708,20240726,april_mean,0.24808112201297366,0.09156383114460608,0.40459841288134124
roll_0708,20240727,april_mean,0.2794215859947249,0.13143513833398177,0.427408033655468
roll_0708,20240728,april_mean,0.2553122754069302,0.1607124761890412,0.3499120746248192
roll_0708,20240729,april_mean,0.21352609017515514,0.08879325883159465,0.3382589215187156
roll_0708,20240730,april_mean,0.2601082946104463,0.11261979638667262,0.40759679283422007
roll_0708,20240731,april_mean,0.25057045320728116,0.0958774959825122,0.4052634104320501
roll_0708,20240801,april_mean,0.21001947468142693,0.10288791636278015,0.3171510330000737
roll_0708,20240802,april_mean,0.1964657107313903,0.09349318831997336,0.2994382331428072
roll_0708,20240803,april_mean,0.34626324291701205,0.19768600386883303,0.4948404819651911
roll_0708,20240804,april_mean,0.25928699788668064,0.15354048773033896,0.3650335080430223
roll_0708,20240805,april_mean,0.21467324870131396,0.08340919822774977,0.34593729917487814
roll_0708,20240806,april_mean,0.20635059818869605,0.08997331992281825,0.32272787645457385
roll_0708,20240807,april_mean,0.20224703551290107,0.0837775940927222,0.3207164769330799
roll_0708,20240808,april_mean,0.19985208053683975,0.08875004111651595,0.31095411995716354
roll_0708,20240809,april_mean,0.21846876982188018,0.09350504642576353,0.34343249321799685
roll_0708,20240810,april_mean,0.2116451772199982,0.12681469910625506,0.2964756553337414
roll_0708,20240811,april_mean,0.23331973079295082,0.13961407156630357,0.3270253900195981
roll_0708,20240812,april_mean,0.21843646173915726,0.11166580595562203,0.3252071175226925
roll_0708,20240813,april_mean,0.23501235113246488,0.11028103556079236,0.3597436667041374
roll_0708,20240814,april_mean,0.22179653360988075,0.10844994342017233,0.33514312379958916
roll_0708,20240815,april_mean,0.23225394327611468,0.11303058339723149,0.35147730315499787
roll_0708,20240816,april_mean,0.21029469267162793,0.09653487440049444,0.32405451094276144
roll_0708,20240817,april_mean,0.2513106247582832,0.14725219791945454,0.35536905159711185
roll_0708,20240818,april_mean,0.24583661542822613,0.15209254507600428,0.339580685780448
roll_0708,20240819,april_mean,0.1868992070109289,0.0886138682203516,0.2851845458015062
roll_0708,20240820,april_mean,0.2257248554423128,0.10141717571025842,0.35003253517436717
roll_0708,20240821,april_mean,0.18193013620797896,0.09026489739543882,0.2735953750205191
roll_0708,20240822,april_mean,0.2184639133959675,0.11038563218808259,0.3265421946038524
roll_0708,20240823,april_mean,0.21929790586194237,0.1155830205579706,0.32301279116591414
roll_0708,20240824,april_mean,0.2486543265967432,0.13982981821268903,0.35747883498079736
roll_0708,20240825,april_mean,0.23239522609411983,0.12018363530206001,0.34460681688617967
roll_0708,20240826,april_mean,0.20186957322226182,0.08747804257225263,0.316261103872271
roll_0708,20240827,april_mean,0.19859113890311603,0.08788808316965072,0.30929419463658137
roll_0708,20240828,april_mean,0.18848188143871972,0.09672034911174772,0.28024341376569173
roll_0708,20240829,april_mean,0.18979281253172378,0.09476882379958203,0.28481680126386555
roll_0708,20240830,april_mean,0.20703016114020062,0.0856365234563146,0.3284237988240866
roll_0708,20240831,april_mean,0.23653798740688298,0.1510300219225771,0.3220459528911888
roll_0708,20240901,april_mean,0.22688490380652254,0.128152559479384,0.32561724813366105
roll_0708,20240902,april_mean,0.18282145165795832,0.08587439830300367,0.279768505012913
roll_0708,20240903,april_mean,0.21440106314130403,0.09728742538185857,0.33151470090074947
roll_0708,20240904,april_mean,0.22643159276568797,0.10781811890389352,0.3450450666274824
roll_0708,20240905,april_mean,0.20139371371237852,0.08339801694191754,0.3193894104828395
roll_0708,20240709,novdec_mean,0.22449711599472758,0.10186204560035778,0.3471321863890974
roll_0708,20240710,novdec_mean,0.23481826760635424,0.10753085324196697,0.3621056819707415
roll_0708,20240711,novdec_mean,0.22170104838842317,0.09857769568976599,0.34482440108708035
roll_0708,20240712,novdec_mean,0.22719919969144026,0.09859244677354496,0.35580595260933556
roll_0708,20240713,novdec_mean,0.25815578613533396,0.18891504051536567,0.3273965317553022
roll_0708,20240714,novdec_mean,0.2783473428701631,0.1751984614512894,0.3814962242890368
roll_0708,20240715,novdec_mean,0.23906995915093424,0.16838984391885847,0.30975007438301
roll_0708,20240716,novdec_mean,0.2084031193156061,0.09098975408673905,0.32581648454447315
roll_0708,20240717,novdec_mean,0.2513656259041911,0.11594084467347247,0.3867904071349097
roll_0708,20240718,novdec_mean,0.24747304697557596,0.10223680642925352,0.3927092875218984
roll_0708,20240719,novdec_mean,0.2187325536547482,0.10235151269837806,0.33511359461111834
roll_0708,20240720,novdec_mean,0.2408032713781913,0.14689205433844674,0.33471448841793583
roll_0708,20240721,novdec_mean,0.2498516549607916,0.15994297122303905,0.3397603386985441
roll_0708,20240722,novdec_mean,0.21581207366842892,0.0920734688795183,0.33955067845733955
roll_0708,20240723,novdec_mean,0.22635632168967668,0.10734222579193786,0.3453704175874155
roll_0708,20240724,novdec_mean,0.2315432207860531,0.11392620950780202,0.3491602320643042
roll_0708,20240725,novdec_mean,0.21777651069700155,0.09027647228225086,0.3452765491117522
roll_0708,20240726,novdec_mean,0.23135294220765656,0.10818402430203625,0.35452186011327685
roll_0708,20240727,novdec_mean,0.2518650741821168,0.14127930294331958,0.36245084542091394
roll_0708,20240728,novdec_mean,0.25757165866242443,0.17349501805195736,0.34164829927289153
roll_0708,20240729,novdec_mean,0.2070850874561776,0.120835549770179,0.2933346251421762
roll_0708,20240730,novdec_mean,0.24094058525937306,0.11769660954750173,0.3641845609712444
roll_0708,20240731,novdec_mean,0.24595021427738634,0.1098496898910739,0.38205073866369876
roll_0708,20240801,novdec_mean,0.20699591495399675,0.10431026853999951,0.30968156136799396
roll_0708,20240802,novdec_mean,0.21361205714507894,0.11692384086991514,0.31030027342024274
roll_0708,20240803,novdec_mean,0.35267111742803786,0.2057265052228984,0.4996157296331773
roll_0708,20240804,novdec_mean,0.28461900696874365,0.1679184775397836,0.4013195363977037
roll_0708,20240805,novdec_mean,0.24090895129512563,0.12237808690235982,0.35943981568789146
roll_0708,20240806,novdec_mean,0.2195867000740449,0.11432361760770912,0.3248497825403807
roll_0708,20240807,novdec_mean,0.20572373916842573,0.10581606741023139,0.30563141092662005
roll_0708,20240808,novdec_mean,0.20569497788503327,0.10714887776826218,0.30424107800180433
roll_0708,20240809,novdec_mean,0.2254962675304628,0.11100359945585044,0.3399889356050752
roll_0708,20240810,novdec_mean,0.23063847716194147,0.15378892723497964,0.30748802708890327
roll_0708,20240811,novdec_mean,0.26813782459072244,0.16442322614911084,0.371852423032334
roll_0708,20240812,novdec_mean,0.2453053265724581,0.1346137830952328,0.3559968700496834
roll_0708,20240813,novdec_mean,0.22904746767757286,0.11481105887101177,0.34328387648413394
roll_0708,20240814,novdec_mean,0.2354618470028437,0.12677639488386494,0.34414729912182246
roll_0708,20240815,novdec_mean,0.24257550339906592,0.1344642850381069,0.35068672176002497
roll_0708,20240816,novdec_mean,0.23495294303014713,0.11972300843757766,0.3501828776227166
roll_0708,20240817,novdec_mean,0.2594623087905886,0.16282103159717098,0.35610358598400627
roll_0708,20240818,novdec_mean,0.2618669711731141,0.16664629844593326,0.35708764390029496
roll_0708,20240819,novdec_mean,0.2260537578816823,0.11382576944648581,0.3382817463168788
roll_0708,20240820,novdec_mean,0.2260324432281507,0.11053555985856375,0.3415293265977376
roll_0708,20240821,novdec_mean,0.22808771798215566,0.12559402891606644,0.33058140704824485
roll_0708,20240822,novdec_mean,0.2397304437740384,0.1396925409930028,0.33976834655507404
roll_0708,20240823,novdec_mean,0.2538123704753877,0.15460040873197567,0.3530243322187997
roll_0708,20240824,novdec_mean,0.2671794980603202,0.1675248560527046,0.3668341400679358
roll_0708,20240825,novdec_mean,0.23874114980179006,0.13678800406032768,0.3406942955432524
roll_0708,20240826,novdec_mean,0.2087189293493949,0.09290203844624864,0.3245358202525412
roll_0708,20240827,novdec_mean,0.21695881836693443,0.10614735595050484,0.327770280783364
roll_0708,20240828,novdec_mean,0.2108400384326783,0.11066596480890892,0.31101411205644763
roll_0708,20240829,novdec_mean,0.21001543746446047,0.1100330448972638,0.30999783003165715
roll_0708,20240830,novdec_mean,0.21017548414421017,0.1096669933876804,0.31068397490073996
roll_0708,20240831,novdec_mean,0.24071812129234044,0.16212040277866338,0.3193158398060175
roll_0708,20240901,novdec_mean,0.2480155715308293,0.13817738166488186,0.3578537613967767
roll_0708,20240902,novdec_mean,0.20682566274689826,0.11223283122956096,0.30141849426423556
roll_0708,20240903,novdec_mean,0.2295821597770618,0.1189191804061749,0.34024513914794874
roll_0708,20240904,novdec_mean,0.22833366354409185,0.11123510144583179,0.34543222564235193
roll_0708,20240905,novdec_mean,0.22990541912523751,0.11435053635924054,0.3454603018912345
roll_0708,20240709,anchor,0.2177154522643061,0.09111243290155945,0.34431847162705276
roll_0708,20240710,anchor,0.22566604850686836,0.10049586257718351,0.3508362344365532
roll_0708,20240711,anchor,0.2111594150475974,0.08717780781910532,0.33514102227608944
roll_0708,20240712,anchor,0.22277560518015638,0.09755268005301457,0.34799853030729816
roll_0708,20240713,anchor,0.24678119017936778,0.17605570340665594,0.3175066769520796
roll_0708,20240714,anchor,0.22380511152970678,0.13948976176259262,0.30812046129682097
roll_0708,20240715,anchor,0.2211061901496843,0.15624885157517734,0.28596352872419123
roll_0708,20240716,anchor,0.19506083311678632,0.08158082056946701,0.3085408456641056
roll_0708,20240717,anchor,0.2301612363630055,0.09196521163375758,0.3683572610922534
roll_0708,20240718,anchor,0.22345411702425283,0.0836561844493268,0.36325204959917884
roll_0708,20240719,anchor,0.20695719877733523,0.08374446144527782,0.33016993610939266
roll_0708,20240720,anchor,0.2078259092750015,0.10474292818804096,0.310908890361962
roll_0708,20240721,anchor,0.18843048307271149,0.11114593411032903,0.26571503203509395
roll_0708,20240722,anchor,0.20239867787025,0.07881243370164964,0.3259849220388504
roll_0708,20240723,anchor,0.20038934594989138,0.08887494712750116,0.3119037447722816
roll_0708,20240724,anchor,0.20405464487049166,0.08577675194786054,0.32233253779312276
roll_0708,20240725,anchor,0.2019475318059899,0.0778773037448059,0.3260177598671739
roll_0708,20240726,anchor,0.22514779576214547,0.08653389004523347,0.36376170147905745
roll_0708,20240727,anchor,0.2344361876368097,0.09870757592549463,0.3701647993481248
roll_0708,20240728,anchor,0.2073113375531968,0.12204607010588375,0.29257660500050986
roll_0708,20240729,anchor,0.20337284541733686,0.091169793571733,0.3155758972629407
roll_0708,20240730,anchor,0.22912715513785037,0.09578603285896817,0.3624682774167326
roll_0708,20240731,anchor,0.23325989373855183,0.0918097644795357,0.37471002299756795
roll_0708,20240801,anchor,0.19152429690233325,0.08615092313115649,0.29689767067351
roll_0708,20240802,anchor,0.1949235234724243,0.09245234885844891,0.29739469808639973
roll_0708,20240803,anchor,0.32595179101933264,0.17394420988727446,0.47795937215139084
roll_0708,20240804,anchor,0.2026454044599972,0.1148987059422637,0.2903921029777307
roll_0708,20240805,anchor,0.21732949319553238,0.08186283622072038,0.3527961501703444
roll_0708,20240806,anchor,0.19955195659200392,0.08737149635679159,0.31173241682721625
roll_0708,20240807,anchor,0.19215258275764796,0.08218855542065767,0.30211661009463825
roll_0708,20240808,anchor,0.19209380105304372,0.09006588120870905,0.29412172089737837
roll_0708,20240809,anchor,0.2116241682287942,0.09085007101089779,0.33239826544669066
roll_0708,20240810,anchor,0.18882069192127754,0.09884099054354128,0.2788003932990138
roll_0708,20240811,anchor,0.19306689628664117,0.10973711983279504,0.2763966727404873
roll_0708,20240812,anchor,0.22167692280602752,0.12057286760906114,0.3227809780029939
roll_0708,20240813,anchor,0.22824662984083527,0.11196518542196182,0.3445280742597087
roll_0708,20240814,anchor,0.23004530141877066,0.11346887407296033,0.34662172876458097
roll_0708,20240815,anchor,0.2444797305313751,0.12927413772047736,0.3596853233422728
roll_0708,20240816,anchor,0.21191878661764357,0.09845232500840076,0.3253852482268864
roll_0708,20240817,anchor,0.22408606847938642,0.11800506429980932,0.3301670726589635
roll_0708,20240818,anchor,0.20552296645396945,0.13067047363475529,0.28037545927318364
roll_0708,20240819,anchor,0.18772395436558967,0.08614108205034833,0.289306826680831
roll_0708,20240820,anchor,0.21740647491796666,0.09455963837091155,0.34025331146502175
roll_0708,20240821,anchor,0.1824155142084828,0.09308864960604407,0.2717423788109215
roll_0708,20240822,anchor,0.21460411372436933,0.11436695319574328,0.3148412742529954
roll_0708,20240823,anchor,0.21987338260235526,0.11693592135271567,0.3228108438519948
roll_0708,20240824,anchor,0.22762253250620723,0.10879922863857577,0.3464458363738387
roll_0708,20240825,anchor,0.18893846796508973,0.09763314492200428,0.28024379100817515
roll_0708,20240826,anchor,0.20520543144775052,0.08562487665023265,0.3247859862452684
roll_0708,20240827,anchor,0.1971049918214262,0.08283502439264366,0.31137495925020875
roll_0708,20240828,anchor,0.18538148338343488,0.08958190435781567,0.2811810624090541
roll_0708,20240829,anchor,0.18742679307989418,0.08653837912450717,0.2883152070352812
roll_0708,20240830,anchor,0.19928017061701464,0.08232473095968745,0.3162356102743418
roll_0708,20240831,anchor,0.21235937217885073,0.12391360838880848,0.30080513596889297
roll_0708,20240901,anchor,0.19406399756287504,0.11003941974490822,0.27808857538084186
roll_0708,20240902,anchor,0.18858744863341104,0.08288126683479968,0.2942936304320224
roll_0708,20240903,anchor,0.20415199614884866,0.08633259923682604,0.3219713930608713
roll_0708,20240904,anchor,0.2154003687463581,0.08933018261792466,0.3414705548747915
roll_0708,20240905,anchor,0.1993631126686263,0.08169024375354579,0.3170359815837068
roll_0708,20240709,anchor_rts,0.21703066401328436,0.10171021275917207,0.33235111526739664
roll_0708,20240710,anchor_rts,0.22673151933066474,0.11722503312265381,0.33623800553867567
roll_0708,20240711,anchor_rts,0.2098697546336219,0.10075805736406022,0.31898145190318355
roll_0708,20240712,anchor_rts,0.22224141683330606,0.10640665053044585,0.3380761831361663
roll_0708,20240713,anchor_rts,0.24401652677925434,0.1758976807178766,0.3121353728406321
roll_0708,20240714,anchor_rts,0.2284298729722088,0.14164268631376617,0.3152170596306514
roll_0708,20240715,anchor_rts,0.23462500389703583,0.17332983373372304,0.29592017406034865
roll_0708,20240716,anchor_rts,0.1991505185849859,0.09523091314296707,0.30307012402700473
roll_0708,20240717,anchor_rts,0.23137919683889308,0.10418524351267108,0.35857315016511504
roll_0708,20240718,anchor_rts,0.22834319389304078,0.09456371802448454,0.362122669761597
roll_0708,20240719,anchor_rts,0.21043979130004684,0.10024890338068448,0.3206306792194092
roll_0708,20240720,anchor_rts,0.21098442358135183,0.11222715088915619,0.3097416962735475
roll_0708,20240721,anchor_rts,0.19243140272074896,0.1192813824044043,0.26558142303709364
roll_0708,20240722,anchor_rts,0.20003294219310738,0.08180584011385376,0.318260044272361
roll_0708,20240723,anchor_rts,0.20559709634775827,0.09886836766883166,0.3123258250266849
roll_0708,20240724,anchor_rts,0.2050282458134126,0.09544741853474858,0.31460907309207664
roll_0708,20240725,anchor_rts,0.2010675372041069,0.07931050733626722,0.32282456707194657
roll_0708,20240726,anchor_rts,0.2219502408083281,0.09521114579332601,0.34868933582333017
roll_0708,20240727,anchor_rts,0.23109051863734525,0.1018058992442907,0.36037513803039983
roll_0708,20240728,anchor_rts,0.20546510095406487,0.12389062139944407,0.28703958050868567
roll_0708,20240729,anchor_rts,0.19939119495057184,0.10357634396645118,0.2952060459346925
roll_0708,20240730,anchor_rts,0.2223186003117459,0.09888062695763362,0.3457565736658582
roll_0708,20240731,anchor_rts,0.2294915316217237,0.09364876088553417,0.3653343023579132
roll_0708,20240801,anchor_rts,0.18584016761779912,0.08321455868278797,0.28846577655281025
roll_0708,20240802,anchor_rts,0.19810286487123643,0.09702511648025884,0.299180613262214
roll_0708,20240803,anchor_rts,0.321510273645442,0.17183392816800172,0.4711866191228823
roll_0708,20240804,anchor_rts,0.20409310679800927,0.11250147129349024,0.2956847423025283
roll_0708,20240805,anchor_rts,0.21751991800199047,0.093056207516221,0.3419836284877599
roll_0708,20240806,anchor_rts,0.19942820017335028,0.0928461897214053,0.30601021062529526
roll_0708,20240807,anchor_rts,0.18350898038222413,0.0828449699433017,0.28417299082114655
roll_0708,20240808,anchor_rts,0.1891192522789131,0.09129083379135942,0.28694767076646677
roll_0708,20240809,anchor_rts,0.20500947415613407,0.08988479117459856,0.3201341571376696
roll_0708,20240810,anchor_rts,0.18795693021499094,0.10313369579152021,0.27278016463846166
roll_0708,20240811,anchor_rts,0.19672075695118957,0.110082319711543,0.2833591941908361
roll_0708,20240812,anchor_rts,0.2226550964863698,0.12012345234970495,0.32518674062303465
roll_0708,20240813,anchor_rts,0.22214479949179822,0.104452978501073,0.33983662048252344
roll_0708,20240814,anchor_rts,0.22915072538200698,0.1142544812632258,0.34404696950078817
roll_0708,20240815,anchor_rts,0.23987208192016862,0.1268216423251308,0.3529225215152065
roll_0708,20240816,anchor_rts,0.2106162561107937,0.09876894542042668,0.32246356680116073
roll_0708,20240817,anchor_rts,0.21821991100882954,0.11411379287954806,0.32232602913811104
roll_0708,20240818,anchor_rts,0.1994123313332907,0.12486786705253873,0.2739567956140427
roll_0708,20240819,anchor_rts,0.18712499995218815,0.0852333649072914,0.2890166349970849
roll_0708,20240820,anchor_rts,0.2077342438026975,0.08947116839024463,0.32599731921515035
roll_0708,20240821,anchor_rts,0.1839673730716954,0.09321325806776609,0.2747214880756247
roll_0708,20240822,anchor_rts,0.21010374264039272,0.11069319608120579,0.30951428919957963
roll_0708,20240823,anchor_rts,0.2234861028276578,0.12787814433435185,0.31909406132096374
roll_0708,20240824,anchor_rts,0.2269259842744693,0.10998518276611906,0.34386678578281954
roll_0708,20240825,anchor_rts,0.18266109608984166,0.09241485243759742,0.27290733974208586
roll_0708,20240826,anchor_rts,0.19375670308713625,0.07713086381050255,0.31038254236376994
roll_0708,20240827,anchor_rts,0.18918279144280384,0.07537840093178179,0.3029871819538259
roll_0708,20240828,anchor_rts,0.181325051017935,0.08524294610073722,0.27740715593513277
roll_0708,20240829,anchor_rts,0.1832765047243109,0.08154278768967126,0.2850102217589505
roll_0708,20240830,anchor_rts,0.19036250560654105,0.07993268746600413,0.300792323747078
roll_0708,20240831,anchor_rts,0.20362522029885027,0.11773216622871606,0.2895182743689845
roll_0708,20240901,anchor_rts,0.18750145182353123,0.10263280579554432,0.27237009785151817
roll_0708,20240902,anchor_rts,0.1802037127566551,0.0801988635434114,0.2802085619698988
roll_0708,20240903,anchor_rts,0.2000173564187936,0.0852456051674692,0.314789107670118
roll_0708,20240904,anchor_rts,0.207625904800849,0.08835820999208094,0.32689359960961706
roll_0708,20240905,anchor_rts,0.19588386252802337,0.07856735621189469,0.31320036884415203
roll_0708,20240709,anchor_rts_fullgrid,0.20280342337988788,0.08287260693651388,0.3227342398232619
roll_0708,20240710,anchor_rts_fullgrid,0.21175050159640854,0.0820662014291622,0.34143480176365487
roll_0708,20240711,anchor_rts_fullgrid,0.20350919240768067,0.07886028335410358,0.32815810146125773
roll_0708,20240712,anchor_rts_fullgrid,0.2134994211448229,0.0874891191738266,0.33950972311581923
roll_0708,20240713,anchor_rts_fullgrid,0.2467675433341272,0.17485295292717443,0.31868213374107995
roll_0708,20240714,anchor_rts_fullgrid,0.22366386586219505,0.1393652554968498,0.3079624762275403
roll_0708,20240715,anchor_rts_fullgrid,0.21935982936539014,0.15331640619520948,0.2854032525355708
roll_0708,20240716,anchor_rts_fullgrid,0.18637835361415514,0.07274552779471999,0.3000111794335903
roll_0708,20240717,anchor_rts_fullgrid,0.22897984490032092,0.09151728939198558,0.3664424004086563
roll_0708,20240718,anchor_rts_fullgrid,0.21604107337798234,0.07984126687504865,0.352240879880916
roll_0708,20240719,anchor_rts_fullgrid,0.20149099263975043,0.07964636184995555,0.3233356234295453
roll_0708,20240720,anchor_rts_fullgrid,0.20302316179085106,0.1037149537311859,0.30233136985051623
roll_0708,20240721,anchor_rts_fullgrid,0.18750622227770067,0.11279638970524691,0.2622160548501544
roll_0708,20240722,anchor_rts_fullgrid,0.2000216120256964,0.07743171452427422,0.3226115095271186
roll_0708,20240723,anchor_rts_fullgrid,0.19498700626366447,0.08581509619020118,0.30415891633712777
roll_0708,20240724,anchor_rts_fullgrid,0.2028167449927134,0.08496275745956655,0.32067073252586026
roll_0708,20240725,anchor_rts_fullgrid,0.19937258303345448,0.07525111768911358,0.3234940483777954
roll_0708,20240726,anchor_rts_fullgrid,0.2193568760719591,0.08175103054377049,0.35696272160014775
roll_0708,20240727,anchor_rts_fullgrid,0.23656238560979787,0.09913437408279377,0.37399039713680193
roll_0708,20240728,anchor_rts_fullgrid,0.207539452565867,0.12393314959407546,0.29114575553765853
roll_0708,20240729,anchor_rts_fullgrid,0.1997963300427954,0.08882249775324798,0.31077016233234284
roll_0708,20240730,anchor_rts_fullgrid,0.2257680372343967,0.09289682915635836,0.3586392453124351
roll_0708,20240731,anchor_rts_fullgrid,0.23012843377056952,0.08762898984697495,0.37262787769416406
roll_0708,20240801,anchor_rts_fullgrid,0.18817335390461398,0.0831636908519116,0.29318301695731636
roll_0708,20240802,anchor_rts_fullgrid,0.19173901734770202,0.08924028256488235,0.29423775213052167
roll_0708,20240803,anchor_rts_fullgrid,0.3221102704189047,0.17110907867018887,0.4731114621676205
roll_0708,20240804,anchor_rts_fullgrid,0.20562099069439851,0.11965773166678113,0.2915842497220159
roll_0708,20240805,anchor_rts_fullgrid,0.21297489604511416,0.08126590946690351,0.34468388262332483
roll_0708,20240806,anchor_rts_fullgrid,0.19602348175261566,0.0853357033137207,0.3067112601915106
roll_0708,20240807,anchor_rts_fullgrid,0.18617079007405424,0.07876458660391064,0.2935769935441978
roll_0708,20240808,anchor_rts_fullgrid,0.1906095162764734,0.08851750361585388,0.29270152893709295
roll_0708,20240809,anchor_rts_fullgrid,0.2057163296236368,0.0882275548758572,0.3232051043714164
roll_0708,20240810,anchor_rts_fullgrid,0.18799469972610341,0.10158365332317092,0.2744057461290359
roll_0708,20240811,anchor_rts_fullgrid,0.1966172910889999,0.11301837315632304,0.28021620902167677
roll_0708,20240812,anchor_rts_fullgrid,0.2233237918219437,0.12168392085088336,0.32496366279300404
roll_0708,20240813,anchor_rts_fullgrid,0.22585562260340605,0.1096731303915267,0.3420381148152854
roll_0708,20240814,anchor_rts_fullgrid,0.22826458159666752,0.11201678674391272,0.3445123764494223
roll_0708,20240815,anchor_rts_fullgrid,0.24139938966809588,0.12650717018538846,0.35629160915080327
roll_0708,20240816,anchor_rts_fullgrid,0.21016514778168724,0.09787782529013599,0.3224524702732385
roll_0708,20240817,anchor_rts_fullgrid,0.22469713446150003,0.12030764503830596,0.3290866238846941
roll_0708,20240818,anchor_rts_fullgrid,0.20503922716444095,0.13068797521257322,0.2793904791163087
roll_0708,20240819,anchor_rts_fullgrid,0.18511497091906737,0.08337160321871913,0.2868583386194156
roll_0708,20240820,anchor_rts_fullgrid,0.21211089706828387,0.09194344463114085,0.3322783495054269
roll_0708,20240821,anchor_rts_fullgrid,0.17833578666012087,0.08938397619531842,0.26728759712492334
roll_0708,20240822,anchor_rts_fullgrid,0.20977721997705476,0.11180981177578046,0.30774462817832904
roll_0708,20240823,anchor_rts_fullgrid,0.21710418390356442,0.11571711995339151,0.31849124785373734
roll_0708,20240824,anchor_rts_fullgrid,0.23046519544055177,0.11389361052492253,0.347036780356181
roll_0708,20240825,anchor_rts_fullgrid,0.1879482475071765,0.09661252819231836,0.27928396682203466
roll_0708,20240826,anchor_rts_fullgrid,0.1991290710552077,0.0813135312063349,0.3169446109040805
roll_0708,20240827,anchor_rts_fullgrid,0.19322778287748524,0.08068380265162696,0.30577176310334353
roll_0708,20240828,anchor_rts_fullgrid,0.18169497064335716,0.08730527783702412,0.2760846634496902
roll_0708,20240829,anchor_rts_fullgrid,0.1853725035570484,0.0843200182855159,0.2864249888285809
roll_0708,20240830,anchor_rts_fullgrid,0.1946005584040564,0.08134048700429469,0.3078606298038181
roll_0708,20240831,anchor_rts_fullgrid,0.2123310675180896,0.12725267625236772,0.29740945878381153
roll_0708,20240901,anchor_rts_fullgrid,0.19426592331880002,0.10886025412587484,0.2796715925117252
roll_0708,20240902,anchor_rts_fullgrid,0.18539531275544363,0.08121256889337239,0.2895780566175149
roll_0708,20240903,anchor_rts_fullgrid,0.20232531154955374,0.08546964329135806,0.3191809798077494
roll_0708,20240904,anchor_rts_fullgrid,0.21199935065342454,0.08791584054621594,0.33608286076063315
roll_0708,20240905,anchor_rts_fullgrid,0.19790331838816985,0.08193702579445934,0.3138696109818804
roll_0708,20240709,anchor_rts_fm,0.20809881462319235,0.08384651397898808,0.33235111526739664
roll_0708,20240710,anchor_rts_fm,0.21496793595972036,0.09369786638076506,0.33623800553867567
roll_0708,20240711,anchor_rts_fm,0.20076167804300038,0.08254190418281718,0.31898145190318355
roll_0708,20240712,anchor_rts_fm,0.21323089090596556,0.08838559867576484,0.3380761831361663
roll_0708,20240713,anchor_rts_fm,0.23673426807153017,0.16133316330242825,0.3121353728406321
roll_0708,20240714,anchor_rts_fm,0.2225363563933693,0.12985565315608721,0.3152170596306514
roll_0708,20240715,anchor_rts_fm,0.23305722108632057,0.1701942681122925,0.29592017406034865
roll_0708,20240716,anchor_rts_fm,0.19184147055656037,0.08061281708611599,0.30307012402700473
roll_0708,20240717,anchor_rts_fm,0.22680171045531405,0.09503027074551308,0.35857315016511504
roll_0708,20240718,anchor_rts_fm,0.2221877490571705,0.08225282835274399,0.362122669761597
roll_0708,20240719,anchor_rts_fm,0.20530713301811726,0.08998358681682535,0.3206306792194092
roll_0708,20240720,anchor_rts_fm,0.20550410360721305,0.10126651094087864,0.3097416962735475
roll_0708,20240721,anchor_rts_fm,0.18742268070674042,0.10926393837638722,0.26558142303709364
roll_0708,20240722,anchor_rts_fm,0.19698711704807054,0.07571418982378007,0.318260044272361
roll_0708,20240723,anchor_rts_fm,0.2013502159565786,0.09037460688647228,0.3123258250266849
roll_0708,20240724,anchor_rts_fm,0.20011881245759633,0.08562855182311603,0.31460907309207664
roll_0708,20240725,anchor_rts_fm,0.19877668245114874,0.07472879783035091,0.32282456707194657
roll_0708,20240726,anchor_rts_fm,0.21681731066220555,0.08494528550108091,0.34868933582333017
roll_0708,20240727,anchor_rts_fm,0.22700539841978123,0.09363565880916266,0.36037513803039983
roll_0708,20240728,anchor_rts_fm,0.2018662889898567,0.11669299747102771,0.28703958050868567
roll_0708,20240729,anchor_rts_fm,0.19555282413210984,0.09589960232952717,0.2952060459346925
roll_0708,20240730,anchor_rts_fm,0.21811568352173105,0.09047479337760392,0.3457565736658582
roll_0708,20240731,anchor_rts_fm,0.22717991149146974,0.08902552062502626,0.3653343023579132
roll_0708,20240801,anchor_rts_fm,0.1834728310702738,0.07847988558773732,0.28846577655281025
roll_0708,20240802,anchor_rts_fm,0.1939338822834905,0.08868715130476701,0.299180613262214
roll_0708,20240803,anchor_rts_fm,0.318211326996894,0.16523603487090563,0.4711866191228823
roll_0708,20240804,anchor_rts_fm,0.20305643737136395,0.11042813244019963,0.2956847423025283
roll_0708,20240805,anchor_rts_fm,0.21486501040326128,0.08774639231876266,0.3419836284877599
roll_0708,20240806,anchor_rts_fm,0.1973065763676304,0.08860294210996555,0.30601021062529526
roll_0708,20240807,anchor_rts_fm,0.18217096201124913,0.08016893320135171,0.28417299082114655
roll_0708,20240808,anchor_rts_fm,0.18858845822964254,0.09022924569281833,0.28694767076646677
roll_0708,20240809,anchor_rts_fm,0.20313556966986063,0.08613698220205167,0.3201341571376696
roll_0708,20240810,anchor_rts_fm,0.18438795765982735,0.09599575068119304,0.27278016463846166
roll_0708,20240811,anchor_rts_fm,0.1952534626828646,0.10714773117489304,0.2833591941908361
roll_0708,20240812,anchor_rts_fm,0.22182286144039992,0.11845898225776519,0.32518674062303465
roll_0708,20240813,anchor_rts_fm,0.22254039725894464,0.10524417403536586,0.33983662048252344
roll_0708,20240814,anchor_rts_fm,0.2282712634978068,0.1124955574948254,0.34404696950078817
roll_0708,20240815,anchor_rts_fm,0.23961712173843966,0.12631172196167284,0.3529225215152065
roll_0708,20240816,anchor_rts_fm,0.20955898877900886,0.09665441075685702,0.32246356680116073
roll_0708,20240817,anchor_rts_fm,0.21629239078258727,0.11025875242706348,0.32232602913811104
roll_0708,20240818,anchor_rts_fm,0.19805414305388996,0.12215149049373726,0.2739567956140427
roll_0708,20240819,anchor_rts_fm,0.18694633099243177,0.08487602698777862,0.2890166349970849
roll_0708,20240820,anchor_rts_fm,0.20821022481129947,0.09042313040744862,0.32599731921515035
roll_0708,20240821,anchor_rts_fm,0.18302364259049633,0.09132579710536798,0.2747214880756247
roll_0708,20240822,anchor_rts_fm,0.20931542406647866,0.1091165589333777,0.30951428919957963
roll_0708,20240823,anchor_rts_fm,0.22205936180222607,0.1250246622834884,0.31909406132096374
roll_0708,20240824,anchor_rts_fm,0.22568001043689714,0.10749323509097476,0.34386678578281954
roll_0708,20240825,anchor_rts_fm,0.18221171748450832,0.09151609522693077,0.27290733974208586
roll_0708,20240826,anchor_rts_fm,0.19524304127865055,0.08010354019353115,0.31038254236376994
roll_0708,20240827,anchor_rts_fm,0.18948862305861097,0.07599006416339604,0.3029871819538259
roll_0708,20240828,anchor_rts_fm,0.18018566744095582,0.08296417894677888,0.27740715593513277
roll_0708,20240829,anchor_rts_fm,0.1831296970142805,0.08124917226961045,0.2850102217589505
roll_0708,20240830,anchor_rts_fm,0.1900117829139272,0.07923124208077643,0.300792323747078
roll_0708,20240831,anchor_rts_fm,0.20292724918755894,0.11633622400613344,0.2895182743689845
roll_0708,20240901,anchor_rts_fm,0.18724312610114713,0.10211615435077606,0.27237009785151817
roll_0708,20240902,anchor_rts_fm,0.18147229817902524,0.08273603438815168,0.2802085619698988
roll_0708,20240903,anchor_rts_fm,0.20064678331977076,0.08650445896942358,0.314789107670118
roll_0708,20240904,anchor_rts_fm,0.20817357168550768,0.0894535437613983,0.32689359960961706
roll_0708,20240905,anchor_rts_fm,0.19597994112620723,0.07875951340826241,0.31320036884415203
roll_0708,20240709,final,0.2081839687568052,0.08401682224621375,0.33235111526739664
roll_0708,20240710,final,0.21496774670850066,0.09369748787832567,0.33623800553867567
roll_0708,20240711,final,0.20096715995339365,0.08295286800360374,0.31898145190318355
roll_0708,20240712,final,0.212970617901188,0.08786505266620971,0.3380761831361663
roll_0708,20240713,final,0.2366194124405544,0.16110345204047669,0.3121353728406321
roll_0708,20240714,final,0.222290334710792,0.1293636097909326,0.3152170596306514
roll_0708,20240715,final,0.23332938920623889,0.17073860435212912,0.29592017406034865
roll_0708,20240716,final,0.19248052770521462,0.08189093138342451,0.30307012402700473
roll_0708,20240717,final,0.2266425887086969,0.09471202725227879,0.35857315016511504
roll_0708,20240718,final,0.22210292614773586,0.08208318253387471,0.362122669761597
roll_0708,20240719,final,0.204948085790848,0.08926549236228683,0.3206306792194092
roll_0708,20240720,final,0.20506666688127223,0.10039163748899696,0.3097416962735475
roll_0708,20240721,final,0.18698229479268064,0.10838316654826764,0.26558142303709364
roll_0708,20240722,final,0.1969678891141291,0.07567573395589719,0.318260044272361
roll_0708,20240723,final,0.20173237737007546,0.09113892971346606,0.3123258250266849
roll_0708,20240724,final,0.20010000311698808,0.08559093314189954,0.31460907309207664
roll_0708,20240725,final,0.1989547010111637,0.0750848349503809,0.3228245670719465
roll_0708,20240726,final,0.21670440585964182,0.08471947589595347,0.34868933582333017
roll_0708,20240727,final,0.2267524116253768,0.09312968522035375,0.36037513803039983
roll_0708,20240728,final,0.2010368728520753,0.11503416519546493,0.28703958050868567
roll_0708,20240729,final,0.1959136921386937,0.09662133834269487,0.2952060459346925
roll_0708,20240730,final,0.2181296452889886,0.090502716912119,0.3457565736658582
roll_0708,20240731,final,0.22743170679001204,0.08952911122211088,0.3653343023579132
roll_0708,20240801,final,0.18328441868829348,0.0781030608237767,0.28846577655281025
roll_0708,20240802,final,0.19374378758824085,0.08830696191426765,0.299180613262214
roll_0708,20240803,final,0.31787687567534445,0.1645671322278066,0.4711866191228823
roll_0708,20240804,final,0.2024485635035594,0.10921238470459048,0.2956847423025283
roll_0708,20240805,final,0.215202667274127,0.08842170606049408,0.3419836284877599
roll_0708,20240806,final,0.1973016245259192,0.08859303842654312,0.30601021062529526
roll_0708,20240807,final,0.18223555295098542,0.0802981150808243,0.28417299082114655
roll_0708,20240808,final,0.18880874428285335,0.09066981779923994,0.28694767076646677
roll_0708,20240809,final,0.20316063424633635,0.08618711135500312,0.3201341571376696
roll_0708,20240810,final,0.18413826766577054,0.09549637069307942,0.27278016463846166
roll_0708,20240811,final,0.19502259238117164,0.10668599057150721,0.2833591941908361
roll_0708,20240812,final,0.22184025886486758,0.11849377710670056,0.3251867406230346
roll_0708,20240813,final,0.2228509231524117,0.10586522582229994,0.33983662048252344
roll_0708,20240814,final,0.22850937216184145,0.11297177482289474,0.34404696950078817
roll_0708,20240815,final,0.24025203521276312,0.12758154891031975,0.3529225215152065
roll_0708,20240816,final,0.20943606390408698,0.09640856100701324,0.32246356680116073
roll_0708,20240817,final,0.21590485875119458,0.1094836883642781,0.32232602913811104
roll_0708,20240818,final,0.19783289320760816,0.12170899080117363,0.2739567956140427
roll_0708,20240819,final,0.1870245228002019,0.0850324106033189,0.2890166349970849
roll_0708,20240820,final,0.20805798735865397,0.0901186555021576,0.32599731921515035
roll_0708,20240821,final,0.18285816381311065,0.09099483955059662,0.2747214880756247
roll_0708,20240822,final,0.2093146449006262,0.1091150006016728,0.30951428919957963
roll_0708,20240823,final,0.22156492293189511,0.12403578454282652,0.31909406132096374
roll_0708,20240824,final,0.22523714478926282,0.10660750379570609,0.34386678578281954
roll_0708,20240825,final,0.1821490088195854,0.09139067789708494,0.27290733974208586
roll_0708,20240826,final,0.19489203065991156,0.07940151895605314,0.31038254236377
roll_0708,20240827,final,0.18962666974659476,0.07626615753936364,0.3029871819538259
roll_0708,20240828,final,0.1800299158121631,0.08265267568919345,0.27740715593513277
roll_0708,20240829,final,0.18292235361346615,0.08083448546798175,0.2850102217589505
roll_0708,20240830,final,0.19019018470255022,0.07958804565802244,0.300792323747078
roll_0708,20240831,final,0.20226819897990472,0.115018123590825,0.2895182743689845
roll_0708,20240901,final,0.1871601970857968,0.1019502963200754,0.27237009785151817
roll_0708,20240902,final,0.18140263921888194,0.08259671646786511,0.2802085619698988
roll_0708,20240903,final,0.2004940386488786,0.08619896962763925,0.314789107670118
roll_0708,20240904,final,0.207668239253545,0.08844287889747292,0.32689359960961706
roll_0708,20240905,final,0.19614055291106353,0.07908073697797503,0.31320036884415203
roll_0722,20240722,april_mean,0.21846343316097439,0.09106357684612243,0.34586328947582634
roll_0722,20240723,april_mean,0.20957069980165507,0.09175621529873046,0.3273851843045797
roll_0722,20240724,april_mean,0.2316998765914252,0.10054944087402293,0.3628503123088275
roll_0722,20240725,april_mean,0.22112208353811316,0.0907083118551565,0.35153585522106984
roll_0722,20240726,april_mean,0.24819553445074788,0.09707082356366106,0.39932024533783467
roll_0722,20240727,april_mean,0.2842320868063317,0.14066864596762527,0.42779552764503814
roll_0722,20240728,april_mean,0.2582141636258394,0.17006234052922287,0.34636598672245594
roll_0722,20240729,april_mean,0.21146384214544153,0.0869164134735985,0.33601127081728455
roll_0722,20240730,april_mean,0.2582051067210811,0.11252437893251167,0.4038858345096505
roll_0722,20240731,april_mean,0.24787632011851432,0.09333314176530307,0.4024194984717256
roll_0722,20240801,april_mean,0.2093557482991939,0.10293000376756581,0.315781492830822
roll_0722,20240802,april_mean,0.20153189389642623,0.10050197036715923,0.3025618174256932
roll_0722,20240803,april_mean,0.34950719137305897,0.20332399928741904,0.49569038345869887
roll_0722,20240804,april_mean,0.2625574661851199,0.16152223652105702,0.3635926958491828
roll_0722,20240805,april_mean,0.21401298149114092,0.07974841145829133,0.34827755152399054
roll_0722,20240806,april_mean,0.20875689462067953,0.08884859363935792,0.32866519560200114
roll_0722,20240807,april_mean,0.20059919825756298,0.08296728039030439,0.3182311161248216
roll_0722,20240808,april_mean,0.20098820124284267,0.0886064549745506,0.3133699475111347
roll_0722,20240809,april_mean,0.21987090023968026,0.09785569294044767,0.34188610753891285
roll_0722,20240810,april_mean,0.22132704639432077,0.1375415428742041,0.3051125499144375
roll_0722,20240811,april_mean,0.23866388239300895,0.14901242110574583,0.32831534368027204
roll_0722,20240812,april_mean,0.21841262604764802,0.11526742871012198,0.3215578233851741
roll_0722,20240813,april_mean,0.23533377556832355,0.1134184166120767,0.3572491345245704
roll_0722,20240814,april_mean,0.21996112427746167,0.11085425156639547,0.3290679969885279
roll_0722,20240815,april_mean,0.23414929416499813,0.11742977070810687,0.35086881762188943
roll_0722,20240816,april_mean,0.2119485604504967,0.10330046158215048,0.3205966593188429
roll_0722,20240817,april_mean,0.25968427385735093,0.15941526599943456,0.3599532817152673
roll_0722,20240818,april_mean,0.25105266988436403,0.16336688812086358,0.3387384516478644
roll_0722,20240819,april_mean,0.18792513921639586,0.08736601731627892,0.2884842611165128
roll_0722,20240820,april_mean,0.222959875511652,0.10235340197431854,0.3435663490489855
roll_0722,20240821,april_mean,0.17884238288261883,0.08918631925085038,0.2684984465143873
roll_0722,20240822,april_mean,0.2153396445646278,0.1135827296858693,0.3170965594433863
roll_0722,20240823,april_mean,0.21453880500127204,0.10821616481962917,0.3208614451829149
roll_0722,20240824,april_mean,0.2557669529555894,0.15162331176237875,0.3599105941488
roll_0722,20240825,april_mean,0.23745109826233754,0.12891074024956006,0.345991456275115
roll_0722,20240826,april_mean,0.2011594043116391,0.08748747170922366,0.3148313369140545
roll_0722,20240827,april_mean,0.1985881623421517,0.09095869986490282,0.30621762481940057
roll_0722,20240828,april_mean,0.18967879133233395,0.09789419475749382,0.28146338790717407
roll_0722,20240829,april_mean,0.19721778351536884,0.09660379380652608,0.2978317732242116
roll_0722,20240830,april_mean,0.21001560150778797,0.0924833580265638,0.3275478449890121
roll_0722,20240831,april_mean,0.24435148043041505,0.1650259717190063,0.3236769891418238
roll_0722,20240901,april_mean,0.23322403337566155,0.13916833055310965,0.3272797361982135
roll_0722,20240902,april_mean,0.18637671053757396,0.08844135081257483,0.2843120702625731
roll_0722,20240903,april_mean,0.21510075027797748,0.09483652327266508,0.3353649772832899
roll_0722,20240904,april_mean,0.2234572690689361,0.10386340665183269,0.3430511314860395
roll_0722,20240905,april_mean,0.206377477198561,0.08818889456159916,0.32456605983552284
roll_0722,20240906,april_mean,0.18903963305557986,0.0843962282784729,0.2936830378326868
roll_0722,20240907,april_mean,0.22760894323081501,0.15307863548203515,0.3021392509795949
roll_0722,20240908,april_mean,0.23812821109294718,0.12594158202475586,0.3503148401611385
roll_0722,20240909,april_mean,0.19289679719852787,0.08455161418982464,0.3012419802072311
roll_0722,20240910,april_mean,0.19638722764763122,0.08567387008596065,0.3071005852093018
roll_0722,20240911,april_mean,0.222945610077598,0.09628530075668291,0.3496059193985131
roll_0722,20240912,april_mean,0.21196494776828523,0.08861596049337403,0.3353139350431964
roll_0722,20240913,april_mean,0.18177594094118726,0.09830694493674108,0.26524493694563345
roll_0722,20240914,april_mean,0.23196362563428896,0.15243483098754487,0.3114924202810331
roll_0722,20240915,april_mean,0.2666858223996212,0.16707454052188342,0.36629710427735895
roll_0722,20240916,april_mean,0.24846317002589174,0.14861412696724208,0.3483122130845414
roll_0722,20240917,april_mean,0.1989095000976511,0.09943110211878771,0.2983878980765145
roll_0722,20240918,april_mean,0.19864322655994548,0.09433631721439731,0.30295013590549363
roll_0722,20240919,april_mean,0.19840649873317054,0.08535380562422572,0.31145919184211535
roll_0722,20240722,novdec_mean,0.21405883967602873,0.09744327401575073,0.33067440533630676
roll_0722,20240723,novdec_mean,0.21108764995917245,0.10577968274432001,0.3163956171740249
roll_0722,20240724,novdec_mean,0.2365278251353777,0.12190503680634533,0.35115061346441007
roll_0722,20240725,novdec_mean,0.2193927721054431,0.09613557452444632,0.3426499696864399
roll_0722,20240726,novdec_mean,0.2311884212453477,0.09281551658078913,0.36956132590990626
roll_0722,20240727,novdec_mean,0.2509914746965188,0.10102367957420756,0.40095926981883
roll_0722,20240728,novdec_mean,0.23062060315942826,0.1279563700781704,0.3332848362406861
roll_0722,20240729,novdec_mean,0.20223425476232604,0.11609277205430624,0.28837573747034584
roll_0722,20240730,novdec_mean,0.23881412784574219,0.11916005180330008,0.3584682038881843
roll_0722,20240731,novdec_mean,0.2461626930918663,0.10851090934923759,0.38381447683449504
roll_0722,20240801,novdec_mean,0.21061973367666553,0.1167840480683628,0.3044554192849683
roll_0722,20240802,novdec_mean,0.20145887876117713,0.08560925262586724,0.317308504896487
roll_0722,20240803,novdec_mean,0.32970269367785593,0.17327149230724728,0.48613389504846455
roll_0722,20240804,novdec_mean,0.25869011938641073,0.1296255369846646,0.3877547017881569
roll_0722,20240805,novdec_mean,0.23071913371029312,0.11819718261454155,0.3432410848060447
roll_0722,20240806,novdec_mean,0.21913973197387204,0.11370859051610048,0.3245708734316436
roll_0722,20240807,novdec_mean,0.19961968378302009,0.10395852006737201,0.2952808474986682
roll_0722,20240808,novdec_mean,0.20818917977094886,0.11232526380140337,0.3040530957404944
roll_0722,20240809,novdec_mean,0.2079449348032821,0.08284898975289988,0.3330408798536643
roll_0722,20240810,novdec_mean,0.19376003097110367,0.10830292060627163,0.2792171413359357
roll_0722,20240811,novdec_mean,0.24539682524732917,0.1233999011726326,0.36739374932202573
roll_0722,20240812,novdec_mean,0.23024453040276122,0.11815478324868572,0.3423342775568367
roll_0722,20240813,novdec_mean,0.2436716505879325,0.11286811613294158,0.37447518504292343
roll_0722,20240814,novdec_mean,0.2390141266079871,0.12875957471100533,0.34926867850496884
roll_0722,20240815,novdec_mean,0.23494163748736646,0.11276243920523728,0.35712083576949566
roll_0722,20240816,novdec_mean,0.22199601059678503,0.10067421916856009,0.34331780202500994
roll_0722,20240817,novdec_mean,0.23928581208722938,0.11861487039859604,0.3599567537758627
roll_0722,20240818,novdec_mean,0.2369431003441623,0.1223788912807496,0.351507309407575
roll_0722,20240819,novdec_mean,0.20729023967018137,0.11428161649113099,0.30029886284923174
roll_0722,20240820,novdec_mean,0.22330635489876433,0.11555255033720112,0.3310601594603275
roll_0722,20240821,novdec_mean,0.21212041311516713,0.11481967765475952,0.30942114857557473
roll_0722,20240822,novdec_mean,0.22096551601684106,0.12075841182146001,0.3211726202122221
roll_0722,20240823,novdec_mean,0.24804977561989094,0.1593030384396471,0.3367965128001348
roll_0722,20240824,novdec_mean,0.24874640938024145,0.12582996836201504,0.37166285039846786
roll_0722,20240825,novdec_mean,0.22906082679959341,0.0975844394823897,0.3605372141167971
roll_0722,20240826,novdec_mean,0.2044964474219399,0.09919863058343803,0.30979426426044177
roll_0722,20240827,novdec_mean,0.2052317385890841,0.09751922580633428,0.31294425137183396
roll_0722,20240828,novdec_mean,0.19772232237115983,0.11496271694009286,0.2804819278022268
roll_0722,20240829,novdec_mean,0.19933238282755725,0.11086225609933453,0.28780250955577996
roll_0722,20240830,novdec_mean,0.20305842900264692,0.09847515006481278,0.30764170794048107
roll_0722,20240831,novdec_mean,0.213038204426773,0.11765859864833332,0.30841781020521264
roll_0722,20240901,novdec_mean,0.22447991263201036,0.09738234655596063,0.3515774787080601
roll_0722,20240902,novdec_mean,0.19428042109009805,0.10841984885695392,0.28014099332324216
roll_0722,20240903,novdec_mean,0.2249099324216164,0.11829657525499959,0.3315232895882332
roll_0722,20240904,novdec_mean,0.2345527550943884,0.13160893932297682,0.3374965708657999
roll_0722,20240905,novdec_mean,0.2209044132229976,0.10578390612928099,0.3360249203167142
roll_0722,20240906,novdec_mean,0.1876151545184379,0.09355350281813576,0.2816768062187401
roll_0722,20240907,novdec_mean,0.21443210534380763,0.11998016667216496,0.30888404401545033
roll_0722,20240908,novdec_mean,0.23964220023006452,0.1042474365379323,0.37503696392219676
roll_0722,20240909,novdec_mean,0.218839805328031,0.09786100878633928,0.3398186018697227
roll_0722,20240910,novdec_mean,0.21279145336187505,0.11478737626681777,0.3107955304569323
roll_0722,20240911,novdec_mean,0.23110029011006705,0.10888889740917503,0.3533116828109591
roll_0722,20240912,novdec_mean,0.22436059875852937,0.10671117439962659,0.34201002311743217
roll_0722,20240913,novdec_mean,0.184458658722003,0.08688971042530481,0.2820276070187012
roll_0722,20240914,novdec_mean,0.21843868432960536,0.11508347342432662,0.3217938952348841
roll_0722,20240915,novdec_mean,0.26624493140833383,0.13635841076205268,0.396131452054615
roll_0722,20240916,novdec_mean,0.273459103926714,0.14529257358496692,0.4016256342684611
roll_0722,20240917,novdec_mean,0.21286061882000384,0.1169546038066743,0.3087666338333334
roll_0722,20240918,novdec_mean,0.20463893775164324,0.10629815634389149,0.302979719159395
roll_0722,20240919,novdec_mean,0.21962447157071877,0.11030460787693143,0.3289443352645061
roll_0722,20240722,anchor,0.20583096631466155,0.0855344747214906,0.3261274579078325
roll_0722,20240723,anchor,0.1949513907010913,0.08683206857959824,0.30307071282258435
roll_0722,20240724,anchor,0.20782407902411268,0.08863308228236738,0.327015075765858
roll_0722,20240725,anchor,0.2024039320204948,0.07497838257095386,0.32982948147003577
roll_0722,20240726,anchor,0.22223924068063794,0.08274045138193765,0.36173802997933824
roll_0722,20240727,anchor,0.23659131270527028,0.08686071877873368,0.3863219066318069
roll_0722,20240728,anchor,0.19431575506871518,0.10527101516428865,0.2833604949731417
roll_0722,20240729,anchor,0.19955372975490315,0.09458565637911306,0.3045218031306932
roll_0722,20240730,anchor,0.21982661624901131,0.08847544523679379,0.35117778726122884
roll_0722,20240731,anchor,0.22818454209592368,0.08631727461363015,0.3700518095782172
roll_0722,20240801,anchor,0.19044989897356612,0.08596071442899304,0.2949390835181392
roll_0722,20240802,anchor,0.19659193933724128,0.08385520870538901,0.3093286699690936
roll_0722,20240803,anchor,0.3191194104903732,0.16625909785600218,0.47197972312474423
roll_0722,20240804,anchor,0.19685343821113704,0.10775520751695576,0.2859516689053183
roll_0722,20240805,anchor,0.21640497106720671,0.08293939890543267,0.34987054322898076
roll_0722,20240806,anchor,0.20238420972636179,0.08695616889762799,0.3178122505550956
roll_0722,20240807,anchor,0.18875489132208165,0.08052924573977109,0.2969805369043922
roll_0722,20240808,anchor,0.1935182281162549,0.09026031176532621,0.2967761444671836
roll_0722,20240809,anchor,0.20712978984485766,0.08532027795859963,0.3289393017311157
roll_0722,20240810,anchor,0.18434559116538465,0.09752948186319817,0.27116170046757115
roll_0722,20240811,anchor,0.19436953921423533,0.10750928448307503,0.28122979394539566
roll_0722,20240812,anchor,0.2198689029187062,0.11974649307572956,0.31999131276168286
roll_0722,20240813,anchor,0.23173938497322372,0.11194866934763793,0.3515301005988095
roll_0722,20240814,anchor,0.2326728993697988,0.11713149593682044,0.34821430280277715
roll_0722,20240815,anchor,0.24654091984640758,0.1293931462280603,0.36368869346475485
roll_0722,20240816,anchor,0.2140345965466258,0.10043538088214772,0.3276338122111039
roll_0722,20240817,anchor,0.2268198718895797,0.11976554274144989,0.3338742010377095
roll_0722,20240818,anchor,0.20401602756013298,0.13071882255969794,0.27731323256056806
roll_0722,20240819,anchor,0.18739506657471564,0.08624748171133562,0.28854265143809565
roll_0722,20240820,anchor,0.21428046701589412,0.096258888297323,0.33230204573446526
roll_0722,20240821,anchor,0.18242749673803665,0.0957357268987474,0.26911926657732593
roll_0722,20240822,anchor,0.2099699116191444,0.11701856285203684,0.302921260386252
roll_0722,20240823,anchor,0.2157740391545025,0.11332365254341321,0.3182244257655918
roll_0722,20240824,anchor,0.23167143279876556,0.11443500325082295,0.3489078623467082
roll_0722,20240825,anchor,0.18957645768805717,0.09737694338356172,0.2817759719925526
roll_0722,20240826,anchor,0.20284939000611094,0.08603885421479879,0.3196599257974231
roll_0722,20240827,anchor,0.1977299056520682,0.08731033689977924,0.30814947440435714
roll_0722,20240828,anchor,0.18600357074199247,0.09546645033533578,0.27654069114864915
roll_0722,20240829,anchor,0.19531647903485552,0.09157763398386291,0.2990553240858481
roll_0722,20240830,anchor,0.19956626240205097,0.08862790512030438,0.31050461968379756
roll_0722,20240831,anchor,0.21311363371182696,0.1307812264649532,0.29544604095870075
roll_0722,20240901,anchor,0.19457617665433397,0.11327064010674723,0.2758817132019207
roll_0722,20240902,anchor,0.18895692204252948,0.08661914358598428,0.2912947004990747
roll_0722,20240903,anchor,0.2032470903754433,0.08732476744898478,0.31916941330190185
roll_0722,20240904,anchor,0.21313584050137785,0.08906467599121023,0.3372070050115455
roll_0722,20240905,anchor,0.20646029368343033,0.09017884287802477,0.3227417444888359
roll_0722,20240906,anchor,0.1850155141239525,0.08326022018926227,0.28677080805864275
roll_0722,20240907,anchor,0.1992031461684942,0.11509476905276983,0.28331152328421855
roll_0722,20240908,anchor,0.19126170555932653,0.09255623777859226,0.2899671733400608
roll_0722,20240909,anchor,0.19791964522124722,0.09052635929321699,0.30531293114927743
roll_0722,20240910,anchor,0.19178821543153107,0.08675014635310385,0.2968262845099583
roll_0722,20240911,anchor,0.22773473516887527,0.11160579763871523,0.3438636726990353
roll_0722,20240912,anchor,0.21136033547147304,0.08959677578851553,0.3331238951544305
roll_0722,20240913,anchor,0.18067963079255034,0.09594858063058817,0.2654106809545125
roll_0722,20240914,anchor,0.20666990214494535,0.11574763206559442,0.2975921722242963
roll_0722,20240915,anchor,0.206441163551046,0.12098410839500935,0.29189821870708266
roll_0722,20240916,anchor,0.23256328313435856,0.14283703628432898,0.32228952998438815
roll_0722,20240917,anchor,0.20042518100692785,0.10372082937834134,0.29712953263551434
roll_0722,20240918,anchor,0.19747337676428492,0.10391490398818055,0.2910318495403893
roll_0722,20240919,anchor,0.1983631221518384,0.08526788725552165,0.31145835704815517
roll_0722,20240722,anchor_rts,0.20165126465201733,0.08544062544604805,0.3178619038579866
roll_0722,20240723,anchor_rts,0.19207007561550193,0.0846476154384415,0.29949253579256235
roll_0722,20240724,anchor_rts,0.20797738222246925,0.09092666572055122,0.3250280987243873
roll_0722,20240725,anchor_rts,0.19996952050186986,0.07525988420112939,0.32467915680261034
roll_0722,20240726,anchor_rts,0.21863954540021047,0.08171980005157715,0.3555592907488438
roll_0722,20240727,anchor_rts,0.22918151133693154,0.08496872222749709,0.373394300446366
roll_0722,20240728,anchor_rts,0.19048206881375954,0.10268538197666616,0.2782787556508529
roll_0722,20240729,anchor_rts,0.1973086817026939,0.09426388472576928,0.3003534786796185
roll_0722,20240730,anchor_rts,0.2174877582382993,0.0886945077911581,0.3462810086854405
roll_0722,20240731,anchor_rts,0.22588720949726543,0.08433467832650596,0.3674397406680249
roll_0722,20240801,anchor_rts,0.18828373684645053,0.08686590820544086,0.2897015654874602
roll_0722,20240802,anchor_rts,0.1888324673874913,0.07992676488451599,0.2977381698904666
roll_0722,20240803,anchor_rts,0.31213236895517094,0.16043332543110883,0.46383141247923304
roll_0722,20240804,anchor_rts,0.19346274041809586,0.10633013952242801,0.28059534131376374
roll_0722,20240805,anchor_rts,0.21433714742479643,0.08570693310357178,0.3429673617460211
roll_0722,20240806,anchor_rts,0.19704282610085808,0.08618508257345985,0.3079005696282563
roll_0722,20240807,anchor_rts,0.18193272144142453,0.07737972809908258,0.2864857147837665
roll_0722,20240808,anchor_rts,0.19010506714961778,0.08925150414261246,0.2909586301566231
roll_0722,20240809,anchor_rts,0.2003209487966475,0.07972491604096087,0.3209169815523341
roll_0722,20240810,anchor_rts,0.181009412416834,0.09532921420095365,0.26668961063271435
roll_0722,20240811,anchor_rts,0.19272525991218653,0.10511987533152325,0.2803306444928498
roll_0722,20240812,anchor_rts,0.21795815621685954,0.11696228797886155,0.31895402445485754
roll_0722,20240813,anchor_rts,0.22640310628534321,0.10718161645477976,0.3456245961159067
roll_0722,20240814,anchor_rts,0.22924033216981854,0.1138566197723109,0.3446240445673262
roll_0722,20240815,anchor_rts,0.23977085364453943,0.12388973211693219,0.35565197517214664
roll_0722,20240816,anchor_rts,0.2105526180949609,0.09588626479920456,0.3252189713907172
roll_0722,20240817,anchor_rts,0.2208159759520589,0.11542833674801133,0.32620361515610646
roll_0722,20240818,anchor_rts,0.20000547229546572,0.12651136208899896,0.2734995825019325
roll_0722,20240819,anchor_rts,0.1857822101182564,0.08472445098444698,0.28683996925206584
roll_0722,20240820,anchor_rts,0.2082962542646413,0.0912335400620604,0.3253589684672222
roll_0722,20240821,anchor_rts,0.18076940661517454,0.09064567905317919,0.2708931341771699
roll_0722,20240822,anchor_rts,0.2085424580853418,0.11180285831379934,0.3052820578568843
roll_0722,20240823,anchor_rts,0.21720017602673197,0.11770950462462276,0.3166908474288412
roll_0722,20240824,anchor_rts,0.22966654596006142,0.1120837503541602,0.34724934156596265
roll_0722,20240825,anchor_rts,0.18747682366703652,0.09575710921090332,0.27919653812316975
roll_0722,20240826,anchor_rts,0.19768435663303968,0.08279858584186657,0.3125701274242128
roll_0722,20240827,anchor_rts,0.19275287440760866,0.08299379050167803,0.3025119583135393
roll_0722,20240828,anchor_rts,0.18368686865189954,0.09194989229394866,0.2754238450098504
roll_0722,20240829,anchor_rts,0.19090529282031746,0.08782373550158101,0.2939868501390539
roll_0722,20240830,anchor_rts,0.19315127796857598,0.08408454529481497,0.302218010642337
roll_0722,20240831,anchor_rts,0.21008890763457544,0.12881821552934083,0.29135959973981
roll_0722,20240901,anchor_rts,0.19370966595962588,0.11115916191948584,0.27626016999976594
roll_0722,20240902,anchor_rts,0.18489847038084195,0.08452736806071404,0.28526957270096986
roll_0722,20240903,anchor_rts,0.20033989169100597,0.0862365172465985,0.31444326613541346
roll_0722,20240904,anchor_rts,0.21074000593132183,0.08885133007690178,0.3326286817857419
roll_0722,20240905,anchor_rts,0.20179231101401018,0.08580756411609078,0.3177770579119296
roll_0722,20240906,anchor_rts,0.18136751528367737,0.08154845082958695,0.2811865797377678
roll_0722,20240907,anchor_rts,0.19959003029505815,0.11627961435186596,0.28290044623825034
roll_0722,20240908,anchor_rts,0.19203235750228134,0.09352041437016778,0.2905443006343949
roll_0722,20240909,anchor_rts,0.19674811741713588,0.08910465544905305,0.3043915793852187
roll_0722,20240910,anchor_rts,0.1883191170298659,0.08375740051912456,0.29288083354060723
roll_0722,20240911,anchor_rts,0.22679179671293273,0.11112638281400261,0.34245721061186285
roll_0722,20240912,anchor_rts,0.2080335757535796,0.08848811287622355,0.3275790386309357
roll_0722,20240913,anchor_rts,0.18137568320305214,0.09585156327472753,0.26689980313137673
roll_0722,20240914,anchor_rts,0.20767998460885423,0.11874355508888118,0.2966164141288273
roll_0722,20240915,anchor_rts,0.20905682138859555,0.1235993960094021,0.294514246767789
roll_0722,20240916,anchor_rts,0.24459182419707615,0.15137978623474593,0.3378038621594064
roll_0722,20240917,anchor_rts,0.19993863318716135,0.10553534396511784,0.29434192240920487
roll_0722,20240918,anchor_rts,0.19350540102311584,0.10278827034712222,0.28422253169910944
roll_0722,20240919,anchor_rts,0.1974974384544228,0.08629851638404976,0.3086963605247958
roll_0722,20240722,anchor_rts_fullgrid,0.20037265989627023,0.08132336867157004,0.31942195112097044
roll_0722,20240723,anchor_rts_fullgrid,0.19334092962954957,0.08498007308135744,0.3017017861777417
roll_0722,20240724,anchor_rts_fullgrid,0.20618516754105265,0.08948870473255327,0.32288163034955203
roll_0722,20240725,anchor_rts_fullgrid,0.20022518738638723,0.07403159995767464,0.3264187748150998
roll_0722,20240726,anchor_rts_fullgrid,0.21739568455026445,0.08096265305433642,0.3538287160461925
roll_0722,20240727,anchor_rts_fullgrid,0.23179930091612588,0.08756947382213603,0.37602912801011573
roll_0722,20240728,anchor_rts_fullgrid,0.19401368974110283,0.10779214519492944,0.2802352342872762
roll_0722,20240729,anchor_rts_fullgrid,0.1959588284268039,0.09312420967731364,0.2987934471762942
roll_0722,20240730,anchor_rts_fullgrid,0.21939943987641541,0.08996577660976435,0.3488331031430665
roll_0722,20240731,anchor_rts_fullgrid,0.22518553681945702,0.08432159794392216,0.3660494756949919
roll_0722,20240801,anchor_rts_fullgrid,0.18737342278395322,0.0850155986450686,0.28973124692283786
roll_0722,20240802,anchor_rts_fullgrid,0.19301161017178348,0.08341909738831092,0.302604122955256
roll_0722,20240803,anchor_rts_fullgrid,0.31467011003346,0.16475108896333224,0.46458913110358785
roll_0722,20240804,anchor_rts_fullgrid,0.19976191719305947,0.11035318375816029,0.28917065062795866
roll_0722,20240805,anchor_rts_fullgrid,0.21420035958580533,0.08468300010247899,0.3437177190691317
roll_0722,20240806,anchor_rts_fullgrid,0.1972665327135254,0.08618439562708288,0.3083486697999679
roll_0722,20240807,anchor_rts_fullgrid,0.18334218963187354,0.07754048195607008,0.28914389730767703
roll_0722,20240808,anchor_rts_fullgrid,0.19044829507239985,0.08732709425817387,0.29356949588662584
roll_0722,20240809,anchor_rts_fullgrid,0.20334740144837582,0.08159791075169812,0.32509689214505355
roll_0722,20240810,anchor_rts_fullgrid,0.18232453169257012,0.09833647460242248,0.2663125887827178
roll_0722,20240811,anchor_rts_fullgrid,0.19525063883815144,0.10815284700454846,0.2823484306717544
roll_0722,20240812,anchor_rts_fullgrid,0.218295283318967,0.1158783778371101,0.3207121888008239
roll_0722,20240813,anchor_rts_fullgrid,0.22600125373613422,0.10730650587208716,0.34469600160018127
roll_0722,20240814,anchor_rts_fullgrid,0.22786514762755944,0.11209726578072059,0.3436330294743983
roll_0722,20240815,anchor_rts_fullgrid,0.2376121113057682,0.12106113453757025,0.3541630880739662
roll_0722,20240816,anchor_rts_fullgrid,0.21057631017742198,0.09654072427698623,0.32461189607785773
roll_0722,20240817,anchor_rts_fullgrid,0.22349219744527038,0.11819268051379847,0.3287917143767423
roll_0722,20240818,anchor_rts_fullgrid,0.20139935441080958,0.1274210849271826,0.2753776238944366
roll_0722,20240819,anchor_rts_fullgrid,0.18693768416661455,0.08509924453810472,0.28877612379512435
roll_0722,20240820,anchor_rts_fullgrid,0.20903230151558647,0.0897906734718788,0.32827392955929413
roll_0722,20240821,anchor_rts_fullgrid,0.17920080151837986,0.08978495821221491,0.26861664482454484
roll_0722,20240822,anchor_rts_fullgrid,0.20739610243450024,0.11087822443585932,0.30391398043314116
roll_0722,20240823,anchor_rts_fullgrid,0.21891743648127643,0.11875312046044847,0.3190817525021044
roll_0722,20240824,anchor_rts_fullgrid,0.23005064329927838,0.11474495832724221,0.34535632827131457
roll_0722,20240825,anchor_rts_fullgrid,0.18767377342629027,0.094493311996006,0.2808542348565745
roll_0722,20240826,anchor_rts_fullgrid,0.19874319272209306,0.08247368860678025,0.3150126968374059
roll_0722,20240827,anchor_rts_fullgrid,0.19365024738692752,0.08254817370492938,0.30475232106892564
roll_0722,20240828,anchor_rts_fullgrid,0.1834620378447281,0.09120979792481577,0.2757142777646404
roll_0722,20240829,anchor_rts_fullgrid,0.19142322193159883,0.08683854112123743,0.2960079027419602
roll_0722,20240830,anchor_rts_fullgrid,0.19439874818687766,0.08432688701207507,0.30447060936168024
roll_0722,20240831,anchor_rts_fullgrid,0.2091103366542308,0.12781056679290417,0.29041010651555743
roll_0722,20240901,anchor_rts_fullgrid,0.19263623704133487,0.10960853163946457,0.2756639424432052
roll_0722,20240902,anchor_rts_fullgrid,0.18618216187233227,0.08474490607314002,0.28761941767152455
roll_0722,20240903,anchor_rts_fullgrid,0.20282994418937042,0.08679707039390443,0.3188628179848364
roll_0722,20240904,anchor_rts_fullgrid,0.21363399722067897,0.08986398871342437,0.33740400572793355
roll_0722,20240905,anchor_rts_fullgrid,0.20222551426102428,0.08521257886265961,0.31923844965938897
roll_0722,20240906,anchor_rts_fullgrid,0.18184209999046158,0.08116634301565252,0.28251785696527065
roll_0722,20240907,anchor_rts_fullgrid,0.19913164811055628,0.11541425949690025,0.2828490367242123
roll_0722,20240908,anchor_rts_fullgrid,0.19239766550043927,0.09231833808313174,0.2924769929177468
roll_0722,20240909,anchor_rts_fullgrid,0.19602550185102036,0.08751046422673998,0.30454053947530074
roll_0722,20240910,anchor_rts_fullgrid,0.18954505203690317,0.08321273761267582,0.2958773664611305
roll_0722,20240911,anchor_rts_fullgrid,0.2250332499569101,0.10659037045091184,0.34347612946290834
roll_0722,20240912,anchor_rts_fullgrid,0.2079033898223472,0.08584428756512363,0.3299624920795708
roll_0722,20240913,anchor_rts_fullgrid,0.17779259209943665,0.09248573420797387,0.2630994499908994
roll_0722,20240914,anchor_rts_fullgrid,0.20734540080709726,0.11699089716411942,0.2976999044500751
roll_0722,20240915,anchor_rts_fullgrid,0.21095852815977234,0.12540734245464896,0.2965097138648957
roll_0722,20240916,anchor_rts_fullgrid,0.24052292089371685,0.14869854018687612,0.3323473016005576
roll_0722,20240917,anchor_rts_fullgrid,0.19794981111644327,0.10074573679221935,0.29515388544066723
roll_0722,20240918,anchor_rts_fullgrid,0.19349125122950245,0.09840304858512802,0.28857945387387685
roll_0722,20240919,anchor_rts_fullgrid,0.19735196543848296,0.08432882092395959,0.3103751099530063
roll_0722,20240722,anchor_rts_fm,0.1979646246499767,0.07806734544196674,0.3178619038579866
roll_0722,20240723,anchor_rts_fm,0.18985956353658742,0.08022659128061248,0.29949253579256235
roll_0722,20240724,anchor_rts_fm,0.2050182204754199,0.0850083422264525,0.3250280987243873
roll_0722,20240725,anchor_rts_fm,0.19822754592118302,0.07177593503975574,0.32467915680261034
roll_0722,20240726,anchor_rts_fm,0.21778701451471877,0.08001473828059376,0.3555592907488438
roll_0722,20240727,anchor_rts_fm,0.22915112862777337,0.08490795680918074,0.373394300446366
roll_0722,20240728,anchor_rts_fm,0.1896379210624476,0.10099708647404229,0.2782787556508529
roll_0722,20240729,anchor_rts_fm,0.19594369268866435,0.09153390669771022,0.3003534786796185
roll_0722,20240730,anchor_rts_fm,0.21655149519183814,0.08682198169823582,0.3462810086854405
roll_0722,20240731,anchor_rts_fm,0.2259329612447586,0.08442618182149234,0.3674397406680249
roll_0722,20240801,anchor_rts_fm,0.18642731344131505,0.08315306139516994,0.2897015654874602
roll_0722,20240802,anchor_rts_fm,0.18905192494682813,0.08036568000318968,0.2977381698904666
roll_0722,20240803,anchor_rts_fm,0.31088433843000096,0.15793726438076888,0.46383141247923304
roll_0722,20240804,anchor_rts_fm,0.19308686790687235,0.10557839449998098,0.28059534131376374
roll_0722,20240805,anchor_rts_fm,0.2138625959442394,0.0847578301424577,0.3429673617460211
roll_0722,20240806,anchor_rts_fm,0.19691023817529135,0.08591990672232638,0.3079005696282563
roll_0722,20240807,anchor_rts_fm,0.18186392100028173,0.07724212721679695,0.2864857147837665
roll_0722,20240808,anchor_rts_fm,0.18969180056816742,0.08842497097971178,0.2909586301566231
roll_0722,20240809,anchor_rts_fm,0.2013018646301401,0.08168674770794607,0.3209169815523341
roll_0722,20240810,anchor_rts_fm,0.18014832224540908,0.0936070338581038,0.26668961063271435
roll_0722,20240811,anchor_rts_fm,0.1927067670957601,0.10508288969867041,0.2803306444928498
roll_0722,20240812,anchor_rts_fm,0.21870666515467063,0.11845930585448369,0.31895402445485754
roll_0722,20240813,anchor_rts_fm,0.2267995146290242,0.1079744331421417,0.3456245961159067
roll_0722,20240814,anchor_rts_fm,0.22930457592519254,0.11398510728305887,0.3446240445673262
roll_0722,20240815,anchor_rts_fm,0.24152745776131873,0.12740294035049082,0.35565197517214664
roll_0722,20240816,anchor_rts_fm,0.21101027495887884,0.09680157852704047,0.3252189713907172
roll_0722,20240817,anchor_rts_fm,0.22017913580363876,0.11415465645117108,0.32620361515610646
roll_0722,20240818,anchor_rts_fm,0.1985123905185754,0.12352519853521829,0.2734995825019325
roll_0722,20240819,anchor_rts_fm,0.1853218058281637,0.08380364240426157,0.28683996925206584
roll_0722,20240820,anchor_rts_fm,0.20846585559750247,0.09157274272778274,0.3253589684672222
roll_0722,20240821,anchor_rts_fm,0.1814075458560334,0.09192195753489686,0.2708931341771699
roll_0722,20240822,anchor_rts_fm,0.20898759720847554,0.11269313656006683,0.3052820578568843
roll_0722,20240823,anchor_rts_fm,0.21688001726499245,0.11706918710114374,0.3166908474288412
roll_0722,20240824,anchor_rts_fm,0.22968600505207476,0.11212266853818688,0.34724934156596265
roll_0722,20240825,anchor_rts_fm,0.18727972120492242,0.09536290428667513,0.27919653812316975
roll_0722,20240826,anchor_rts_fm,0.19705212389652715,0.08153412036884153,0.3125701274242128
roll_0722,20240827,anchor_rts_fm,0.19264720123286627,0.08278244415219325,0.3025119583135393
roll_0722,20240828,anchor_rts_fm,0.18144408641113555,0.08746432781242068,0.2754238450098504
roll_0722,20240829,anchor_rts_fm,0.1902401957314941,0.08649354132393429,0.2939868501390539
roll_0722,20240830,anchor_rts_fm,0.19297978432894902,0.08374155801556107,0.302218010642337
roll_0722,20240831,anchor_rts_fm,0.21040021213744614,0.12944082453508227,0.29135959973981
roll_0722,20240901,anchor_rts_fm,0.1939745732138835,0.11168897642800106,0.27626016999976594
roll_0722,20240902,anchor_rts_fm,0.18472907260710486,0.08418857251323987,0.28526957270096986
roll_0722,20240903,anchor_rts_fm,0.200641477789884,0.08683968944435454,0.31444326613541346
roll_0722,20240904,anchor_rts_fm,0.21026359722896198,0.0878985126721821,0.3326286817857419
roll_0722,20240905,anchor_rts_fm,0.2017258710712762,0.08567468423062283,0.3177770579119296
roll_0722,20240906,anchor_rts_fm,0.18028420901817185,0.07938183829857594,0.2811865797377678
roll_0722,20240907,anchor_rts_fm,0.20065107591351145,0.11840170558877257,0.28290044623825034
roll_0722,20240908,anchor_rts_fm,0.19352310389911093,0.09650190716382692,0.2905443006343949
roll_0722,20240909,anchor_rts_fm,0.19714400265778415,0.08989642593034955,0.3043915793852187
roll_0722,20240910,anchor_rts_fm,0.18863259727549886,0.08438436101039046,0.29288083354060723
roll_0722,20240911,anchor_rts_fm,0.2278779055195521,0.11329860042724131,0.34245721061186285
roll_0722,20240912,anchor_rts_fm,0.20734247326729996,0.08710590790366424,0.3275790386309357
roll_0722,20240913,anchor_rts_fm,0.18196137581304572,0.09702294849471473,0.26689980313137673
roll_0722,20240914,anchor_rts_fm,0.21046581118682658,0.12431520824482589,0.2966164141288273
roll_0722,20240915,anchor_rts_fm,0.21334373037254223,0.1321732139772955,0.294514246767789
roll_0722,20240916,anchor_rts_fm,0.2464203952774649,0.1550369283955234,0.3378038621594064
roll_0722,20240917,anchor_rts_fm,0.19961929076046128,0.10489665911171768,0.29434192240920487
roll_0722,20240918,anchor_rts_fm,0.19348713495291456,0.10275173820671969,0.28422253169910944
roll_0722,20240919,anchor_rts_fm,0.196162446762805,0.0836285330008142,0.3086963605247958
roll_0722,20240722,final,0.19791049973009,0.0779590956021934,0.3178619038579866
roll_0722,20240723,final,0.1898657838006587,0.08023903180875501,0.29949253579256235
roll_0722,20240724,final,0.2048041718647566,0.08458024500512591,0.3250280987243873
roll_0722,20240725,final,0.19808165693407728,0.07148415706554424,0.32467915680261034
roll_0722,20240726,final,0.21777846048603094,0.07999763022321807,0.3555592907488438
roll_0722,20240727,final,0.2290492098008612,0.08470411915535633,0.373394300446366
roll_0722,20240728,final,0.18899802447229824,0.09971729329374356,0.2782787556508529
roll_0722,20240729,final,0.19633046752881655,0.09230745637801466,0.3003534786796185
roll_0722,20240730,final,0.21632881409319,0.0863766195009395,0.3462810086854405
roll_0722,20240731,final,0.22613675540377515,0.0848337701395254,0.3674397406680249
roll_0722,20240801,final,0.18613227547410358,0.08256298546074697,0.2897015654874602
roll_0722,20240802,final,0.18905160336364502,0.08036503683682346,0.2977381698904666
roll_0722,20240803,final,0.3105918324445892,0.15735225240994538,0.46383141247923304
roll_0722,20240804,final,0.19257702530640755,0.10455870929905137,0.28059534131376374
roll_0722,20240805,final,0.21412578277573496,0.08528420380544884,0.3429673617460211
roll_0722,20240806,final,0.19676127829877732,0.08562198696929836,0.3079005696282563
roll_0722,20240807,final,0.18187915976814734,0.0772726047525282,0.2864857147837665
roll_0722,20240808,final,0.18982238182586328,0.08868613349510347,0.2909586301566231
roll_0722,20240809,final,0.20151488414416832,0.08211278673600253,0.3209169815523341
roll_0722,20240810,final,0.1798837758121606,0.09307794099160686,0.26668961063271435
roll_0722,20240811,final,0.1925135604899371,0.10469647648702439,0.2803306444928498
roll_0722,20240812,final,0.21866312511058061,0.11837222576630367,0.31895402445485754
roll_0722,20240813,final,0.2269953623573304,0.10836612859875412,0.3456245961159067
roll_0722,20240814,final,0.22963627869776254,0.1146485128281989,0.3446240445673262
roll_0722,20240815,final,0.24217077326743108,0.12868957136271553,0.35565197517214664
roll_0722,20240816,final,0.21106769785991897,0.09691642432912073,0.3252189713907172
roll_0722,20240817,final,0.21972616024740593,0.11324870533870542,0.32620361515610646
roll_0722,20240818,final,0.19826169705442098,0.12302381160690948,0.2734995825019325
roll_0722,20240819,final,0.18527025786826454,0.08370054648446322,0.28683996925206584
roll_0722,20240820,final,0.2083927342399125,0.09142650001260286,0.3253589684672222
roll_0722,20240821,final,0.1812994321018116,0.09170573002645326,0.2708931341771699
roll_0722,20240822,final,0.209070190833968,0.1128583238110517,0.3052820578568843
roll_0722,20240823,final,0.21650110515583404,0.11631136288282688,0.3166908474288412
roll_0722,20240824,final,0.229157482623551,0.11106562368113937,0.34724934156596265
roll_0722,20240825,final,0.18711622528638533,0.09503591244960093,0.27919653812316975
roll_0722,20240826,final,0.19657681529654988,0.08058350316888695,0.3125701274242128
roll_0722,20240827,final,0.19293000105972807,0.0833480438059169,0.3025119583135393
roll_0722,20240828,final,0.18151617330691586,0.08760850160398133,0.2754238450098504
roll_0722,20240829,final,0.19023472160253646,0.08648259306601905,0.2939868501390539
roll_0722,20240830,final,0.19331530438937447,0.08441259813641196,0.302218010642337
roll_0722,20240831,final,0.2095866217067756,0.12781364367374118,0.29135959973981
roll_0722,20240901,final,0.19376633643620522,0.11127250287264452,0.27626016999976594
roll_0722,20240902,final,0.18454860358829706,0.08382763447562426,0.28526957270096986
roll_0722,20240903,final,0.2007425113584886,0.08704175658156378,0.31444326613541346
roll_0722,20240904,final,0.2099112115672048,0.0871937413486677,0.3326286817857419
roll_0722,20240905,final,0.20207042992352509,0.08636380193512054,0.3177770579119296
roll_0722,20240906,final,0.18034449402768124,0.0795024083175947,0.2811865797377678
roll_0722,20240907,final,0.19992325058930516,0.11694605494036,0.28290044623825034
roll_0722,20240908,final,0.1931773234146086,0.09581034619482233,0.2905443006343949
roll_0722,20240909,final,0.19673229575568107,0.08907301212614346,0.3043915793852187
roll_0722,20240910,final,0.1889826048740838,0.08508437620756035,0.29288083354060723
roll_0722,20240911,final,0.22832232006702508,0.11418742952218731,0.34245721061186285
roll_0722,20240912,final,0.20748236759367258,0.0873856965564095,0.3275790386309357
roll_0722,20240913,final,0.18242642428243402,0.0979530454334913,0.26689980313137673
roll_0722,20240914,final,0.20957971782321455,0.12254302151760185,0.2966164141288273
roll_0722,20240915,final,0.21251644729732655,0.13051864782686412,0.294514246767789
roll_0722,20240916,final,0.24650734463850754,0.1552108271176086,0.33780386215940644
roll_0722,20240917,final,0.19981469483024217,0.10528746725127948,0.29434192240920487
roll_0722,20240918,final,0.19399405400174966,0.10376557630438986,0.28422253169910944
roll_0722,20240919,final,0.1965226107275014,0.08434886093020698,0.3086963605247958
roll_0805,20240805,april_mean,0.2222385798899819,0.0868507715788971,0.35762638820106674
roll_0805,20240806,april_mean,0.209374063463048,0.09138554078162034,0.32736258614447566
roll_0805,20240807,april_mean,0.1963098495272973,0.08331754752211343,0.3093021515324812
roll_0805,20240808,april_mean,0.20460974576110152,0.09109783000368667,0.3181216615185164
roll_0805,20240809,april_mean,0.21316092256383362,0.08797530759091825,0.338346537536749
roll_0805,20240810,april_mean,0.20623755332030067,0.1258062664020786,0.28666884023852274
roll_0805,20240811,april_mean,0.22930754099907508,0.14048135567187303,0.3181337263262771
roll_0805,20240812,april_mean,0.20787772892753326,0.11195098351183244,0.30380447434323404
roll_0805,20240813,april_mean,0.23507737000440337,0.10599151997023587,0.3641632200385709
roll_0805,20240814,april_mean,0.2167935086520056,0.1133921035198542,0.32019491378415704
roll_0805,20240815,april_mean,0.22268782627838396,0.11334743443257521,0.3320282181241927
roll_0805,20240816,april_mean,0.20477674950870248,0.09744758961652593,0.312105909400879
roll_0805,20240817,april_mean,0.24353105477299525,0.14524730918807147,0.34181480035791906
roll_0805,20240818,april_mean,0.22938437860134106,0.14816894017654497,0.31059981702613715
roll_0805,20240819,april_mean,0.19337862278754397,0.08880872766640284,0.2979485179086851
roll_0805,20240820,april_mean,0.22201265611167295,0.10082782095715381,0.3431974912661921
roll_0805,20240821,april_mean,0.18070221105312306,0.08907209556884159,0.2723323265374045
roll_0805,20240822,april_mean,0.21382059960340655,0.10452697214088993,0.32311422706592313
roll_0805,20240823,april_mean,0.2266251784067303,0.11884258101843853,0.33440777579502207
roll_0805,20240824,april_mean,0.2512508827068035,0.14289499488440446,0.35960677052920254
roll_0805,20240825,april_mean,0.2238185675497566,0.12002731174475866,0.3276098233547545
roll_0805,20240826,april_mean,0.19954628305327907,0.08363880202773961,0.31545376407881853
roll_0805,20240827,april_mean,0.19707272056529365,0.08304562859901347,0.3110998125315738
roll_0805,20240828,april_mean,0.19300856169058003,0.09503723482648792,0.29097988855467216
roll_0805,20240829,april_mean,0.19605220466791715,0.09497396988109359,0.2971304394547407
roll_0805,20240830,april_mean,0.2080014116547976,0.0855948464194447,0.3304079768901505
roll_0805,20240831,april_mean,0.22882822716680046,0.1497317323719796,0.30792472196162135
roll_0805,20240901,april_mean,0.2149956946434632,0.12624273918352788,0.3037486501033985
roll_0805,20240902,april_mean,0.18468514821532375,0.08712013910636689,0.2822501573242806
roll_0805,20240903,april_mean,0.2221062844266303,0.096955343748671,0.3472572251045896
roll_0805,20240904,april_mean,0.22370778363258514,0.10716267874495128,0.340252888520219
roll_0805,20240905,april_mean,0.21099183868334948,0.08794458687768393,0.33403909048901503
roll_0805,20240906,april_mean,0.18943604253513935,0.08116408465363407,0.29770800041664464
roll_0805,20240907,april_mean,0.21743683351956872,0.14258850260684217,0.2922851644322953
roll_0805,20240908,april_mean,0.22858740475327494,0.1220767426761418,0.33509806683040805
roll_0805,20240909,april_mean,0.1954886815705765,0.08016005828448715,0.31081730485666587
roll_0805,20240910,april_mean,0.1982586635370793,0.08718473597632498,0.3093325910978336
roll_0805,20240911,april_mean,0.21771399298981955,0.09057531023442393,0.34485267574521516
roll_0805,20240912,april_mean,0.21184771696514082,0.08782687850206208,0.33586855542821953
roll_0805,20240913,april_mean,0.17089800062063948,0.08364539232238755,0.2581506089188914
roll_0805,20240914,april_mean,0.22336611242075655,0.13862770627005325,0.3081045185714599
roll_0805,20240915,april_mean,0.25506906242136157,0.15866920522578012,0.351468919616943
roll_0805,20240916,april_mean,0.24273562494647877,0.14389516627767146,0.3415760836152861
roll_0805,20240917,april_mean,0.2066181745090689,0.09843528003890163,0.3148010689792362
roll_0805,20240918,april_mean,0.1974611891471928,0.09078430489555775,0.3041380733988278
roll_0805,20240919,april_mean,0.20480152437749127,0.0869782374952475,0.322624811259735
roll_0805,20240920,april_mean,0.1926578356793057,0.0823719969757908,0.3029436743828206
roll_0805,20240921,april_mean,0.2106785989463396,0.1277578425689442,0.293599355323735
roll_0805,20240922,april_mean,0.24579858965638632,0.14234515750617205,0.3492520218066006
roll_0805,20240923,april_mean,0.25849562903066214,0.1314292991705857,0.3855619588907386
roll_0805,20240924,april_mean,0.2463804752231226,0.11228592175562328,0.3804750286906219
roll_0805,20240925,april_mean,0.23694350269639158,0.12944697171443634,0.34444003367834686
roll_0805,20240926,april_mean,0.22220019384952222,0.10948882766916297,0.3349115600298815
roll_0805,20240927,april_mean,0.20070967590801392,0.10278471481176052,0.29863463700426734
roll_0805,20240928,april_mean,0.22649553401893346,0.11718732376496065,0.33580374427290627
roll_0805,20240929,april_mean,0.23416508096767902,0.11485627596660385,0.3534738859687542
roll_0805,20240930,april_mean,0.2054596356949297,0.1155429895204131,0.2953762818694463
roll_0805,20241001,april_mean,0.23264989293064328,0.10920928131767794,0.35609050454360863
roll_0805,20241002,april_mean,0.2136989323547238,0.11871657388037173,0.30868129082907586
roll_0805,20241003,april_mean,0.1964203608413979,0.09994310457708813,0.2928976171057077
roll_0805,20240805,novdec_mean,0.2356008939858692,0.1106285870341506,0.3605732009375878
roll_0805,20240806,novdec_mean,0.2174109496143461,0.11038927727288059,0.32443262195581163
roll_0805,20240807,novdec_mean,0.20144665319299299,0.09862861837530164,0.30426468801068435
roll_0805,20240808,novdec_mean,0.2123831807362393,0.10537787403395846,0.3193884874385201
roll_0805,20240809,novdec_mean,0.208654802371649,0.08694962300112047,0.3303599817421775
roll_0805,20240810,novdec_mean,0.20395541034308948,0.1158577524404499,0.2920530682457291
roll_0805,20240811,novdec_mean,0.24795911269021137,0.12847304269171286,0.3674451826887099
roll_0805,20240812,novdec_mean,0.22558550061501648,0.11538211615586981,0.33578888507416316
roll_0805,20240813,novdec_mean,0.23100594684908088,0.11091667205196366,0.3510952216461981
roll_0805,20240814,novdec_mean,0.2395169437667529,0.12580896846325773,0.35322491907024806
roll_0805,20240815,novdec_mean,0.22611576585250776,0.11134096205349095,0.34089056965152453
roll_0805,20240816,novdec_mean,0.21947319741396423,0.09538669876544269,0.34355969606248576
roll_0805,20240817,novdec_mean,0.23377386524468755,0.12113339396383561,0.3464143365255395
roll_0805,20240818,novdec_mean,0.23646268851512087,0.13070760095950765,0.3422177760707341
roll_0805,20240819,novdec_mean,0.22071896822406722,0.11132411530362181,0.33011382114451265
roll_0805,20240820,novdec_mean,0.23528929246249472,0.11760466145346492,0.3529739234715245
roll_0805,20240821,novdec_mean,0.21640280681993046,0.10952867857176124,0.3232769350680997
roll_0805,20240822,novdec_mean,0.22127209550674654,0.11587075064957089,0.32667344036392215
roll_0805,20240823,novdec_mean,0.25225136144545346,0.14530443117094982,0.3591982917199571
roll_0805,20240824,novdec_mean,0.24757450562717154,0.13197116382834082,0.3631778474260023
roll_0805,20240825,novdec_mean,0.22346352168623568,0.10586023497005587,0.3410668084024155
roll_0805,20240826,novdec_mean,0.2075960752237729,0.09372053816698393,0.32147161228056187
roll_0805,20240827,novdec_mean,0.2117887388847448,0.09616979554330377,0.3274076822261859
roll_0805,20240828,novdec_mean,0.2143878873480267,0.11523540240615314,0.3135403722899002
roll_0805,20240829,novdec_mean,0.21669412738143487,0.11430056031050924,0.3190876944523605
roll_0805,20240830,novdec_mean,0.2032932769622379,0.09265073685331003,0.31393581707116575
roll_0805,20240831,novdec_mean,0.21137726787333005,0.12330815678522242,0.2994463789614377
roll_0805,20240901,novdec_mean,0.21929937222278267,0.10574936493361921,0.33284937951194615
roll_0805,20240902,novdec_mean,0.2023970630471053,0.10367596619448748,0.3011181598997231
roll_0805,20240903,novdec_mean,0.24333466419753375,0.12060722220842104,0.3660621061866464
roll_0805,20240904,novdec_mean,0.24790695520205253,0.1334660628386067,0.36234784756549837
roll_0805,20240905,novdec_mean,0.22833394387799216,0.10612089187874163,0.3505469958772427
roll_0805,20240906,novdec_mean,0.19930695233033324,0.09593529314614943,0.3026786115145171
roll_0805,20240907,novdec_mean,0.22259167620711365,0.12684409582899375,0.31833925658523354
roll_0805,20240908,novdec_mean,0.23946746410920958,0.11045369739677052,0.36848123082164863
roll_0805,20240909,novdec_mean,0.2186185172409947,0.09388296423356658,0.34335407024842285
roll_0805,20240910,novdec_mean,0.21333740218071623,0.10464037688295727,0.32203442747847516
roll_0805,20240911,novdec_mean,0.23769840996516978,0.10107242087270901,0.37432439905763054
roll_0805,20240912,novdec_mean,0.2328461483607644,0.10891967165289901,0.3567726250686298
roll_0805,20240913,novdec_mean,0.20253342590606183,0.083382662498117,0.32168418931400666
roll_0805,20240914,novdec_mean,0.2242389063270873,0.11944976106887883,0.32902805158529574
roll_0805,20240915,novdec_mean,0.2698119912621077,0.14074382443607145,0.398880158088144
roll_0805,20240916,novdec_mean,0.27988127530171264,0.14002150095373092,0.4197410496496944
roll_0805,20240917,novdec_mean,0.22718007387505126,0.11689355850300796,0.33746658924709455
roll_0805,20240918,novdec_mean,0.22577986179597515,0.10501752476661982,0.34654219882533044
roll_0805,20240919,novdec_mean,0.23411353738361657,0.10948494402048137,0.35874213074675176
roll_0805,20240920,novdec_mean,0.20782768031301502,0.09531873201681956,0.32033662860921047
roll_0805,20240921,novdec_mean,0.2456768186146588,0.14691446226943358,0.344439174959884
roll_0805,20240922,novdec_mean,0.28105679753755175,0.1558119767336578,0.4063016183414457
roll_0805,20240923,novdec_mean,0.3171833423120286,0.16206340300253397,0.4723032816215233
roll_0805,20240924,novdec_mean,0.2869810559652042,0.14064653604662636,0.433315575883782
roll_0805,20240925,novdec_mean,0.27174527857440195,0.16274663695816297,0.3807439201906409
roll_0805,20240926,novdec_mean,0.2567976968319632,0.1437588513133879,0.3698365423505384
roll_0805,20240927,novdec_mean,0.23697271115290144,0.13186608405270123,0.34207933825310166
roll_0805,20240928,novdec_mean,0.2594099844376452,0.12391153887201568,0.3949084300032747
roll_0805,20240929,novdec_mean,0.27169395640826094,0.12246874205516864,0.42091917076135327
roll_0805,20240930,novdec_mean,0.24705870704512578,0.13853590550665115,0.35558150858360044
roll_0805,20241001,novdec_mean,0.25339022986190385,0.141835224827303,0.3649452348965047
roll_0805,20241002,novdec_mean,0.2508390924882019,0.1526669119389946,0.3490112730374092
roll_0805,20241003,novdec_mean,0.23553583955831547,0.13126518571955675,0.3398064933970742
roll_0805,20240805,anchor,0.23166339666822483,0.09971055072388833,0.3636162426125613
roll_0805,20240806,anchor,0.20665717757281188,0.0969698977314807,0.3163444574141431
roll_0805,20240807,anchor,0.18741150352645317,0.08224004991867108,0.29258295713423527
roll_0805,20240808,anchor,0.20131711875588518,0.0940320507272686,0.30860218678450174
roll_0805,20240809,anchor,0.20254524511266475,0.08259884438398356,0.32249164584134593
roll_0805,20240810,anchor,0.18829175756091104,0.10077306379350029,0.2758104513283218
roll_0805,20240811,anchor,0.20144089735490855,0.10753937295423681,0.2953424217555803
roll_0805,20240812,anchor,0.21386522880924674,0.11684629966079521,0.3108841579576983
roll_0805,20240813,anchor,0.2220554288302738,0.10464321854047755,0.33946763912007005
roll_0805,20240814,anchor,0.2328926655696184,0.11658281580801425,0.34920251533122254
roll_0805,20240815,anchor,0.23415009931764988,0.12285431485132631,0.34544588378397345
roll_0805,20240816,anchor,0.21032349795905997,0.09479487669564064,0.3258521192224793
roll_0805,20240817,anchor,0.2136857471706707,0.106231828975415,0.3211396653659264
roll_0805,20240818,anchor,0.1920298254831571,0.11974196763439701,0.2643176833319172
roll_0805,20240819,anchor,0.195110425136932,0.08838545263025749,0.3018353976436065
roll_0805,20240820,anchor,0.21342387415176003,0.09396809092219836,0.3328796573813217
roll_0805,20240821,anchor,0.185055261613085,0.0919693531698919,0.2781411700562781
roll_0805,20240822,anchor,0.20489393532685737,0.10669263908046311,0.30309523157325163
roll_0805,20240823,anchor,0.2286380331914263,0.12423417183007891,0.3330418945527737
roll_0805,20240824,anchor,0.22985401372387054,0.11153522513489422,0.34817280231284686
roll_0805,20240825,anchor,0.18229496885492585,0.09269195767047457,0.27189798003937715
roll_0805,20240826,anchor,0.19531320109224828,0.07917326052095823,0.3114531416635383
roll_0805,20240827,anchor,0.19165279664627957,0.07546656682189722,0.3078390264706619
roll_0805,20240828,anchor,0.18715676575941664,0.08794387064985015,0.28636966086898313
roll_0805,20240829,anchor,0.19443249121267778,0.08763014713014956,0.301234835295206
roll_0805,20240830,anchor,0.1946228658556477,0.08181050945390413,0.3074352222573913
roll_0805,20240831,anchor,0.198040753968452,0.11592308272631295,0.28015842521059103
roll_0805,20240901,anchor,0.18226660484916035,0.10289720151885988,0.2616360081794608
roll_0805,20240902,anchor,0.18432469458938355,0.08311111454729893,0.2855382746314682
roll_0805,20240903,anchor,0.20972357716791615,0.08712990957086202,0.33231724476497027
roll_0805,20240904,anchor,0.21140886451169727,0.0893380486892604,0.33347968033413417
roll_0805,20240905,anchor,0.20589477319680233,0.08581644847545036,0.3259730979181543
roll_0805,20240906,anchor,0.18412744660810293,0.08148019647462305,0.2867746967415828
roll_0805,20240907,anchor,0.19370858779253664,0.1056734965879132,0.2817436789971601
roll_0805,20240908,anchor,0.19001684384037223,0.093546450220027,0.28648723746071747
roll_0805,20240909,anchor,0.1975557656100495,0.08214271519042528,0.31296881602967375
roll_0805,20240910,anchor,0.1872402547821848,0.08282362497597395,0.29165688458839567
roll_0805,20240911,anchor,0.2183350871860153,0.10059650979189327,0.3360736645801373
roll_0805,20240912,anchor,0.2069462564301127,0.08396795206945852,0.3299245607907669
roll_0805,20240913,anchor,0.17258461355162624,0.08172755497406248,0.26344167212919
roll_0805,20240914,anchor,0.1994784103080095,0.10167763947612007,0.29727918113989893
roll_0805,20240915,anchor,0.1996541231100756,0.11155833373955083,0.2877499124806004
roll_0805,20240916,anchor,0.22798519100490694,0.13259245045084245,0.32337793155897143
roll_0805,20240917,anchor,0.2022740543678172,0.09950516955325722,0.3050429391823772
roll_0805,20240918,anchor,0.190408550044299,0.09289177438169398,0.287925325706904
roll_0805,20240919,anchor,0.20058119301407334,0.08214270229632639,0.3190196837318203
roll_0805,20240920,anchor,0.18938005026344812,0.08273386491287085,0.29602623561402536
roll_0805,20240921,anchor,0.2217417528059763,0.1441347024220279,0.2993488031899247
roll_0805,20240922,anchor,0.24959727960584344,0.1480674685468217,0.3511270906648652
roll_0805,20240923,anchor,0.2535692409049408,0.13177232724393298,0.37536615456594863
roll_0805,20240924,anchor,0.2327321019618045,0.0941082562407398,0.37135594768286917
roll_0805,20240925,anchor,0.2200949574644579,0.10814108034252679,0.332048834586389
roll_0805,20240926,anchor,0.20890317614819767,0.09210460428418688,0.32570174801220847
roll_0805,20240927,anchor,0.19615487091178044,0.10095005121858525,0.29135969060497563
roll_0805,20240928,anchor,0.22022794498171686,0.10825045451419973,0.332205435449234
roll_0805,20240929,anchor,0.21033797411588406,0.1010409815139224,0.3196349667178457
roll_0805,20240930,anchor,0.20070736929227445,0.10930283512661937,0.29211190345792953
roll_0805,20241001,anchor,0.21664903391039902,0.09808712153898294,0.3352109462818151
roll_0805,20241002,anchor,0.20117249931120085,0.1015384649355256,0.3008065336868761
roll_0805,20241003,anchor,0.18532503748725912,0.08308151766257542,0.2875685573119428
roll_0805,20240805,anchor_rts,0.22195579645678123,0.09643648527769504,0.3474751076358674
roll_0805,20240806,anchor_rts,0.1984734397159124,0.09358152173291429,0.3033653576989105
roll_0805,20240807,anchor_rts,0.1819822693525109,0.08127820002889304,0.2826863386761288
roll_0805,20240808,anchor_rts,0.19508535068268693,0.09354104634970488,0.29662965501566896
roll_0805,20240809,anchor_rts,0.19961525242707726,0.08083152409438314,0.31839898075977136
roll_0805,20240810,anchor_rts,0.18583005976543515,0.10144329921772509,0.2702168203131452
roll_0805,20240811,anchor_rts,0.1971145779570472,0.10648305650629668,0.2877460994077977
roll_0805,20240812,anchor_rts,0.21306654972624411,0.11255321740668929,0.31357988204579895
roll_0805,20240813,anchor_rts,0.22112789039323516,0.10310742055812464,0.33914836022834566
roll_0805,20240814,anchor_rts,0.23145242398785368,0.11708789858273451,0.34581694939297286
roll_0805,20240815,anchor_rts,0.23190945647610056,0.1196166379121241,0.344202275040077
roll_0805,20240816,anchor_rts,0.20703295775514535,0.09199937005653543,0.3220665454537553
roll_0805,20240817,anchor_rts,0.21220141544950646,0.10564436163194063,0.3187584692670723
roll_0805,20240818,anchor_rts,0.1919496706102266,0.12109545137479887,0.26280388984565434
roll_0805,20240819,anchor_rts,0.19373090918601665,0.08972641715995802,0.29773540121207526
roll_0805,20240820,anchor_rts,0.2099845419746311,0.09380267450177582,0.32616640944748637
roll_0805,20240821,anchor_rts,0.18315587921965684,0.08829379558241353,0.27801796285690017
roll_0805,20240822,anchor_rts,0.20340784106465712,0.10421330887360457,0.30260237325570966
roll_0805,20240823,anchor_rts,0.22867165394087513,0.12936980719886193,0.32797350068288833
roll_0805,20240824,anchor_rts,0.23049797602776362,0.11208328412963629,0.34891266792589093
roll_0805,20240825,anchor_rts,0.18275989180907892,0.09305184879138326,0.2724679348267746
roll_0805,20240826,anchor_rts,0.1927414880700486,0.08023676648794595,0.30524620965215127
roll_0805,20240827,anchor_rts,0.18888665226261162,0.07442666083140548,0.30334664369381775
roll_0805,20240828,anchor_rts,0.18559390924360808,0.08933822343143011,0.28184959505578605
roll_0805,20240829,anchor_rts,0.19263127108706798,0.08815133723876555,0.2971112049353704
roll_0805,20240830,anchor_rts,0.18968109465685737,0.0810498644182047,0.29831232489551
roll_0805,20240831,anchor_rts,0.19699143975696687,0.11477526300861894,0.2792076165053148
roll_0805,20240901,anchor_rts,0.18534724276328401,0.1037717707902189,0.26692271473634915
roll_0805,20240902,anchor_rts,0.1809013730530124,0.08305648227259325,0.27874626383343154
roll_0805,20240903,anchor_rts,0.20705328714867152,0.08891573695872644,0.3251908373386166
roll_0805,20240904,anchor_rts,0.2098687567934263,0.0922547388925966,0.32748277469425596
roll_0805,20240905,anchor_rts,0.2021286555655313,0.08371391090625141,0.3205434002248112
roll_0805,20240906,anchor_rts,0.1805310919445011,0.08162499289099101,0.2794371909980112
roll_0805,20240907,anchor_rts,0.19238594682600776,0.10418146717888464,0.28059042647313087
roll_0805,20240908,anchor_rts,0.18982033710273055,0.0931809546435995,0.2864597195618616
roll_0805,20240909,anchor_rts,0.19545844864406547,0.08073711032378164,0.3101797869643493
roll_0805,20240910,anchor_rts,0.18431200722395646,0.08094948214464036,0.28767453230327256
roll_0805,20240911,anchor_rts,0.21442323826325987,0.09574414935182336,0.3331023271746964
roll_0805,20240912,anchor_rts,0.20456182797663827,0.08320141463413168,0.3259222413191449
roll_0805,20240913,anchor_rts,0.1729699130062588,0.07886461727316703,0.2670752087393506
roll_0805,20240914,anchor_rts,0.19868512249538314,0.10235824926045799,0.2950119957303083
roll_0805,20240915,anchor_rts,0.20094539290398877,0.11064348951170772,0.29124729629626983
roll_0805,20240916,anchor_rts,0.24129815177212705,0.1380916646155053,0.3445046389287488
roll_0805,20240917,anchor_rts,0.19950816156486872,0.09812012791515762,0.30089619521457983
roll_0805,20240918,anchor_rts,0.18694441015899887,0.09015670540475978,0.28373211491323796
roll_0805,20240919,anchor_rts,0.19836235520445322,0.0824270864236897,0.31429762398521677
roll_0805,20240920,anchor_rts,0.18727697791049314,0.0821745479206131,0.2923794079003732
roll_0805,20240921,anchor_rts,0.2218113800588673,0.14171103933853973,0.30191172077919487
roll_0805,20240922,anchor_rts,0.2463782116849419,0.1450123412695809,0.3477440821003029
roll_0805,20240923,anchor_rts,0.2539321538268521,0.12828917439191226,0.37957513326179193
roll_0805,20240924,anchor_rts,0.2314057374697123,0.09548646206374277,0.3673250128756818
roll_0805,20240925,anchor_rts,0.21847480179858617,0.1088559128507745,0.3280936907463978
roll_0805,20240926,anchor_rts,0.20515391015094242,0.09346968777908952,0.3168381325227953
roll_0805,20240927,anchor_rts,0.19502225645271065,0.1021460504007757,0.2878984625046456
roll_0805,20240928,anchor_rts,0.2207004813266003,0.10658935370823616,0.3348116089449645
roll_0805,20240929,anchor_rts,0.21136638711410888,0.09971446088141647,0.32301831334680126
roll_0805,20240930,anchor_rts,0.2000206026785194,0.1092211900380752,0.2908200153189636
roll_0805,20241001,anchor_rts,0.21193246176557756,0.09804665115021644,0.3258182723809387
roll_0805,20241002,anchor_rts,0.1983196872241883,0.10108008619019865,0.29555928825817795
roll_0805,20241003,anchor_rts,0.18446224332502953,0.08389789875879487,0.28502658789126417
roll_0805,20240805,anchor_rts_fullgrid,0.21989376988795567,0.09059830397230469,0.34918923580360667
roll_0805,20240806,anchor_rts_fullgrid,0.1975758953883254,0.09008005114967339,0.3050717396269774
roll_0805,20240807,anchor_rts_fullgrid,0.18213015182007392,0.07860282581686573,0.2856574778232821
roll_0805,20240808,anchor_rts_fullgrid,0.19486129520464973,0.0903557584701915,0.29936683193910796
roll_0805,20240809,anchor_rts_fullgrid,0.20126797077369238,0.0826712593046209,0.3198646822427639
roll_0805,20240810,anchor_rts_fullgrid,0.18606612781987925,0.10143793603749209,0.2706943196022664
roll_0805,20240811,anchor_rts_fullgrid,0.19856255100888043,0.10717497515536879,0.2899501268623921
roll_0805,20240812,anchor_rts_fullgrid,0.2131780340958419,0.11355665006802537,0.3127994181236584
roll_0805,20240813,anchor_rts_fullgrid,0.22083233725296397,0.10331227753331002,0.33835239697261793
roll_0805,20240814,anchor_rts_fullgrid,0.2291382663624987,0.11287556090436346,0.34540097182063395
roll_0805,20240815,anchor_rts_fullgrid,0.23090601333128297,0.11820833786064591,0.34360368880192
roll_0805,20240816,anchor_rts_fullgrid,0.20739498510013565,0.09213581544546333,0.32265415475480796
roll_0805,20240817,anchor_rts_fullgrid,0.21622598063287743,0.10975373821659164,0.32269822304916324
roll_0805,20240818,anchor_rts_fullgrid,0.19417551347592807,0.12102381620334457,0.26732721074851157
roll_0805,20240819,anchor_rts_fullgrid,0.19251768845716785,0.08747692828563276,0.29755844862870295
roll_0805,20240820,anchor_rts_fullgrid,0.21008953239033903,0.09164899353350271,0.32853007124717537
roll_0805,20240821,anchor_rts_fullgrid,0.18197052001325453,0.08810101966392145,0.27584002036258765
roll_0805,20240822,anchor_rts_fullgrid,0.20263649644159573,0.10533779898396171,0.29993519389922974
roll_0805,20240823,anchor_rts_fullgrid,0.2263116386905149,0.12458008978705282,0.328043187593977
roll_0805,20240824,anchor_rts_fullgrid,0.22925087982693904,0.11334244614659057,0.3451593135072875
roll_0805,20240825,anchor_rts_fullgrid,0.18240461313573963,0.09078245374333804,0.2740267725281412
roll_0805,20240826,anchor_rts_fullgrid,0.19239546410727038,0.0779518247147363,0.3068391034998044
roll_0805,20240827,anchor_rts_fullgrid,0.1894309652865722,0.07471769567318286,0.3041442348999615
roll_0805,20240828,anchor_rts_fullgrid,0.1840507119767314,0.08727321058999923,0.28082821336346353
roll_0805,20240829,anchor_rts_fullgrid,0.19140989617687432,0.08581225329517424,0.2970075390585744
roll_0805,20240830,anchor_rts_fullgrid,0.18953038803122407,0.08021065337867817,0.29885012268377
roll_0805,20240831,anchor_rts_fullgrid,0.19797571955691268,0.11669614335840375,0.2792552957554216
roll_0805,20240901,anchor_rts_fullgrid,0.18389666167756225,0.100447136142567,0.2673461872125575
roll_0805,20240902,anchor_rts_fullgrid,0.1814707974037169,0.08246783807744527,0.28047375672998853
roll_0805,20240903,anchor_rts_fullgrid,0.20653591262368787,0.08749935302540475,0.325572472221971
roll_0805,20240904,anchor_rts_fullgrid,0.21113597221979075,0.090321738261818,0.3319502061777635
roll_0805,20240905,anchor_rts_fullgrid,0.20193015348681875,0.0835613492344801,0.3202989577391574
roll_0805,20240906,anchor_rts_fullgrid,0.18018129239029568,0.07976540764136004,0.2805971771392313
roll_0805,20240907,anchor_rts_fullgrid,0.19498217564776021,0.10809318687609806,0.28187116441942234
roll_0805,20240908,anchor_rts_fullgrid,0.1904905123713961,0.09107686698831735,0.28990415775447487
roll_0805,20240909,anchor_rts_fullgrid,0.19514622187785177,0.08133838659066733,0.3089540571650362
roll_0805,20240910,anchor_rts_fullgrid,0.18436921583137422,0.08044388517963767,0.28829454648311076
roll_0805,20240911,anchor_rts_fullgrid,0.21622420464940353,0.09786551220884393,0.33458289708996314
roll_0805,20240912,anchor_rts_fullgrid,0.20323236627692048,0.08102632768058793,0.32543840487325304
roll_0805,20240913,anchor_rts_fullgrid,0.1722379130535972,0.07963475355888963,0.2648410725483048
roll_0805,20240914,anchor_rts_fullgrid,0.19958622600926454,0.10439134015298375,0.29478111186554534
roll_0805,20240915,anchor_rts_fullgrid,0.205959075940024,0.11669429348063629,0.2952238583994117
roll_0805,20240916,anchor_rts_fullgrid,0.24549529166535902,0.1457833700339371,0.34520721329678095
roll_0805,20240917,anchor_rts_fullgrid,0.1985357885005044,0.09741934280688246,0.29965223419412634
roll_0805,20240918,anchor_rts_fullgrid,0.18606320456946102,0.08796742942918176,0.28415897970974024
roll_0805,20240919,anchor_rts_fullgrid,0.199164630188002,0.08277507953826087,0.31555418083774317
roll_0805,20240920,anchor_rts_fullgrid,0.18782670155447062,0.08242441843721604,0.2932289846717252
roll_0805,20240921,anchor_rts_fullgrid,0.2200700564360465,0.13878228590853944,0.30135782696355357
roll_0805,20240922,anchor_rts_fullgrid,0.24407006369017234,0.14188438386788838,0.3462557435124563
roll_0805,20240923,anchor_rts_fullgrid,0.25538790197584493,0.12863328642706162,0.38214251752462824
roll_0805,20240924,anchor_rts_fullgrid,0.23154623303109534,0.09474701093802934,0.36834545512416134
roll_0805,20240925,anchor_rts_fullgrid,0.22000648131016284,0.11127940744906316,0.3287335551712625
roll_0805,20240926,anchor_rts_fullgrid,0.20559411168862404,0.09316393619759093,0.31802428717965714
roll_0805,20240927,anchor_rts_fullgrid,0.19482017769639948,0.10091299134694771,0.28872736404585125
roll_0805,20240928,anchor_rts_fullgrid,0.22129111312406582,0.10764203723757927,0.3349401890105524
roll_0805,20240929,anchor_rts_fullgrid,0.21178269355902052,0.09914790344497706,0.324417483673064
roll_0805,20240930,anchor_rts_fullgrid,0.19959611498467034,0.10840605190285396,0.2907861780664867
roll_0805,20241001,anchor_rts_fullgrid,0.21497982786852102,0.10102550347811858,0.3289341522589235
roll_0805,20241002,anchor_rts_fullgrid,0.19885175212193396,0.10240339781897631,0.2953001064248916
roll_0805,20241003,anchor_rts_fullgrid,0.1852169199355802,0.08506007489654177,0.28537376497461864
roll_0805,20240805,anchor_rts_fm,0.21927965093747184,0.09108419423907628,0.3474751076358674
roll_0805,20240806,anchor_rts_fm,0.19689918840321366,0.09043301910751683,0.3033653576989105
roll_0805,20240807,anchor_rts_fm,0.18073907627136518,0.07879181386660157,0.2826863386761288
roll_0805,20240808,anchor_rts_fm,0.1929122922789193,0.08919492954216962,0.29662965501566896
roll_0805,20240809,anchor_rts_fm,0.199174835642478,0.07995069052518466,0.31839898075977136
roll_0805,20240810,anchor_rts_fm,0.18386440722553843,0.09751199413793164,0.2702168203131452
roll_0805,20240811,anchor_rts_fm,0.1965037679291633,0.1052614364505289,0.2877460994077977
roll_0805,20240812,anchor_rts_fm,0.21334097939401991,0.11310207674224089,0.31357988204579895
roll_0805,20240813,anchor_rts_fm,0.22144653871193248,0.1037447171955193,0.33914836022834566
roll_0805,20240814,anchor_rts_fm,0.23052948046964158,0.1152420115463103,0.34581694939297286
roll_0805,20240815,anchor_rts_fm,0.23269231331497647,0.12118235158987592,0.344202275040077
roll_0805,20240816,anchor_rts_fm,0.20791488657301663,0.09376322769227798,0.3220665454537553
roll_0805,20240817,anchor_rts_fm,0.21089527043827075,0.1030320716094692,0.3187584692670723
roll_0805,20240818,anchor_rts_fm,0.1900620472054768,0.11732020456529925,0.26280388984565434
roll_0805,20240819,anchor_rts_fm,0.19289353072526594,0.08805166023845663,0.29773540121207526
roll_0805,20240820,anchor_rts_fm,0.20903190457249649,0.09189739969750663,0.32616640944748637
roll_0805,20240821,anchor_rts_fm,0.18311419423159725,0.08821042560629432,0.27801796285690017
roll_0805,20240822,anchor_rts_fm,0.20335648814771506,0.10411060303972046,0.30260237325570966
roll_0805,20240823,anchor_rts_fm,0.22807795736013056,0.1281824140373728,0.32797350068288833
roll_0805,20240824,anchor_rts_fm,0.22946045111851537,0.11000823431113985,0.34891266792589093
roll_0805,20240825,anchor_rts_fm,0.18248636090518178,0.09250478698358894,0.2724679348267746
roll_0805,20240826,anchor_rts_fm,0.1917617042824843,0.07827719891281729,0.30524620965215127
roll_0805,20240827,anchor_rts_fm,0.1884884365959181,0.07363022949801844,0.30334664369381775
roll_0805,20240828,anchor_rts_fm,0.18415687505496037,0.08646415505413466,0.28184959505578605
roll_0805,20240829,anchor_rts_fm,0.19143079436990784,0.08575038380444526,0.2971112049353704
roll_0805,20240830,anchor_rts_fm,0.18968746109884657,0.08106259730218311,0.29831232489551
roll_0805,20240831,anchor_rts_fm,0.19500181287967772,0.11079600925404068,0.2792076165053148
roll_0805,20240901,anchor_rts_fm,0.18496026249949538,0.10299781026264158,0.26692271473634915
roll_0805,20240902,anchor_rts_fm,0.1809081156738843,0.08306996751433703,0.27874626383343154
roll_0805,20240903,anchor_rts_fm,0.20597361029264444,0.08675638324667229,0.3251908373386166
roll_0805,20240904,anchor_rts_fm,0.20850538473251984,0.0895279947707837,0.32748277469425596
roll_0805,20240905,anchor_rts_fm,0.20153204228932883,0.08252068435384648,0.3205434002248112
roll_0805,20240906,anchor_rts_fm,0.17950713993457146,0.07957708887113177,0.2794371909980112
roll_0805,20240907,anchor_rts_fm,0.1912534171683613,0.10191640786359173,0.28059042647313087
roll_0805,20240908,anchor_rts_fm,0.19162648042252056,0.0967932412831795,0.2864597195618616
roll_0805,20240909,anchor_rts_fm,0.1948000897152315,0.07942039246611371,0.3101797869643493
roll_0805,20240910,anchor_rts_fm,0.184357441890482,0.08104035147769145,0.28767453230327256
roll_0805,20240911,anchor_rts_fm,0.21460462170401737,0.09610691623333835,0.3331023271746964
roll_0805,20240912,anchor_rts_fm,0.20349285991807867,0.08106347851701247,0.3259222413191449
roll_0805,20240913,anchor_rts_fm,0.1726739940406129,0.07827277934187524,0.2670752087393506
roll_0805,20240914,anchor_rts_fm,0.19741602801458005,0.09982006029885182,0.2950119957303083
roll_0805,20240915,anchor_rts_fm,0.2011734591368755,0.11109962197748119,0.29124729629626983
roll_0805,20240916,anchor_rts_fm,0.2430446214514039,0.14158460397405903,0.3445046389287488
roll_0805,20240917,anchor_rts_fm,0.19832773696388994,0.09575927871320003,0.30089619521457983
roll_0805,20240918,anchor_rts_fm,0.1862556342045489,0.08877915349585985,0.28373211491323796
roll_0805,20240919,anchor_rts_fm,0.19885284064422096,0.08340805730322515,0.31429762398521677
roll_0805,20240920,anchor_rts_fm,0.18715757737206268,0.08193574684375217,0.2923794079003732
roll_0805,20240921,anchor_rts_fm,0.22376677889255048,0.1456218370059061,0.30191172077919487
roll_0805,20240922,anchor_rts_fm,0.2482412729837853,0.1487384638672677,0.3477440821003029
roll_0805,20240923,anchor_rts_fm,0.2541545658022443,0.12873399834269672,0.37957513326179193
roll_0805,20240924,anchor_rts_fm,0.23201306701119218,0.09670112114670255,0.3673250128756818
roll_0805,20240925,anchor_rts_fm,0.21966771998040174,0.11124174921440563,0.3280936907463978
roll_0805,20240926,anchor_rts_fm,0.20469124065828861,0.09254434879378191,0.3168381325227953
roll_0805,20240927,anchor_rts_fm,0.19472740703094563,0.10155635155724564,0.2878984625046456
roll_0805,20240928,anchor_rts_fm,0.22169648869492667,0.10858136844488886,0.3348116089449645
roll_0805,20240929,anchor_rts_fm,0.2136312675641098,0.10424422178141834,0.32301831334680126
roll_0805,20240930,anchor_rts_fm,0.19982564938378727,0.10883128344861093,0.2908200153189636
roll_0805,20241001,anchor_rts_fm,0.21203923189336624,0.09826019140579377,0.3258182723809387
roll_0805,20241002,anchor_rts_fm,0.19838747545734486,0.1012156626565118,0.29555928825817795
roll_0805,20241003,anchor_rts_fm,0.18349680985963518,0.08196703182800616,0.28502658789126417
roll_0805,20240805,final,0.21946284994580867,0.09145059225574989,0.3474751076358674
roll_0805,20240806,final,0.19648947048765697,0.08961358327640347,0.3033653576989105
roll_0805,20240807,final,0.18037660114579956,0.07806686361547034,0.2826863386761288
roll_0805,20240808,final,0.19271842484177207,0.08880719466787518,0.29662965501566896
roll_0805,20240809,final,0.1992464850399028,0.08009398932003424,0.31839898075977136
roll_0805,20240810,final,0.18400593195591874,0.09779504359869229,0.2702168203131452
roll_0805,20240811,final,0.19659824853092994,0.10545039765406217,0.2877460994077977
roll_0805,20240812,final,0.21348655722725332,0.11339323240870768,0.31357988204579895
roll_0805,20240813,final,0.22159284727227044,0.10403733431619523,0.33914836022834566
roll_0805,20240814,final,0.23063561987595835,0.11545429035894385,0.34581694939297286
roll_0805,20240815,final,0.2332231678035796,0.12224406056708219,0.344202275040077
roll_0805,20240816,final,0.2079167246471762,0.09376690384059708,0.3220665454537553
roll_0805,20240817,final,0.21069428694321155,0.10263010461935079,0.3187584692670723
roll_0805,20240818,final,0.19005285219156498,0.11730181453747565,0.26280388984565434
roll_0805,20240819,final,0.1929976754982785,0.08825994978448173,0.29773540121207526
roll_0805,20240820,final,0.20869879698636845,0.09123118452525054,0.32616640944748637
roll_0805,20240821,final,0.18265820266277732,0.0872984424686545,0.27801796285690017
roll_0805,20240822,final,0.2032567212731925,0.10391106929067533,0.30260237325570966
roll_0805,20240823,final,0.22775477982184922,0.12753605896081013,0.32797350068288833
roll_0805,20240824,final,0.2292875032548567,0.10966233858382247,0.34891266792589093
roll_0805,20240825,final,0.18269417433677632,0.09292041384677802,0.2724679348267746
roll_0805,20240826,final,0.19140751495276553,0.07756882025337977,0.30524620965215127
roll_0805,20240827,final,0.1885326256113711,0.07371860752892447,0.30334664369381775
roll_0805,20240828,final,0.1838604678252535,0.08587134059472094,0.28184959505578605
roll_0805,20240829,final,0.19114967209539052,0.0851881392554106,0.2971112049353704
roll_0805,20240830,final,0.18990475877143984,0.08149719264736965,0.29831232489551
roll_0805,20240831,final,0.1944042809708314,0.109600945436348,0.2792076165053148
roll_0805,20240901,final,0.1850777241157919,0.10323273349523464,0.26692271473634915
roll_0805,20240902,final,0.18087877747100845,0.08301129110858532,0.27874626383343154
roll_0805,20240903,final,0.20575947744927958,0.08632811755994256,0.3251908373386166
roll_0805,20240904,final,0.2077754593393843,0.08806814398451265,0.32748277469425596
roll_0805,20240905,final,0.20156798419468058,0.08259256816454998,0.3205434002248112
roll_0805,20240906,final,0.17937952216112663,0.07932185332424208,0.2794371909980112
roll_0805,20240907,final,0.19079177613216253,0.10099312579119417,0.28059042647313087
roll_0805,20240908,final,0.1916676572174013,0.09687559487294098,0.2864597195618616
roll_0805,20240909,final,0.19465549529484463,0.07913120362533999,0.3101797869643493
roll_0805,20240910,final,0.18432246721039855,0.0809704021175245,0.2876745323032726
roll_0805,20240911,final,0.21491608476813012,0.09672984236156387,0.3331023271746964
roll_0805,20240912,final,0.20332766151015133,0.08073308170115778,0.3259222413191449
roll_0805,20240913,final,0.1728542768676087,0.07863334499586684,0.2670752087393506
roll_0805,20240914,final,0.19668766730547285,0.0983633388806374,0.2950119957303083
roll_0805,20240915,final,0.20042749340365318,0.10960769051103655,0.29124729629626983
roll_0805,20240916,final,0.24324094802721144,0.1419772571256741,0.3445046389287488
roll_0805,20240917,final,0.1982469964735295,0.09559779773247919,0.30089619521457983
roll_0805,20240918,final,0.18651508011286627,0.08929804531249458,0.28373211491323796
roll_0805,20240919,final,0.19889629710809073,0.0834949702309647,0.31429762398521677
roll_0805,20240920,final,0.1871028833934821,0.08182635888659102,0.2923794079003732
roll_0805,20240921,final,0.22460984622904095,0.14730797167888707,0.30191172077919487
roll_0805,20240922,final,0.24873331150016637,0.14972254090002987,0.3477440821003029
roll_0805,20240923,final,0.25467475272091794,0.12977437218004395,0.37957513326179193
roll_0805,20240924,final,0.23136043317866475,0.09539585348164771,0.3673250128756818
roll_0805,20240925,final,0.21891474810094205,0.1097358054554863,0.3280936907463978
roll_0805,20240926,final,0.20405154677181914,0.09126496102084299,0.3168381325227953
roll_0805,20240927,final,0.19476121555601697,0.10162396860738832,0.2878984625046456
roll_0805,20240928,final,0.22215053099949159,0.10948945305401869,0.3348116089449645
roll_0805,20240929,final,0.21372236300006797,0.10442641265333467,0.32301831334680126
roll_0805,20240930,final,0.19978837885068065,0.1087567423823977,0.2908200153189636
roll_0805,20241001,final,0.21163709403998465,0.09745591569903064,0.3258182723809387
roll_0805,20241002,final,0.19768010829264068,0.0998009283271034,0.29555928825817795
roll_0805,20241003,final,0.1830848677582863,0.08114314762530841,0.28502658789126417
roll_0819,20240819,april_mean,0.20036004806612923,0.09266005118582735,0.3080600449464311
roll_0819,20240820,april_mean,0.22927191597448482,0.10229480708441933,0.3562490248645503
roll_0819,20240821,april_mean,0.18693937550474166,0.0934430599325587,0.2804356910769246
roll_0819,20240822,april_mean,0.22154572115500754,0.10326155939545524,0.33982988291455984
roll_0819,20240823,april_mean,0.23692584354566143,0.12267612296898116,0.3511755641223417
roll_0819,20240824,april_mean,0.2564599952633251,0.14499614191600896,0.36792384861064126
roll_0819,20240825,april_mean,0.2246651659954279,0.1211833786867754,0.3281469533040804
roll_0819,20240826,april_mean,0.20756975399384264,0.08497964906017284,0.33015985892751243
roll_0819,20240827,april_mean,0.20204649483596931,0.0809984570685703,0.32309453260336835
roll_0819,20240828,april_mean,0.19889022907233356,0.09263601491527165,0.3051444432293955
roll_0819,20240829,april_mean,0.1962425844030094,0.09430871159008455,0.2981764572159342
roll_0819,20240830,april_mean,0.21167262846011128,0.08333552549248352,0.34000973142773905
roll_0819,20240831,april_mean,0.22837044031675707,0.14630525033397893,0.31043563029953525
roll_0819,20240901,april_mean,0.2096066670055111,0.12166000642840878,0.2975533275826134
roll_0819,20240902,april_mean,0.19092696392838887,0.08873122133144762,0.2931227065253301
roll_0819,20240903,april_mean,0.2298853573251176,0.09813085373093494,0.3616398609193003
roll_0819,20240904,april_mean,0.22872631445203662,0.10971006541378753,0.3477425634902857
roll_0819,20240905,april_mean,0.2178162713839542,0.09107421351060314,0.3445583292573053
roll_0819,20240906,april_mean,0.19276071872104023,0.08147891342052685,0.30404252402155363
roll_0819,20240907,april_mean,0.21680276917241487,0.1432054523178544,0.29040008602697537
roll_0819,20240908,april_mean,0.22783984810838928,0.12415623986707365,0.3315234563497049
roll_0819,20240909,april_mean,0.2017927971975763,0.08506331281076525,0.3185222815843874
roll_0819,20240910,april_mean,0.2067635410263182,0.08956591588655845,0.32396116616607795
roll_0819,20240911,april_mean,0.22758680103948983,0.09545739086708543,0.35971621121189423
roll_0819,20240912,april_mean,0.21826331272978824,0.0906624724526912,0.3458641530068853
roll_0819,20240913,april_mean,0.17358971900487358,0.08213036304752026,0.2650490749622269
roll_0819,20240914,april_mean,0.2303533059756565,0.13942788436566075,0.32127872758565224
roll_0819,20240915,april_mean,0.2543666569933816,0.16169782005837463,0.3470354939283886
roll_0819,20240916,april_mean,0.24271035678175665,0.15011307142642122,0.3353076421370921
roll_0819,20240917,april_mean,0.21618596602421042,0.10322599325346252,0.32914593879495835
roll_0819,20240918,april_mean,0.2026204867293312,0.09321948279523497,0.31202149066342744
roll_0819,20240919,april_mean,0.21207394765033327,0.08787569584041192,0.3362721994602546
roll_0819,20240920,april_mean,0.1969331538680418,0.08376009873217799,0.3101062090039056
roll_0819,20240921,april_mean,0.214165026368692,0.13182277665163447,0.29650727608574956
roll_0819,20240922,april_mean,0.25140533538078935,0.15046394571787106,0.3523467250437077
roll_0819,20240923,april_mean,0.26460441817448876,0.13983612088814115,0.3893727154608364
roll_0819,20240924,april_mean,0.25139169688511365,0.11330475730769296,0.3894786364625344
roll_0819,20240925,april_mean,0.2412048987826229,0.1328172992135104,0.3495924983517354
roll_0819,20240926,april_mean,0.22718668693782704,0.11154607326292294,0.34282730061273115
roll_0819,20240927,april_mean,0.20822452702674127,0.10532582976948422,0.3111232242839983
roll_0819,20240928,april_mean,0.22940017125991205,0.12226989447671784,0.3365304480431063
roll_0819,20240929,april_mean,0.23618551060458207,0.12006709521263403,0.3523039259965301
roll_0819,20240930,april_mean,0.21067666339629015,0.11801405969443926,0.303339267098141
roll_0819,20241001,april_mean,0.2434540988660945,0.11430144052741442,0.3726067572047746
roll_0819,20241002,april_mean,0.2191739030804713,0.12416682034686606,0.31418098581407655
roll_0819,20241003,april_mean,0.20273230005328677,0.1049879398456804,0.30047666026089315
roll_0819,20241004,april_mean,0.20776071516774977,0.09383932221368796,0.3216821081218116
roll_0819,20241005,april_mean,0.2328232564419493,0.12095071215184976,0.3446958007320488
roll_0819,20241006,april_mean,0.24477312891015984,0.1397062435225951,0.3498400142977246
roll_0819,20241007,april_mean,0.19752374245765145,0.090078295103894,0.3049691898114089
roll_0819,20241008,april_mean,0.22612832105974978,0.1018039262038863,0.3504527159156133
roll_0819,20241009,april_mean,0.22223987552130248,0.09690059070356152,0.3475791603390434
roll_0819,20241010,april_mean,0.1890418599246484,0.08734861830605088,0.2907351015432459
roll_0819,20241011,april_mean,0.2194089350717468,0.08068939000090514,0.35812848014258847
roll_0819,20241012,april_mean,0.2272003914168943,0.11598439226505522,0.33841639056873335
roll_0819,20241013,april_mean,0.23495050194159706,0.13858060671633066,0.33132039716686346
roll_0819,20241014,april_mean,0.2167433875333323,0.12142539733038847,0.3120613777362761
roll_0819,20241015,april_mean,0.22175103338551358,0.11313192979700572,0.33037013697402146
roll_0819,20241016,april_mean,0.20632422643925083,0.1020073540206858,0.3106410988578159
roll_0819,20241017,april_mean,0.20409853744708184,0.08679527800702433,0.3214017968871394
roll_0819,20240819,novdec_mean,0.23382851213886457,0.11767746336989174,0.3499795609078374
roll_0819,20240820,novdec_mean,0.24256005422914023,0.12701904874917616,0.3581010597091043
roll_0819,20240821,novdec_mean,0.21933365682108755,0.11810194941422786,0.32056536422794724
roll_0819,20240822,novdec_mean,0.2295080309255796,0.12011081301558865,0.33890524883557055
roll_0819,20240823,novdec_mean,0.2553995847985798,0.15318372218236,0.3576154474147996
roll_0819,20240824,novdec_mean,0.23228136470866095,0.11186538461205561,0.35269734480526627
roll_0819,20240825,novdec_mean,0.1926772184518132,0.0912235671133552,0.2941308697902712
roll_0819,20240826,novdec_mean,0.22826900533212707,0.11540485202434372,0.3411331586399104
roll_0819,20240827,novdec_mean,0.2260247354597483,0.11186270940461553,0.3401867615148811
roll_0819,20240828,novdec_mean,0.22075001338325942,0.12777181211209382,0.313728214654425
roll_0819,20240829,novdec_mean,0.22181292309046372,0.12295782581669445,0.320668020364233
roll_0819,20240830,novdec_mean,0.22826729027488435,0.1010448534010123,0.3554897271487564
roll_0819,20240831,novdec_mean,0.21179110753899533,0.11915482555445853,0.3044273895235321
roll_0819,20240901,novdec_mean,0.1960197367348846,0.09823510457932902,0.2938043688904402
roll_0819,20240902,novdec_mean,0.21476004697946272,0.12072377215728859,0.30879632180163685
roll_0819,20240903,novdec_mean,0.2538893702446412,0.12993829225985148,0.3778404482294309
roll_0819,20240904,novdec_mean,0.25660196605227364,0.14443832515011767,0.3687656069544296
roll_0819,20240905,novdec_mean,0.23241864831917605,0.11469726758794885,0.35014002905040326
roll_0819,20240906,novdec_mean,0.21388676839864432,0.10179053301923363,0.325983003778055
roll_0819,20240907,novdec_mean,0.19683658223860653,0.11218105161987181,0.28149211285734127
roll_0819,20240908,novdec_mean,0.20508411747473965,0.09402320830049293,0.31614502664898636
roll_0819,20240909,novdec_mean,0.21817382160387222,0.1045378569555034,0.33180978625224106
roll_0819,20240910,novdec_mean,0.23421156046593766,0.12097245727180776,0.34745066366006755
roll_0819,20240911,novdec_mean,0.2523437798615926,0.11863879125143925,0.386048768471746
roll_0819,20240912,novdec_mean,0.2449818494292687,0.12323439674257351,0.3667293021159639
roll_0819,20240913,novdec_mean,0.2007928060035331,0.09875070649218808,0.3028349055148781
roll_0819,20240914,novdec_mean,0.20673508517120587,0.10901501335416999,0.30445515698824177
roll_0819,20240915,novdec_mean,0.23027909060265,0.13030274273092324,0.3302554384743768
roll_0819,20240916,novdec_mean,0.24266995147611023,0.12857999519990748,0.356759907752313
roll_0819,20240917,novdec_mean,0.2397265379281711,0.12905543716488063,0.3503976386914616
roll_0819,20240918,novdec_mean,0.2372071456588329,0.11704903109196972,0.3573652602256961
roll_0819,20240919,novdec_mean,0.24431336731289854,0.12380009284343493,0.3648266417823621
roll_0819,20240920,novdec_mean,0.22044453104433748,0.1072897121267181,0.33359934996195684
roll_0819,20240921,novdec_mean,0.23060822505166412,0.14266942612447406,0.31854702397885415
roll_0819,20240922,novdec_mean,0.26504869652337293,0.15345267546388391,0.37664471758286194
roll_0819,20240923,novdec_mean,0.2868733991214986,0.15961649286604876,0.41413030537694845
roll_0819,20240924,novdec_mean,0.28844740417247366,0.15395077001015503,0.4229440383347923
roll_0819,20240925,novdec_mean,0.28524007096199533,0.1804135794610538,0.39006656246293686
roll_0819,20240926,novdec_mean,0.2644348377953696,0.15150963010097593,0.37736004548976326
roll_0819,20240927,novdec_mean,0.23361813414153243,0.13136318313332765,0.3358730851497372
roll_0819,20240928,novdec_mean,0.231623395725369,0.11191642996729644,0.35133036148344154
roll_0819,20240929,novdec_mean,0.24099662065838756,0.11806952349113412,0.363923717825641
roll_0819,20240930,novdec_mean,0.24296506013024965,0.156676503679539,0.3292536165809603
roll_0819,20241001,novdec_mean,0.27742526922652583,0.15133767877075585,0.40351285968229583
roll_0819,20241002,novdec_mean,0.2623840071797284,0.16269918021594645,0.36206883414351027
roll_0819,20241003,novdec_mean,0.2376243996144784,0.14744856613278504,0.32780023309617173
roll_0819,20241004,novdec_mean,0.23821943132657603,0.1319423808646474,0.3444964817885046
roll_0819,20241005,novdec_mean,0.22871979495206896,0.1032598829319288,0.35417970697220913
roll_0819,20241006,novdec_mean,0.23140686425170676,0.11975026563977156,0.343063462863642
roll_0819,20241007,novdec_mean,0.22849112540454197,0.12672097993962556,0.3302612708694584
roll_0819,20241008,novdec_mean,0.2479395368863702,0.13937555297175458,0.3565035208009858
roll_0819,20241009,novdec_mean,0.2522504333376234,0.1356550261363689,0.3688458405388779
roll_0819,20241010,novdec_mean,0.2208746549410951,0.11312752134427115,0.328621788537919
roll_0819,20241011,novdec_mean,0.25095915661411655,0.11318957384344332,0.38872873938478975
roll_0819,20241012,novdec_mean,0.2267909594018764,0.10678293666240125,0.3467989821413516
roll_0819,20241013,novdec_mean,0.21224565602027284,0.1114331057010107,0.31305820633953496
roll_0819,20241014,novdec_mean,0.22123325783230052,0.12104366753580996,0.32142284812879107
roll_0819,20241015,novdec_mean,0.25864740745183784,0.15606749035198628,0.36122732455168943
roll_0819,20241016,novdec_mean,0.24024762198555866,0.14770148631495003,0.3327937576561673
roll_0819,20241017,novdec_mean,0.23440472680558602,0.13343774290633464,0.3353717107048374
roll_0819,20240819,anchor,0.2244500820301669,0.10226992432818216,0.3466302397321516
roll_0819,20240820,anchor,0.2214810270941125,0.10240233400410341,0.34055972018412156
roll_0819,20240821,anchor,0.19625039137409525,0.09892432771402883,0.2935764550341617
roll_0819,20240822,anchor,0.21256383741794968,0.10598434628436203,0.3191433285515373
roll_0819,20240823,anchor,0.2422393550327653,0.13937775736164865,0.34510095270388197
roll_0819,20240824,anchor,0.22524557300770037,0.10235013462795657,0.3481410113874442
roll_0819,20240825,anchor,0.18061060558769063,0.08765295000330807,0.27356826117207317
roll_0819,20240826,anchor,0.20918758766443385,0.08826572499573535,0.3301094503331324
roll_0819,20240827,anchor,0.19726251242443923,0.07656585721096655,0.31795916763791193
roll_0819,20240828,anchor,0.19106864026818038,0.08982374674254671,0.29231353379381403
roll_0819,20240829,anchor,0.1961210341492135,0.08829888575814628,0.30394318254028074
roll_0819,20240830,anchor,0.20693669303461423,0.0811814320399127,0.3326919540293158
roll_0819,20240831,anchor,0.19856427123666576,0.10778740370910635,0.2893411387642252
roll_0819,20240901,anchor,0.17919059544996793,0.0936645959575625,0.2647165949423734
roll_0819,20240902,anchor,0.19229663082037082,0.08676221678693452,0.2978310448538071
roll_0819,20240903,anchor,0.21679952847149855,0.08852874584189635,0.34507031110110076
roll_0819,20240904,anchor,0.21631520974364213,0.09382082480651366,0.3388095946807706
roll_0819,20240905,anchor,0.20982504508699315,0.08619485825678365,0.33345523191720267
roll_0819,20240906,anchor,0.1916210393663162,0.08142976933699267,0.30181230939563974
roll_0819,20240907,anchor,0.18799711717245646,0.10004847405591348,0.2759457602889994
roll_0819,20240908,anchor,0.18654785996932163,0.09048060488408032,0.28261511505456294
roll_0819,20240909,anchor,0.2009522799479749,0.08425082406198618,0.3176537358339636
roll_0819,20240910,anchor,0.19631085336631524,0.08471797986765833,0.30790372686497214
roll_0819,20240911,anchor,0.2268701872654939,0.10318436619370616,0.3505560083372816
roll_0819,20240912,anchor,0.21428743892251637,0.08749333062739333,0.3410815472176394
roll_0819,20240913,anchor,0.17331305682150303,0.07987512342033583,0.26675099022267024
roll_0819,20240914,anchor,0.20265883126760753,0.09957230451727372,0.30574535801794134
roll_0819,20240915,anchor,0.19727763907594034,0.11215727765558635,0.2823980004962943
roll_0819,20240916,anchor,0.22839628739069512,0.13883974225772033,0.3179528325236699
roll_0819,20240917,anchor,0.20888147319900313,0.10298749260931024,0.31477545378869604
roll_0819,20240918,anchor,0.19563542380224788,0.09339577917994317,0.2978750684245526
roll_0819,20240919,anchor,0.2068545404129355,0.08348250436689274,0.33022657645897824
roll_0819,20240920,anchor,0.19421633720665404,0.08373622804680417,0.30469644636650395
roll_0819,20240921,anchor,0.2251362883600908,0.1486808468073466,0.301591729912835
roll_0819,20240922,anchor,0.2570436631433093,0.15587698183263482,0.35821034445398375
roll_0819,20240923,anchor,0.2563542921548436,0.13540097966955025,0.37730760464013696
roll_0819,20240924,anchor,0.2371580584325923,0.09699598367064702,0.37732013319453755
roll_0819,20240925,anchor,0.22521158388250456,0.11427410517241524,0.33614906259259386
roll_0819,20240926,anchor,0.2135743674295851,0.09517397497414798,0.33197475988502223
roll_0819,20240927,anchor,0.20219404192242563,0.10378494844252653,0.30060313540232475
roll_0819,20240928,anchor,0.2227856513970831,0.1132948532048932,0.332276449589273
roll_0819,20240929,anchor,0.21520958233879428,0.1067011843158214,0.3237179803617672
roll_0819,20240930,anchor,0.2055119279370277,0.11078716004712018,0.3002366958269352
roll_0819,20241001,anchor,0.22705522080488685,0.10405009182206737,0.35006034978770634
roll_0819,20241002,anchor,0.20698781100423014,0.10872321987633507,0.30525240213212523
roll_0819,20241003,anchor,0.19232032994261417,0.08981205251841426,0.29482860736681404
roll_0819,20241004,anchor,0.20468425771169446,0.09271530958538918,0.3166532058379997
roll_0819,20241005,anchor,0.21595167678788996,0.09460383534899866,0.3372995182267812
roll_0819,20241006,anchor,0.21519384849763445,0.10441868036052177,0.32596901663474714
roll_0819,20241007,anchor,0.1927770453187653,0.08555016016377481,0.3000039304737558
roll_0819,20241008,anchor,0.2159016718500543,0.08971212331438862,0.34209122038572
roll_0819,20241009,anchor,0.20913503905845232,0.08457008612453046,0.33369999199237416
roll_0819,20241010,anchor,0.18981395487776703,0.09130459157023689,0.28832331818529716
roll_0819,20241011,anchor,0.21807418232738174,0.07867163888448167,0.3574767257702818
roll_0819,20241012,anchor,0.2188444222116555,0.10085045437952168,0.33683839004378935
roll_0819,20241013,anchor,0.1995360824132426,0.10338376404709278,0.29568840077939246
roll_0819,20241014,anchor,0.20816895527710683,0.11368292467039107,0.3026549858838226
roll_0819,20241015,anchor,0.20986932445839024,0.09924053383541087,0.3204981150813696
roll_0819,20241016,anchor,0.19741642975536583,0.08879494988780884,0.3060379096229228
roll_0819,20241017,anchor,0.19565723603135846,0.07678993399815548,0.31452453806456143
roll_0819,20240819,anchor_rts,0.21256080497158722,0.10033088816210656,0.3247907217810679
roll_0819,20240820,anchor_rts,0.2141020291448437,0.10030450260202249,0.3278995556876649
roll_0819,20240821,anchor_rts,0.19531424636339362,0.09979703901209716,0.29083145371469005
roll_0819,20240822,anchor_rts,0.2088692428750281,0.10347265680698019,0.314265828943076
roll_0819,20240823,anchor_rts,0.24086502618722921,0.14672599269671624,0.33500405967774216
roll_0819,20240824,anchor_rts,0.22271870137956634,0.101914231562475,0.34352317119665765
roll_0819,20240825,anchor_rts,0.17625704860379413,0.0860611566123019,0.26645294059528635
roll_0819,20240826,anchor_rts,0.20148456624861633,0.08767834545727984,0.3152907870399528
roll_0819,20240827,anchor_rts,0.19162599204931463,0.07433751169438928,0.30891447240423997
roll_0819,20240828,anchor_rts,0.18863113706889292,0.0911741958402965,0.28608807829748933
roll_0819,20240829,anchor_rts,0.19229038540651722,0.08930419511999972,0.2952765756930347
roll_0819,20240830,anchor_rts,0.1985095471399171,0.08398840754931106,0.31303068673052314
roll_0819,20240831,anchor_rts,0.19324294118666097,0.10354049437942432,0.2829453879938976
roll_0819,20240901,anchor_rts,0.17639816431194288,0.09005021871212793,0.26274610991175784
roll_0819,20240902,anchor_rts,0.1865464803002259,0.08935154347370074,0.28374141712675105
roll_0819,20240903,anchor_rts,0.21298854072139864,0.09163268156936483,0.33434439987343245
roll_0819,20240904,anchor_rts,0.2117582241939838,0.09788488029146264,0.32563156809650495
roll_0819,20240905,anchor_rts,0.20736691645001612,0.08606123035178231,0.3286726025482499
roll_0819,20240906,anchor_rts,0.18495450844981196,0.08308610127189692,0.286822915627727
roll_0819,20240907,anchor_rts,0.18776894102313474,0.09949160044153234,0.27604628160473715
roll_0819,20240908,anchor_rts,0.18626352613770794,0.09167005786205808,0.2808569944133578
roll_0819,20240909,anchor_rts,0.19746514560179404,0.08266313485546256,0.3122671563481255
roll_0819,20240910,anchor_rts,0.19134121662072176,0.08541100612671863,0.2972714271147249
roll_0819,20240911,anchor_rts,0.22026704309873657,0.09980084656481217,0.340733239632661
roll_0819,20240912,anchor_rts,0.21149652311780634,0.08775032538225168,0.335242720853361
roll_0819,20240913,anchor_rts,0.17375139023825106,0.07743874741286715,0.27006403306363497
roll_0819,20240914,anchor_rts,0.19857075045006237,0.09688004745235222,0.3002614534477725
roll_0819,20240915,anchor_rts,0.1976684768976509,0.11027742201322699,0.2850595317820748
roll_0819,20240916,anchor_rts,0.23977883854865384,0.14098961732812634,0.3385680597691813
roll_0819,20240917,anchor_rts,0.20550010187244194,0.10302243736794936,0.3079777663769345
roll_0819,20240918,anchor_rts,0.1896468091192189,0.08897262235908353,0.2903209958793543
roll_0819,20240919,anchor_rts,0.20602402503924133,0.08571462162770219,0.3263334284507805
roll_0819,20240920,anchor_rts,0.19116209008835333,0.0850187149891175,0.29730546518758916
roll_0819,20240921,anchor_rts,0.2270721843828229,0.14866652285193474,0.3054778459137111
roll_0819,20240922,anchor_rts,0.2565964398532239,0.15690693283688661,0.3562859468695612
roll_0819,20240923,anchor_rts,0.2609947413457193,0.1369026536395764,0.38508682905186226
roll_0819,20240924,anchor_rts,0.23972923319755496,0.10378028705288114,0.37567817934222875
roll_0819,20240925,anchor_rts,0.22697617308426413,0.1211943240376751,0.33275802213085315
roll_0819,20240926,anchor_rts,0.21152194342140257,0.10072372060699405,0.3223201662358111
roll_0819,20240927,anchor_rts,0.20170760793774697,0.1062390088710542,0.29717620700443975
roll_0819,20240928,anchor_rts,0.22464066004444594,0.11115308915766187,0.33812823093123
roll_0819,20240929,anchor_rts,0.2170351103251576,0.10655279153141091,0.3275174291189043
roll_0819,20240930,anchor_rts,0.20656579922754043,0.114946959854473,0.29818463860060784
roll_0819,20241001,anchor_rts,0.22241744122336884,0.10648360830613211,0.33835127414060556
roll_0819,20241002,anchor_rts,0.20549844336496773,0.11181123562653622,0.29918565110339923
roll_0819,20241003,anchor_rts,0.19256289344276922,0.09485421498461005,0.2902715719009284
roll_0819,20241004,anchor_rts,0.20120807641389704,0.09628291041217613,0.30613324241561796
roll_0819,20241005,anchor_rts,0.21312557529312037,0.09253711480523769,0.33371403578100306
roll_0819,20241006,anchor_rts,0.21072376396936043,0.10099986280405265,0.3204476651346682
roll_0819,20241007,anchor_rts,0.19059874438294208,0.0865723794977582,0.29462510926812596
roll_0819,20241008,anchor_rts,0.21107634052686697,0.08991391282142581,0.33223876823230813
roll_0819,20241009,anchor_rts,0.20489896533130786,0.0873215607437297,0.322476369918886
roll_0819,20241010,anchor_rts,0.18693890447478692,0.08773299917138301,0.28614480977819085
roll_0819,20241011,anchor_rts,0.21165758235001925,0.07993923471366848,0.34337592998637
roll_0819,20241012,anchor_rts,0.21374234533485958,0.09778034594757869,0.3297043447221405
roll_0819,20241013,anchor_rts,0.19426940239095292,0.10061560404271615,0.2879232007391897
roll_0819,20241014,anchor_rts,0.21640947257269932,0.1130725712355074,0.31974637390989125
roll_0819,20241015,anchor_rts,0.20423202354116965,0.10050916838674591,0.3079548786955934
roll_0819,20241016,anchor_rts,0.19217355180610796,0.08786768619332028,0.2964794174188956
roll_0819,20241017,anchor_rts,0.1923339649355688,0.07931863003382217,0.30534929983731546
roll_0819,20240819,anchor_rts_fullgrid,0.2141779813599644,0.1001798145397798,0.328176148180149
roll_0819,20240820,anchor_rts_fullgrid,0.21760144070896997,0.0993479894662315,0.3358548919517084
roll_0819,20240821,anchor_rts_fullgrid,0.19150907515645016,0.09500443115790205,0.2880137191549983
roll_0819,20240822,anchor_rts_fullgrid,0.2092275424138855,0.10660149793247727,0.31185358689529374
roll_0819,20240823,anchor_rts_fullgrid,0.23711256138921816,0.1377283614165464,0.3364967613618899
roll_0819,20240824,anchor_rts_fullgrid,0.22374913214648987,0.104624988557024,0.3428732757359557
roll_0819,20240825,anchor_rts_fullgrid,0.1780226958373762,0.08608597202892189,0.26995941964583053
roll_0819,20240826,anchor_rts_fullgrid,0.20588014990635567,0.08813523279742637,0.323625067015285
roll_0819,20240827,anchor_rts_fullgrid,0.19566166798901702,0.07889052932675307,0.312432806651281
roll_0819,20240828,anchor_rts_fullgrid,0.18990226358482915,0.09328465110886341,0.2865198760607949
roll_0819,20240829,anchor_rts_fullgrid,0.19529905053125618,0.09121117638458524,0.2993869246779271
roll_0819,20240830,anchor_rts_fullgrid,0.20049927595267963,0.08197585701405413,0.31902269489130514
roll_0819,20240831,anchor_rts_fullgrid,0.19482586309309274,0.10855975989922945,0.28109196628695604
roll_0819,20240901,anchor_rts_fullgrid,0.17913641681886747,0.0932811719101221,0.26499166172761285
roll_0819,20240902,anchor_rts_fullgrid,0.18845957672818883,0.08867705514341552,0.28824209831296216
roll_0819,20240903,anchor_rts_fullgrid,0.21448993216776244,0.09160210405538351,0.3373777602801414
roll_0819,20240904,anchor_rts_fullgrid,0.2192997490809613,0.09899166945569604,0.3396078287062266
roll_0819,20240905,anchor_rts_fullgrid,0.20518974582113203,0.08532018271283015,0.3250593089294339
roll_0819,20240906,anchor_rts_fullgrid,0.18724020899311813,0.0825059143503775,0.29197450363585875
roll_0819,20240907,anchor_rts_fullgrid,0.18798708432142466,0.09966976883426233,0.276304399808587
roll_0819,20240908,anchor_rts_fullgrid,0.18525834961523024,0.08741782275683982,0.28309887647362064
roll_0819,20240909,anchor_rts_fullgrid,0.19692547014748804,0.08247949716550253,0.31137144312947357
roll_0819,20240910,anchor_rts_fullgrid,0.19235074680756126,0.08309340529811526,0.30160808831700725
roll_0819,20240911,anchor_rts_fullgrid,0.2229255798462776,0.09830607093963656,0.3475450887529186
roll_0819,20240912,anchor_rts_fullgrid,0.21022487032577633,0.08616394035393439,0.3342858002976183
roll_0819,20240913,anchor_rts_fullgrid,0.17332724205138503,0.07878689384969141,0.26786759025307866
roll_0819,20240914,anchor_rts_fullgrid,0.1979086932764612,0.0981396707680889,0.29767771578483354
roll_0819,20240915,anchor_rts_fullgrid,0.1992618951853063,0.11234442002156977,0.2861793703490428
roll_0819,20240916,anchor_rts_fullgrid,0.23478982694889872,0.13798475831661422,0.3315948955811832
roll_0819,20240917,anchor_rts_fullgrid,0.20278529597534845,0.09942563626121284,0.3061449556894841
roll_0819,20240918,anchor_rts_fullgrid,0.1900521903904197,0.08684148203143922,0.2932628987494002
roll_0819,20240919,anchor_rts_fullgrid,0.20564782428163503,0.08562736285840214,0.3256682857048679
roll_0819,20240920,anchor_rts_fullgrid,0.1911341772852712,0.08332945786314527,0.29893889670739715
roll_0819,20240921,anchor_rts_fullgrid,0.2239339174486914,0.14563096924224636,0.30223686565513647
roll_0819,20240922,anchor_rts_fullgrid,0.2518268204848999,0.15024778824717377,0.35340585272262603
roll_0819,20240923,anchor_rts_fullgrid,0.25813621681440846,0.1352620689741925,0.38101036465462446
roll_0819,20240924,anchor_rts_fullgrid,0.23837774603088918,0.10167801180983567,0.3750774802519427
roll_0819,20240925,anchor_rts_fullgrid,0.228145512873656,0.12219006647656296,0.33410095927074906
roll_0819,20240926,anchor_rts_fullgrid,0.2129294320051821,0.10111328602310495,0.3247455779872593
roll_0819,20240927,anchor_rts_fullgrid,0.20098078170131478,0.1062497215172629,0.29571184188536664
roll_0819,20240928,anchor_rts_fullgrid,0.22305079859431548,0.11080797856874167,0.3352936186198893
roll_0819,20240929,anchor_rts_fullgrid,0.21609926545040892,0.105356493305626,0.3268420375951918
roll_0819,20240930,anchor_rts_fullgrid,0.2058857569904725,0.11529992144197623,0.29647159253896876
roll_0819,20241001,anchor_rts_fullgrid,0.2246551498228259,0.10810877956326083,0.34120152008239096
roll_0819,20241002,anchor_rts_fullgrid,0.2056560390775986,0.11132897469251615,0.29998310346268103
roll_0819,20241003,anchor_rts_fullgrid,0.1926949764430427,0.0944011037912133,0.2909888490948721
roll_0819,20241004,anchor_rts_fullgrid,0.2015439420650679,0.09508247110006555,0.30800541303007023
roll_0819,20241005,anchor_rts_fullgrid,0.21334675071480633,0.09340732056204633,0.33328618086756634
roll_0819,20241006,anchor_rts_fullgrid,0.21380288397915856,0.10476183274188301,0.3228439352164341
roll_0819,20241007,anchor_rts_fullgrid,0.18912956389867758,0.08599529049361368,0.29226383730374145
roll_0819,20241008,anchor_rts_fullgrid,0.21081599677247426,0.09017466004529041,0.3314573334996581
roll_0819,20241009,anchor_rts_fullgrid,0.20476466228237367,0.08742246438004445,0.3221068601847029
roll_0819,20241010,anchor_rts_fullgrid,0.18524786475980337,0.08552149373951681,0.2849742357800899
roll_0819,20241011,anchor_rts_fullgrid,0.21199788039259984,0.08057898373504517,0.3434167770501545
roll_0819,20241012,anchor_rts_fullgrid,0.2151181371746269,0.09970150302911315,0.3305347713201407
roll_0819,20241013,anchor_rts_fullgrid,0.19617677417513063,0.10287036690804771,0.2894831814422136
roll_0819,20241014,anchor_rts_fullgrid,0.21593545323419594,0.1174846519544139,0.31438625451397795
roll_0819,20241015,anchor_rts_fullgrid,0.2061160590615032,0.10145854480429967,0.31077357331870675
roll_0819,20241016,anchor_rts_fullgrid,0.1944434387854577,0.09317979751212652,0.2957070800587889
roll_0819,20241017,anchor_rts_fullgrid,0.19011568163427736,0.07799561755109212,0.3022357457174626
roll_0819,20240819,anchor_rts_fm,0.21003662147567714,0.09528252117028639,0.3247907217810679
roll_0819,20240820,anchor_rts_fm,0.2115262529757345,0.09515295026380409,0.3278995556876649
roll_0819,20240821,anchor_rts_fm,0.1925296075524059,0.09422776139012175,0.29083145371469005
roll_0819,20240822,anchor_rts_fm,0.2080850596209575,0.101904290298839,0.314265828943076
roll_0819,20240823,anchor_rts_fm,0.23829168360210695,0.14157930752647177,0.33500405967774216
roll_0819,20240824,anchor_rts_fm,0.2226106306482581,0.1016980900998585,0.34352317119665765
roll_0819,20240825,anchor_rts_fm,0.1763955481586886,0.08633815572209085,0.26645294059528635
roll_0819,20240826,anchor_rts_fm,0.20023293671575904,0.08517508639156529,0.3152907870399528
roll_0819,20240827,anchor_rts_fm,0.19125212946363213,0.0735897865230243,0.30891447240423997
roll_0819,20240828,anchor_rts_fm,0.18746701241949493,0.08884594654150053,0.28608807829748933
roll_0819,20240829,anchor_rts_fm,0.19136112266702138,0.08744566964100804,0.2952765756930347
roll_0819,20240830,anchor_rts_fm,0.19777756481475348,0.08252444289898382,0.31303068673052314
roll_0819,20240831,anchor_rts_fm,0.19238008041241147,0.10181477283092531,0.2829453879938976
roll_0819,20240901,anchor_rts_fm,0.17576519984669742,0.088784289781637,0.26274610991175784
roll_0819,20240902,anchor_rts_fm,0.18622320045540836,0.08870498378406563,0.28374141712675105
roll_0819,20240903,anchor_rts_fm,0.2121591185838608,0.08997383729428914,0.33434439987343245
roll_0819,20240904,anchor_rts_fm,0.21210063240614846,0.09856969671579194,0.32563156809650495
roll_0819,20240905,anchor_rts_fm,0.20651204493618586,0.08435148732412177,0.3286726025482499
roll_0819,20240906,anchor_rts_fm,0.1839418665517338,0.08106081747574062,0.286822915627727
roll_0819,20240907,anchor_rts_fm,0.1880943288695095,0.10014237613428183,0.27604628160473715
roll_0819,20240908,anchor_rts_fm,0.1866988625474508,0.09254073068154378,0.2808569944133578
roll_0819,20240909,anchor_rts_fm,0.19642062080353165,0.08057408525893776,0.3122671563481255
roll_0819,20240910,anchor_rts_fm,0.1910161523083487,0.08476087750197255,0.2972714271147249
roll_0819,20240911,anchor_rts_fm,0.21905822029502806,0.0973832009573951,0.340733239632661
roll_0819,20240912,anchor_rts_fm,0.21156108209001376,0.08787944332666654,0.335242720853361
roll_0819,20240913,anchor_rts_fm,0.17342726254315857,0.07679049202268218,0.27006403306363497
roll_0819,20240914,anchor_rts_fm,0.19856078152132084,0.09686010959486915,0.3002614534477725
roll_0819,20240915,anchor_rts_fm,0.19947903836977005,0.11389854495746526,0.2850595317820748
roll_0819,20240916,anchor_rts_fm,0.24041129347570045,0.14225452718221956,0.3385680597691813
roll_0819,20240917,anchor_rts_fm,0.20421232070120637,0.1004468750254782,0.3079777663769345
roll_0819,20240918,anchor_rts_fm,0.18920066163714225,0.08808032739493023,0.2903209958793543
roll_0819,20240919,anchor_rts_fm,0.2063370135001916,0.08634059854960267,0.3263334284507805
roll_0819,20240920,anchor_rts_fm,0.19091447047814178,0.08452347576869441,0.29730546518758916
roll_0819,20240921,anchor_rts_fm,0.22591101093514668,0.14634417595658228,0.3054778459137111
roll_0819,20240922,anchor_rts_fm,0.25541010353078397,0.15453426019200675,0.3562859468695612
roll_0819,20240923,anchor_rts_fm,0.2615539290019818,0.1380210289521014,0.38508682905186226
roll_0819,20240924,anchor_rts_fm,0.24116388074657974,0.10664958215093073,0.37567817934222875
roll_0819,20240925,anchor_rts_fm,0.2296326495049218,0.12650727687899047,0.33275802213085315
roll_0819,20240926,anchor_rts_fm,0.2143472400253622,0.10637431381491333,0.3223201662358111
roll_0819,20240927,anchor_rts_fm,0.20262986028719573,0.1080835135699517,0.29717620700443975
roll_0819,20240928,anchor_rts_fm,0.22418616089218613,0.11024409085314223,0.33812823093123
roll_0819,20240929,anchor_rts_fm,0.21678537300419826,0.1060533168894922,0.3275174291189043
roll_0819,20240930,anchor_rts_fm,0.2078434069971611,0.11750217539371437,0.29818463860060784
roll_0819,20241001,anchor_rts_fm,0.22399826798368538,0.10964526182676518,0.33835127414060556
roll_0819,20241002,anchor_rts_fm,0.20893944371174059,0.11869323632008195,0.29918565110339923
roll_0819,20241003,anchor_rts_fm,0.1957300175322799,0.10118846316363138,0.2902715719009284
roll_0819,20241004,anchor_rts_fm,0.2016855837126904,0.09723792500976286,0.30613324241561796
roll_0819,20241005,anchor_rts_fm,0.21564126069678824,0.09756848561257339,0.33371403578100306
roll_0819,20241006,anchor_rts_fm,0.2150689941082543,0.10969032308184043,0.3204476651346682
roll_0819,20241007,anchor_rts_fm,0.19267544120512897,0.09072577314213195,0.29462510926812596
roll_0819,20241008,anchor_rts_fm,0.2146495332062089,0.09706029818010962,0.33223876823230813
roll_0819,20241009,anchor_rts_fm,0.20739578090052393,0.09231519188216188,0.322476369918886
roll_0819,20241010,anchor_rts_fm,0.18565421864120246,0.08516362750421409,0.28614480977819085
roll_0819,20241011,anchor_rts_fm,0.2133261254558003,0.08327632092523057,0.34337592998637
roll_0819,20241012,anchor_rts_fm,0.21476801692741898,0.09983168913269747,0.3297043447221405
roll_0819,20241013,anchor_rts_fm,0.19950652035914615,0.11108983997910259,0.2879232007391897
roll_0819,20241014,anchor_rts_fm,0.21737312581857032,0.11499987772724941,0.31974637390989125
roll_0819,20241015,anchor_rts_fm,0.20822976878504673,0.10850465887450003,0.3079548786955934
roll_0819,20241016,anchor_rts_fm,0.1955419815804857,0.09460454574207575,0.2964794174188956
roll_0819,20241017,anchor_rts_fm,0.19520208521913812,0.08505487060096076,0.30534929983731546
roll_0819,20240819,final,0.2102242449942444,0.09565776820742093,0.3247907217810679
roll_0819,20240820,final,0.21085673465425786,0.09381391362085084,0.3278995556876649
roll_0819,20240821,final,0.1919328150982174,0.09303417648174477,0.29083145371469005
roll_0819,20240822,final,0.2078676599097256,0.10146949087637526,0.314265828943076
roll_0819,20240823,final,0.23777426621090486,0.14054447274406756,0.33500405967774216
roll_0819,20240824,final,0.22265278400961172,0.10178239682256578,0.34352317119665765
roll_0819,20240825,final,0.1767019330440806,0.08695092549287484,0.26645294059528635
roll_0819,20240826,final,0.2000327705059572,0.08477475397196162,0.3152907870399528
roll_0819,20240827,final,0.19097187907626395,0.0730292857482879,0.30891447240423997
roll_0819,20240828,final,0.18696208087743674,0.08783608345738414,0.28608807829748933
roll_0819,20240829,final,0.1909642708773188,0.08665196606160286,0.2952765756930347
roll_0819,20240830,final,0.197744997149925,0.08245930756932683,0.31303068673052314
roll_0819,20240831,final,0.1919215880860107,0.10089778817812377,0.2829453879938976
roll_0819,20240901,final,0.1759164119622462,0.08908671401273455,0.26274610991175784
roll_0819,20240902,final,0.18634851166021693,0.08895560619368284,0.28374141712675105
roll_0819,20240903,final,0.211642025112965,0.08893965035249758,0.33434439987343245
roll_0819,20240904,final,0.21129204319859574,0.09695251830068649,0.32563156809650495
roll_0819,20240905,final,0.20635476768693525,0.0840369328256206,0.3286726025482499
roll_0819,20240906,final,0.18364959894463226,0.08047628226153754,0.286822915627727
roll_0819,20240907,final,0.1878080724500038,0.09956986329527043,0.27604628160473715
roll_0819,20240908,final,0.1868093426659811,0.0927616909186044,0.2808569944133578
roll_0819,20240909,final,0.19651663656443258,0.08076611678073961,0.3122671563481255
roll_0819,20240910,final,0.19061891737670972,0.08396640763869459,0.2972714271147249
roll_0819,20240911,final,0.21908911253492022,0.09744498543717943,0.340733239632661
roll_0819,20240912,final,0.2112533126313373,0.08726390440931357,0.335242720853361
roll_0819,20240913,final,0.17348194179767168,0.07689985053170836,0.27006403306363497
roll_0819,20240914,final,0.19799854943630002,0.09573564542482757,0.3002614534477725
roll_0819,20240915,final,0.1988272586999184,0.11259498561776198,0.2850595317820748
roll_0819,20240916,final,0.24081965942032157,0.14307125907146184,0.3385680597691813
roll_0819,20240917,final,0.20377417552572022,0.09957058467450591,0.3079777663769345
roll_0819,20240918,final,0.18914350580857364,0.08796601573779302,0.2903209958793543
roll_0819,20240919,final,0.20618634028432856,0.08603925211787662,0.3263334284507805
roll_0819,20240920,final,0.1907772383650735,0.08424901154255779,0.29730546518758916
roll_0819,20240921,final,0.2267377635479386,0.1479976811821661,0.3054778459137111
roll_0819,20240922,final,0.25587735714400606,0.1554687674184509,0.3562859468695612
roll_0819,20240923,final,0.26214550200905234,0.13920417496624243,0.38508682905186226
roll_0819,20240924,final,0.24027468331115293,0.1048711872800771,0.37567817934222875
roll_0819,20240925,final,0.2288256443989601,0.12489326666706707,0.33275802213085315
roll_0819,20240926,final,0.2136380708673009,0.10495597549879074,0.3223201662358111
roll_0819,20240927,final,0.20258406824677713,0.10799192948911458,0.2971762070044397
roll_0819,20240928,final,0.2246217782110525,0.11111532549087497,0.33812823093123
roll_0819,20240929,final,0.21683426185941096,0.10615109459991759,0.3275174291189043
roll_0819,20240930,final,0.2078973484516199,0.11761005830263194,0.29818463860060784
roll_0819,20241001,final,0.22332970926648338,0.10830814439236118,0.33835127414060556
roll_0819,20241002,final,0.20815587306440858,0.11712609502541795,0.29918565110339923
roll_0819,20241003,final,0.19518982971341425,0.10010808752590009,0.2902715719009284
roll_0819,20241004,final,0.20167559639708077,0.0972179503785436,0.30613324241561796
roll_0819,20241005,final,0.21535994666182623,0.09700585754264943,0.33371403578100306
roll_0819,20241006,final,0.2144176685126117,0.10838767189055522,0.3204476651346682
roll_0819,20241007,final,0.19298407884024524,0.09134304841236451,0.29462510926812596
roll_0819,20241008,final,0.2141377772692368,0.09603678630616545,0.33223876823230813
roll_0819,20241009,final,0.20691644702701423,0.09135652413514245,0.322476369918886
roll_0819,20241010,final,0.18576536853593292,0.08538592729367499,0.28614480977819085
roll_0819,20241011,final,0.21343216440913587,0.08348839883190175,0.34337592998637
roll_0819,20241012,final,0.2146378978077046,0.0995714508932687,0.3297043447221405
roll_0819,20241013,final,0.19897253085517264,0.11002186097115554,0.2879232007391897
roll_0819,20241014,final,0.21784032295666236,0.11593427200343347,0.31974637390989125
roll_0819,20241015,final,0.20726539688276252,0.10657591506993164,0.3079548786955934
roll_0819,20241016,final,0.19504534684051109,0.09361127626212655,0.2964794174188956
roll_0819,20241017,final,0.1947016625874966,0.08405402533767778,0.30534929983731546
