date,municipality,source,status,within_flow,denominator,share,reference_status
20231101,nanao,observed,observed,2599.37823827656,189190.25085714288,0.013739493586481601,not_applicable
20231101,wajima,observed,observed,840.9072601011557,189190.25085714288,0.004444770575076423,not_applicable
20231101,suzu,observed,observed,715.862670520376,189190.25085714288,0.0037838243105926335,not_applicable
20231101,anamizu,observed,observed,602.9905631111769,189190.25085714288,0.0031872179479612494,not_applicable
20231101,noto_cho,observed,observed,625.5247449825322,189190.25085714288,0.003306326526597105,not_applicable
20231101,shika,observed,observed,941.8080833911976,189190.25085714288,0.00497810050530751,not_applicable
20231101,nakanoto,observed,observed,1289.3777189516106,189190.25085714288,0.006815243983820375,not_applicable
20231101,hakui,observed,observed,342.841481328477,189190.25085714288,0.0018121519463883784,not_applicable
20231101,outside_grid,observed,observed,27581.33561540782,189190.25085714288,0.14578624157665726,not_applicable
20231102,nanao,observed,observed,2719.386948338753,189190.25085714288,0.014373821780024785,not_applicable
20231102,wajima,observed,observed,819.8709952590282,189190.25085714288,0.004333579513450251,not_applicable
20231102,suzu,observed,observed,743.0673900264549,189190.25085714288,0.003927619878190992,not_applicable
20231102,anamizu,observed,observed,577.4752216576562,189190.25085714288,0.0030523518999597205,not_applicable
20231102,noto_cho,observed,observed,622.1191898487617,189190.25085714288,0.0032883258361897437,not_applicable
20231102,shika,observed,observed,994.1522581079746,189190.25085714288,0.0052547753047732714,not_applicable
20231102,nakanoto,observed,observed,1259.119702427892,189190.25085714288,0.006655309651122828,not_applicable
20231102,hakui,observed,observed,346.165534117163,189190.25085714288,0.0018297218411034923,not_applicable
20231102,outside_grid,observed,observed,28493.837917337027,189190.25085714288,0.1506094409634916,not_applicable
20231103,nanao,observed,observed,2732.2570843337103,189190.25085714285,0.014441849259964414,not_applicable
20231103,wajima,observed,observed,801.8775077418115,189190.25085714285,0.004238471613145159,not_applicable
20231103,suzu,observed,observed,749.4575814021655,189190.25085714285,0.003961396414491143,not_applicable
20231103,anamizu,observed,observed,608.407980407938,189190.25085714285,0.0032158527072694964,not_applicable
20231103,noto_cho,observed,observed,674.1960405731564,189190.25085714285,0.0035635876453392963,not_applicable
20231103,shika,observed,observed,935.1378024124775,189190.25085714285,0.004942843503699342,not_applicable
20231103,nakanoto,observed,observed,1362.497041245735,189190.25085714285,0.007201729661400754,not_applicable
20231103,hakui,observed,observed,403.57027627751455,189190.25085714285,0.0021331452040953716,not_applicable
20231103,outside_grid,observed,observed,33410.334778785735,189190.25085714285,0.17659649282887102,not_applicable
20231104,nanao,observed,observed,2687.4406545080296,189190.25085714285,0.014204963745924256,not_applicable
20231104,wajima,observed,observed,787.0125221278137,189190.25085714285,0.004159899987246621,not_applicable
20231104,suzu,observed,observed,754.0822613335182,189190.25085714285,0.003985841014096039,not_applicable
20231104,anamizu,observed,observed,577.4186609716696,189190.25085714285,0.003052052938011469,not_applicable
20231104,noto_cho,observed,observed,669.7890780424605,189190.25085714285,0.0035402938312514673,not_applicable
20231104,shika,observed,observed,907.4461488692147,189190.25085714285,0.004796474156347651,not_applicable
20231104,nakanoto,observed,observed,1330.5689337921422,189190.25085714285,0.007032967754754192,not_applicable
20231104,hakui,observed,observed,377.7660106213506,189190.25085714285,0.0019967519938783786,not_applicable
20231104,outside_grid,observed,observed,32815.41909863224,189190.25085714285,0.17345195616560125,not_applicable
20231105,nanao,observed,observed,2548.190113025988,189190.25085714285,0.013468929299904153,not_applicable
20231105,wajima,observed,observed,826.4777831910671,189190.25085714285,0.004368500910837836,not_applicable
20231105,suzu,observed,observed,703.3602036334217,189190.25085714285,0.0037177402136039637,not_applicable
20231105,anamizu,observed,observed,547.9054587643884,189190.25085714285,0.002896055458894183,not_applicable
20231105,noto_cho,observed,observed,635.7851970524805,189190.25085714285,0.0033605600403403477,not_applicable
20231105,shika,observed,observed,964.8507696397987,189190.25085714285,0.005099896877711503,not_applicable
20231105,nakanoto,observed,observed,1331.410264797464,189190.25085714285,0.007037414765112865,not_applicable
20231105,hakui,observed,observed,332.0736809883775,189190.25085714285,0.0017552367496944945,not_applicable
20231105,outside_grid,observed,observed,30192.061724104395,189190.25085714285,0.15958571642733513,not_applicable
20231106,nanao,observed,observed,2585.0610497359717,189190.25085714285,0.013663817443151158,not_applicable
20231106,wajima,observed,observed,860.4988924606586,189190.25085714285,0.004548325765001598,not_applicable
20231106,suzu,observed,observed,738.8151807089439,189190.25085714285,0.0039051440407826387,not_applicable
20231106,anamizu,observed,observed,542.4776702096362,189190.25085714285,0.0028673658803870395,not_applicable
20231106,noto_cho,observed,observed,600.8937726779126,189190.25085714285,0.0031761349750080207,not_applicable
20231106,shika,observed,observed,960.7963700883939,189190.25085714285,0.005078466600342367,not_applicable
20231106,nakanoto,observed,observed,1276.5403544465853,189190.25085714285,0.006747389723641194,not_applicable
20231106,hakui,observed,observed,324.0608531841831,189190.25085714285,0.0017128834689736775,not_applicable
20231106,outside_grid,observed,observed,27246.260294635693,189190.25085714285,0.1440151391057105,not_applicable
20231107,nanao,observed,observed,2635.8126181377265,189190.25085714285,0.013932074227905237,not_applicable
20231107,wajima,observed,observed,854.5621429097428,189190.25085714285,0.004516945979182727,not_applicable
20231107,suzu,observed,observed,715.14448814338,189190.25085714285,0.0037800282250451908,not_applicable
20231107,anamizu,observed,observed,515.5394523384603,189190.25085714285,0.0027249789563826045,not_applicable
20231107,noto_cho,observed,observed,603.6498314653971,189190.25085714285,0.003190702632564359,not_applicable
20231107,shika,observed,observed,960.1367293216375,189190.25085714285,0.005074979947284042,not_applicable
20231107,nakanoto,observed,observed,1258.4096028946835,189190.25085714285,0.006651556288938514,not_applicable
20231107,hakui,observed,observed,331.81993841420905,189190.25085714285,0.001753895546471713,not_applicable
20231107,outside_grid,observed,observed,27291.72126233929,189190.25085714285,0.14425543144370168,not_applicable
20231108,nanao,observed,observed,2669.334478226481,189190.25085714288,0.014109260208350216,not_applicable
20231108,wajima,observed,observed,849.7590477415247,189190.25085714288,0.0044915583329036115,not_applicable
20231108,suzu,observed,observed,722.5341106499516,189190.25085714288,0.0038190874391066556,not_applicable
20231108,anamizu,observed,observed,535.5791561444942,189190.25085714288,0.002830902510663241,not_applicable
20231108,noto_cho,observed,observed,639.6089364736756,189190.25085714288,0.003380771121005822,not_applicable
20231108,shika,observed,observed,939.1549738043045,189190.25085714288,0.00496407700475781,not_applicable
20231108,nakanoto,observed,observed,1243.877612644136,189190.25085714288,0.006574744771512487,not_applicable
20231108,hakui,observed,observed,322.9402941510667,189190.25085714288,0.0017069605473218502,not_applicable
20231108,outside_grid,observed,observed,27552.262432676464,189190.25085714288,0.14563256990171822,not_applicable
20231109,nanao,observed,observed,2660.565766704162,189190.25085714285,0.014062911564682841,not_applicable
20231109,wajima,observed,observed,823.08621820064,189190.25085714285,0.004350574167916034,not_applicable
20231109,suzu,observed,observed,752.6463649097569,189190.25085714285,0.003978251318447051,not_applicable
20231109,anamizu,observed,observed,535.6797281910042,189190.25085714285,0.0028314341027831018,not_applicable
20231109,noto_cho,observed,observed,609.686156332058,189190.25085714285,0.0032226087420986122,not_applicable
20231109,shika,observed,observed,948.2135525274826,189190.25085714285,0.005011957795031821,not_applicable
20231109,nakanoto,observed,observed,1285.552090439517,189190.25085714285,0.006795022918016186,not_applicable
20231109,hakui,observed,observed,369.7349261344233,189190.25085714285,0.0019543022140903516,not_applicable
20231109,outside_grid,observed,observed,27862.479015632547,189190.25085714285,0.14727227692441427,not_applicable
20231110,nanao,observed,observed,2650.092709399779,189190.25085714285,0.014007554286720927,not_applicable
20231110,wajima,observed,observed,839.5799539859114,189190.25085714285,0.0044377548535515,not_applicable
20231110,suzu,observed,observed,692.0530618961512,189190.25085714285,0.0036579742283798706,not_applicable
20231110,anamizu,observed,observed,547.564929709901,189190.25085714285,0.002894255529706793,not_applicable
20231110,noto_cho,observed,observed,600.7922402778344,189190.25085714285,0.0031755983067620714,not_applicable
20231110,shika,observed,observed,960.5422030482132,189190.25085714285,0.005077123153526111,not_applicable
20231110,nakanoto,observed,observed,1285.101365645686,189190.25085714285,0.006792640528903698,not_applicable
20231110,hakui,observed,observed,327.5979225009826,189190.25085714285,0.0017315793018761367,not_applicable
20231110,outside_grid,observed,observed,28524.83921424848,189190.25085714285,0.1507733040419061,not_applicable
20231111,nanao,observed,observed,2677.5227193544797,189190.25085714288,0.01415254066857954,not_applicable
20231111,wajima,observed,observed,822.1366518641627,189190.25085714288,0.004345555059731678,not_applicable
20231111,suzu,observed,observed,666.5528176839904,189190.25085714288,0.0035231879796348642,not_applicable
20231111,anamizu,observed,observed,538.5277855925729,189190.25085714288,0.0028464880359993492,not_applicable
20231111,noto_cho,observed,observed,630.7675075090398,189190.25085714288,0.0033340381158716834,not_applicable
20231111,shika,observed,observed,894.4270916716056,189190.25085714288,0.004727659525896952,not_applicable
20231111,nakanoto,observed,observed,1323.0281629623914,189190.25085714288,0.006993109618324926,not_applicable
20231111,hakui,observed,observed,336.8755061297057,189190.25085714288,0.0017806176830120048,not_applicable
20231111,outside_grid,observed,observed,31002.41837363636,189190.25085714288,0.1638690061098667,not_applicable
20231112,nanao,observed,observed,2475.9014474267133,189190.25085714285,0.013086834211643713,not_applicable
20231112,wajima,observed,observed,788.2707557502416,189190.25085714285,0.004166550613358313,not_applicable
20231112,suzu,observed,observed,612.6573663723229,189190.25085714285,0.003238313621323644,not_applicable
20231112,anamizu,observed,observed,522.2159331409515,189190.25085714285,0.002760268728303953,not_applicable
20231112,noto_cho,observed,observed,622.3359977526123,189190.25085714285,0.003289471814393528,not_applicable
20231112,shika,observed,observed,944.6344227162517,189190.25085714285,0.00499303964362066,not_applicable
20231112,nakanoto,observed,observed,1377.48432611253,189190.25085714285,0.007280947722579349,not_applicable
20231112,hakui,observed,observed,343.5914140002759,189190.25085714285,0.0018161158539808748,not_applicable
20231112,outside_grid,observed,observed,30194.856478483714,189190.25085714285,0.15960048861758624,not_applicable
20231113,nanao,observed,observed,2624.6831246251354,189190.25085714285,0.013873247235170845,not_applicable
20231113,wajima,observed,observed,842.6775482389595,189190.25085714285,0.0044541277598667784,not_applicable
20231113,suzu,observed,observed,715.1937863967811,189190.25085714285,0.0037802888000651913,not_applicable
20231113,anamizu,observed,observed,552.7261085141904,189190.25085714285,0.0029215358931552592,not_applicable
20231113,noto_cho,observed,observed,573.3804544250547,189190.25085714285,0.003030708251758771,not_applicable
20231113,shika,observed,observed,936.5609387428897,189190.25085714285,0.004950365753519112,not_applicable
20231113,nakanoto,observed,observed,1250.329112269182,189190.25085714285,0.0066088453638834845,not_applicable
20231113,hakui,observed,observed,353.5944960242755,189190.25085714285,0.0018689889908295218,not_applicable
20231113,outside_grid,observed,observed,27524.930077185378,189190.25085714285,0.14548809969055643,not_applicable
20231114,nanao,observed,observed,2584.727108619648,189190.25085714285,0.013662052335727225,not_applicable
20231114,wajima,observed,observed,868.9629931102913,189190.25085714285,0.004593064331662859,not_applicable
20231114,suzu,observed,observed,715.2150150511553,189190.25085714285,0.0037804010080372094,not_applicable
20231114,anamizu,observed,observed,539.0083555123383,189190.25085714285,0.0028490281770350966,not_applicable
20231114,noto_cho,observed,observed,611.5291199379153,189190.25085714285,0.003232350066493012,not_applicable
20231114,shika,observed,observed,938.8124606197831,189190.25085714285,0.004962266588084807,not_applicable
20231114,nakanoto,observed,observed,1301.3173458248507,189190.25085714285,0.006878353086002685,not_applicable
20231114,hakui,observed,observed,331.8344391314947,189190.25085714285,0.0017539721926901097,not_applicable
20231114,outside_grid,observed,observed,27769.318685781313,189190.25085714285,0.14677986080133623,not_applicable
20231115,nanao,observed,observed,2630.5592543240036,189190.25085714285,0.013904306603569828,not_applicable
20231115,wajima,observed,observed,866.5475913203416,189190.25085714285,0.004580297279560509,not_applicable
20231115,suzu,observed,observed,714.7220731046879,189190.25085714285,0.003777795472370154,not_applicable
20231115,anamizu,observed,observed,552.0659407491371,189190.25085714285,0.002918046454550139,not_applicable
20231115,noto_cho,observed,observed,574.9086905714663,189190.25085714285,0.003038786026059972,not_applicable
20231115,shika,observed,observed,941.8695896569014,189190.25085714285,0.004978425608030432,not_applicable
20231115,nakanoto,observed,observed,1323.5995080240143,189190.25085714285,0.006996129568132247,not_applicable
20231115,hakui,observed,observed,338.8013023217015,189190.25085714285,0.001790796834333338,not_applicable
20231115,outside_grid,observed,observed,27833.989118636666,189190.25085714285,0.14712168831391872,not_applicable
20231116,nanao,observed,observed,2611.595084608482,189190.25085714285,0.01380406798329419,not_applicable
20231116,wajima,observed,observed,849.1719919387588,189190.25085714285,0.0044884553410733975,not_applicable
20231116,suzu,observed,observed,692.5891928653767,189190.25085714285,0.0036608080476004516,not_applicable
20231116,anamizu,observed,observed,567.5012262431873,189190.25085714285,0.0029996325057558395,not_applicable
20231116,noto_cho,observed,observed,608.9000940563902,189190.25085714285,0.0032184538648144688,not_applicable
20231116,shika,observed,observed,968.4165776973622,189190.25085714285,0.005118744614534136,not_applicable
20231116,nakanoto,observed,observed,1272.4704633110769,189190.25085714285,0.006725877562644159,not_applicable
20231116,hakui,observed,observed,331.1909425056227,189190.25085714285,0.0017505708724690273,not_applicable
20231116,outside_grid,observed,observed,28231.650880117453,189190.25085714285,0.1492236029722013,not_applicable
20231117,nanao,observed,observed,2608.1814833142953,189190.25085714285,0.013786024763420434,not_applicable
20231117,wajima,observed,observed,818.1337870876082,189190.25085714285,0.004324397178929581,not_applicable
20231117,suzu,observed,observed,708.1927687076981,189190.25085714285,0.003743283628512406,not_applicable
20231117,anamizu,observed,observed,543.9187225111335,189190.25085714285,0.0028749828283797002,not_applicable
20231117,noto_cho,observed,observed,627.3797453847313,189190.25085714285,0.0033161314737008537,not_applicable
20231117,shika,observed,observed,939.941766416643,189190.25085714285,0.004968235742371265,not_applicable
20231117,nakanoto,observed,observed,1226.514162229397,189190.25085714285,0.006482967048632623,not_applicable
20231117,hakui,observed,observed,302.1661709442484,189190.25085714285,0.001597155083706789,not_applicable
20231117,outside_grid,observed,observed,28847.895548920806,189190.25085714285,0.15248087794282691,not_applicable
20231118,nanao,observed,observed,2623.2819446007575,189190.25085714288,0.013865841039460283,not_applicable
20231118,wajima,observed,observed,765.0937692164457,189190.25085714288,0.004044044372001844,not_applicable
20231118,suzu,observed,observed,707.0350737938637,189190.25085714288,0.003737164418306862,not_applicable
20231118,anamizu,observed,observed,516.8463580056547,189190.25085714288,0.0027318868475729448,not_applicable
20231118,noto_cho,observed,observed,621.3933326811938,189190.25085714288,0.0032844891841197804,not_applicable
20231118,shika,observed,observed,860.3430880413936,189190.25085714288,0.00454750223197831,not_applicable
20231118,nakanoto,observed,observed,1291.3410903599204,189190.25085714288,0.006825621745884829,not_applicable
20231118,hakui,observed,observed,334.3023814723764,189190.25085714288,0.0017670169575746658,not_applicable
20231118,outside_grid,observed,observed,31593.43458030968,189190.25085714288,0.16699293138611995,not_applicable
20231119,nanao,observed,observed,2570.0641798710676,189190.25085714285,0.013584548718695433,not_applicable
20231119,wajima,observed,observed,790.8793261447854,189190.25085714285,0.004180338693783839,not_applicable
20231119,suzu,observed,observed,695.7431739110876,189190.25085714285,0.0036774789967187146,not_applicable
20231119,anamizu,observed,observed,525.8648145353138,189190.25085714285,0.002779555564585583,not_applicable
20231119,noto_cho,observed,observed,607.3338203201758,189190.25085714285,0.0032101750358097063,not_applicable
20231119,shika,observed,observed,950.5073256839319,189190.25085714285,0.005024081956536216,not_applicable
20231119,nakanoto,observed,observed,1420.2087102810578,189190.25085714285,0.007506775343056416,not_applicable
20231119,hakui,observed,observed,350.7545006595952,189190.25085714285,0.001853977670997694,not_applicable
20231119,outside_grid,observed,observed,29348.48860557046,189190.25085714285,0.15512685496533032,not_applicable
20231120,nanao,observed,observed,2696.8182643594314,189190.25085714285,0.014254530834127352,not_applicable
20231120,wajima,observed,observed,880.5437070638548,189190.25085714285,0.004654276333344213,not_applicable
20231120,suzu,observed,observed,721.6478650121448,189190.25085714285,0.0038144030241656565,not_applicable
20231120,anamizu,observed,observed,569.6136571020883,189190.25085714285,0.003010798149066372,not_applicable
20231120,noto_cho,observed,observed,607.7447382607035,189190.25085714285,0.003212347018449752,not_applicable
20231120,shika,observed,observed,989.8397366059007,189190.25085714285,0.005231980676178322,not_applicable
20231120,nakanoto,observed,observed,1244.8964799856344,189190.25085714285,0.006580130182953524,not_applicable
20231120,hakui,observed,observed,339.3568199771864,189190.25085714285,0.0017937331254633938,not_applicable
20231120,outside_grid,observed,observed,26510.02152962165,189190.25085714285,0.1401236131857519,not_applicable
20231121,nanao,observed,observed,2634.9655739765067,189190.25085714282,0.01392759701960628,not_applicable
20231121,wajima,observed,observed,855.5391775660723,189190.25085714282,0.0045221102762429775,not_applicable
20231121,suzu,observed,observed,723.2015208301373,189190.25085714282,0.0038226151588340845,not_applicable
20231121,anamizu,observed,observed,589.4770922421786,189190.25085714282,0.0031157900027697074,not_applicable
20231121,noto_cho,observed,observed,609.6843392288033,189190.25085714282,0.003222599137463879,not_applicable
20231121,shika,observed,observed,972.5232887974639,189190.25085714282,0.005140451394251886,not_applicable
20231121,nakanoto,observed,observed,1268.4009689398588,189190.25085714282,0.006704367498818033,not_applicable
20231121,hakui,observed,observed,360.7587917906259,189190.25085714282,0.0019068571988047848,not_applicable
20231121,outside_grid,observed,observed,27240.359489293165,189190.25085714282,0.14398394930964126,not_applicable
20231122,nanao,observed,observed,2605.3711856890773,189190.25085714285,0.013771170416473456,not_applicable
20231122,wajima,observed,observed,828.1608647514387,189190.25085714285,0.004377397149162729,not_applicable
20231122,suzu,observed,observed,697.601186001897,189190.25085714285,0.0036872998626586427,not_applicable
20231122,anamizu,observed,observed,570.7915207009438,189190.25085714285,0.003017023964580222,not_applicable
20231122,noto_cho,observed,observed,606.9100712847173,189190.25085714285,0.0032079352320484728,not_applicable
20231122,shika,observed,observed,978.753510081598,189190.25085714285,0.00517338237909866,not_applicable
20231122,nakanoto,observed,observed,1232.5702098123775,189190.25085714285,0.006514977406225274,not_applicable
20231122,hakui,observed,observed,373.0276535701189,189190.25085714285,0.0019717065328688174,not_applicable
20231122,outside_grid,observed,observed,27536.2500684209,189190.25085714285,0.14554793359417587,not_applicable
20231123,nanao,observed,observed,2583.6896960291742,189190.25085714285,0.013656568899948828,not_applicable
20231123,wajima,observed,observed,811.9775887716796,189190.25085714285,0.004291857456147686,not_applicable
20231123,suzu,observed,observed,723.1757794788166,189190.25085714285,0.0038224790981692025,not_applicable
20231123,anamizu,observed,observed,566.0324352432269,189190.25085714285,0.0029918689397512178,not_applicable
20231123,noto_cho,observed,observed,585.8599176031538,189190.25085714285,0.003096670758397246,not_applicable
20231123,shika,observed,observed,941.0671547746069,189190.25085714285,0.004974184190311184,not_applicable
20231123,nakanoto,observed,observed,1384.8652705755196,189190.25085714285,0.007319961067239286,not_applicable
20231123,hakui,observed,observed,345.9262879817001,189190.25085714285,0.0018284572614838822,not_applicable
20231123,outside_grid,observed,observed,29759.89090360128,189190.25085714285,0.15730139776638338,not_applicable
20231124,nanao,observed,observed,2623.7286218669906,189190.25085714285,0.013868202034618382,not_applicable
20231124,wajima,observed,observed,805.338787939279,189190.25085714285,0.004256766848664884,not_applicable
20231124,suzu,observed,observed,721.0568655660043,189190.25085714285,0.0038112791874802933,not_applicable
20231124,anamizu,observed,observed,545.2324128385201,189190.25085714285,0.0028819265811440985,not_applicable
20231124,noto_cho,observed,observed,584.675175113324,189190.25085714285,0.0030904085832351427,not_applicable
20231124,shika,observed,observed,953.5925536040272,189190.25085714285,0.00504038949831555,not_applicable
20231124,nakanoto,observed,observed,1214.7782082695194,189190.25085714285,0.006420934497236836,not_applicable
20231124,hakui,observed,observed,345.565693362834,189190.25085714285,0.0018265512720513802,not_applicable
20231124,outside_grid,observed,observed,29403.205647329356,189190.25085714285,0.15541607199163585,not_applicable
20231125,nanao,observed,observed,2642.887856333704,189190.25085714285,0.013969471705650112,not_applicable
20231125,wajima,observed,observed,794.7608630605918,189190.25085714285,0.004200855273777897,not_applicable
20231125,suzu,observed,observed,615.248639985554,189190.25085714285,0.003252010276418138,not_applicable
20231125,anamizu,observed,observed,566.1778246813046,189190.25085714285,0.0029926374224685834,not_applicable
20231125,noto_cho,observed,observed,599.305801258013,189190.25085714285,0.0031677414588902235,not_applicable
20231125,shika,observed,observed,947.563655020659,189190.25085714285,0.005008522641772711,not_applicable
20231125,nakanoto,observed,observed,1240.0215732369115,189190.25085714285,0.006554362963307497,not_applicable
20231125,hakui,observed,observed,361.9231441005378,189190.25085714285,0.0019130115979064121,not_applicable
20231125,outside_grid,observed,observed,32229.897836699067,189190.25085714285,0.17035707543427167,not_applicable
20231126,nanao,unavailable,missing_observation,,189190.25085714285,,not_applicable
20231126,wajima,unavailable,missing_observation,,189190.25085714285,,not_applicable
20231126,suzu,unavailable,missing_observation,,189190.25085714285,,not_applicable
20231126,anamizu,unavailable,missing_observation,,189190.25085714285,,not_applicable
20231126,noto_cho,unavailable,missing_observation,,189190.25085714285,,not_applicable
20231126,shika,unavailable,missing_observation,,189190.25085714285,,not_applicable
20231126,nakanoto,unavailable,missing_observation,,189190.25085714285,,not_applicable
20231126,hakui,unavailable,missing_observation,,189190.25085714285,,not_applicable
20231126,outside_grid,unavailable,missing_observation,,189190.25085714285,,not_applicable
20231127,nanao,observed,observed,2640.5052735553963,189190.25085714285,0.01395687812449298,not_applicable
20231127,wajima,observed,observed,864.0425442754159,189190.25085714285,0.004567056390912302,not_applicable
20231127,suzu,observed,observed,723.4791733683438,189190.25085714285,0.003824082742586146,not_applicable
20231127,anamizu,observed,observed,578.9422796087749,189190.25085714285,0.0030601063056147275,not_applicable
20231127,noto_cho,observed,observed,610.531786286124,189190.25085714285,0.003227078475344563,not_applicable
20231127,shika,observed,observed,958.711726236151,189190.25085714285,0.00506744783038568,not_applicable
20231127,nakanoto,observed,observed,1290.6995605622533,189190.25085714285,0.006822230821697349,not_applicable
20231127,hakui,observed,observed,330.1004109711667,189190.25085714285,0.0017448066667051718,not_applicable
20231127,outside_grid,observed,observed,27613.599711140843,189190.25085714285,0.14595677941138632,not_applicable
20231128,nanao,observed,observed,2712.804262532574,189190.25085714285,0.01433902777887327,not_applicable
20231128,wajima,observed,observed,845.5729132321286,189190.25085714285,0.004469431746092556,not_applicable
20231128,suzu,observed,observed,713.9351283031388,189190.25085714285,0.003773635930332529,not_applicable
20231128,anamizu,observed,observed,603.4020246826021,189190.25085714285,0.003189392804062772,not_applicable
20231128,noto_cho,observed,observed,615.6597941294308,189190.25085714285,0.0032541835075545946,not_applicable
20231128,shika,observed,observed,991.9200214973133,189190.25085714285,0.005242976406042772,not_applicable
20231128,nakanoto,observed,observed,1247.9475189867344,189190.25085714285,0.006596257012889406,not_applicable
20231128,hakui,observed,observed,353.0237600686764,189190.25085714285,0.001865972260564546,not_applicable
20231128,outside_grid,observed,observed,28394.963039630176,189190.25085714285,0.15008681954267902,not_applicable
20231129,nanao,observed,observed,2643.729371407037,189190.25085714282,0.013973919688934244,not_applicable
20231129,wajima,observed,observed,863.2362778665575,189190.25085714282,0.004562794720952009,not_applicable
20231129,suzu,observed,observed,705.3453677310661,189190.25085714282,0.0037282331649513534,not_applicable
20231129,anamizu,observed,observed,600.8791806477096,189190.25085714282,0.003176057846138342,not_applicable
20231129,noto_cho,observed,observed,624.9103757752497,189190.25085714282,0.0033030791647246046,not_applicable
20231129,shika,observed,observed,947.6433681905633,189190.25085714282,0.005008943980449219,not_applicable
20231129,nakanoto,observed,observed,1220.6258285443148,189190.25085714282,0.006451843173811356,not_applicable
20231129,hakui,observed,observed,329.48555964123295,189190.25085714282,0.0017415567564843858,not_applicable
20231129,outside_grid,observed,observed,27360.508677296562,189190.25085714282,0.1446190200252783,not_applicable
20231130,nanao,unavailable,missing_observation,,189190.25085714285,,not_applicable
20231130,wajima,unavailable,missing_observation,,189190.25085714285,,not_applicable
20231130,suzu,unavailable,missing_observation,,189190.25085714285,,not_applicable
20231130,anamizu,unavailable,missing_observation,,189190.25085714285,,not_applicable
20231130,noto_cho,unavailable,missing_observation,,189190.25085714285,,not_applicable
20231130,shika,unavailable,missing_observation,,189190.25085714285,,not_applicable
20231130,nakanoto,unavailable,missing_observation,,189190.25085714285,,not_applicable
20231130,hakui,unavailable,missing_observation,,189190.25085714285,,not_applicable
20231130,outside_grid,unavailable,missing_observation,,189190.25085714285,,not_applicable
20231201,nanao,unavailable,missing_observation,,189190.25085714285,,not_applicable
20231201,wajima,unavailable,missing_observation,,189190.25085714285,,not_applicable
20231201,suzu,unavailable,missing_observation,,189190.25085714285,,not_applicable
20231201,anamizu,unavailable,missing_observation,,189190.25085714285,,not_applicable
20231201,noto_cho,unavailable,missing_observation,,189190.25085714285,,not_applicable
20231201,shika,unavailable,missing_observation,,189190.25085714285,,not_applicable
20231201,nakanoto,unavailable,missing_observation,,189190.25085714285,,not_applicable
20231201,hakui,unavailable,missing_observation,,189190.25085714285,,not_applicable
20231201,outside_grid,unavailable,missing_observation,,189190.25085714285,,not_applicable
20231202,nanao,observed,observed,2691.0643707137874,189190.25085714285,0.014224117566955415,not_applicable
20231202,wajima,observed,observed,812.3273487525623,189190.25085714285,0.00429370617710079,not_applicable
20231202,suzu,observed,observed,679.1740147256453,189190.25085714285,0.0035898996467766627,not_applicable
20231202,anamizu,observed,observed,547.7294599113153,189190.25085714285,0.0028951251844626215,not_applicable
20231202,noto_cho,observed,observed,666.5553374634698,189190.25085714285,0.0035232012983945154,not_applicable
20231202,shika,observed,observed,844.3998201272589,189190.25085714285,0.004463231145905416,not_applicable
20231202,nakanoto,observed,observed,1307.084653073702,189190.25085714285,0.006908837253250849,not_applicable
20231202,hakui,observed,observed,379.3489851941577,189190.25085714285,0.00200511909823833,not_applicable
20231202,outside_grid,observed,observed,32405.42043204133,189190.25085714285,0.17128483251766813,not_applicable
20231203,nanao,unavailable,missing_observation,,189190.25085714285,,not_applicable
20231203,wajima,unavailable,missing_observation,,189190.25085714285,,not_applicable
20231203,suzu,unavailable,missing_observation,,189190.25085714285,,not_applicable
20231203,anamizu,unavailable,missing_observation,,189190.25085714285,,not_applicable
20231203,noto_cho,unavailable,missing_observation,,189190.25085714285,,not_applicable
20231203,shika,unavailable,missing_observation,,189190.25085714285,,not_applicable
20231203,nakanoto,unavailable,missing_observation,,189190.25085714285,,not_applicable
20231203,hakui,unavailable,missing_observation,,189190.25085714285,,not_applicable
20231203,outside_grid,unavailable,missing_observation,,189190.25085714285,,not_applicable
20231204,nanao,unavailable,missing_observation,,189190.25085714285,,not_applicable
20231204,wajima,unavailable,missing_observation,,189190.25085714285,,not_applicable
20231204,suzu,unavailable,missing_observation,,189190.25085714285,,not_applicable
20231204,anamizu,unavailable,missing_observation,,189190.25085714285,,not_applicable
20231204,noto_cho,unavailable,missing_observation,,189190.25085714285,,not_applicable
20231204,shika,unavailable,missing_observation,,189190.25085714285,,not_applicable
20231204,nakanoto,unavailable,missing_observation,,189190.25085714285,,not_applicable
20231204,hakui,unavailable,missing_observation,,189190.25085714285,,not_applicable
20231204,outside_grid,unavailable,missing_observation,,189190.25085714285,,not_applicable
20231205,nanao,unavailable,missing_observation,,189190.25085714285,,not_applicable
20231205,wajima,unavailable,missing_observation,,189190.25085714285,,not_applicable
20231205,suzu,unavailable,missing_observation,,189190.25085714285,,not_applicable
20231205,anamizu,unavailable,missing_observation,,189190.25085714285,,not_applicable
20231205,noto_cho,unavailable,missing_observation,,189190.25085714285,,not_applicable
20231205,shika,unavailable,missing_observation,,189190.25085714285,,not_applicable
20231205,nakanoto,unavailable,missing_observation,,189190.25085714285,,not_applicable
20231205,hakui,unavailable,missing_observation,,189190.25085714285,,not_applicable
20231205,outside_grid,unavailable,missing_observation,,189190.25085714285,,not_applicable
20231206,nanao,observed,observed,2601.666528683706,189190.25085714285,0.01375158876790231,not_applicable
20231206,wajima,observed,observed,840.5811321283591,189190.25085714285,0.004443046765465098,not_applicable
20231206,suzu,observed,observed,735.9671066010002,189190.25085714285,0.0038900900192617607,not_applicable
20231206,anamizu,observed,observed,540.7206456878547,189190.25085714285,0.002858078802887955,not_applicable
20231206,noto_cho,observed,observed,624.4118661097415,189190.25085714285,0.003300444199850623,not_applicable
20231206,shika,observed,observed,997.3534300987419,189190.25085714285,0.005271695690344221,not_applicable
20231206,nakanoto,observed,observed,1254.6741848319134,189190.25085714285,0.006631812047119252,not_applicable
20231206,hakui,observed,observed,316.9160432089461,189190.25085714285,0.0016751182567448929,not_applicable
20231206,outside_grid,observed,observed,27338.272615963717,189190.25085714285,0.14450148721778897,not_applicable
20231207,nanao,observed,observed,2682.9648493255345,189190.25085714285,0.014181306051290326,not_applicable
20231207,wajima,observed,observed,834.6545283931162,189190.25085714285,0.004411720607228128,not_applicable
20231207,suzu,observed,observed,717.5700949597912,189190.25085714285,0.0037928492176989965,not_applicable
20231207,anamizu,observed,observed,578.4773093773455,189190.25085714285,0.0030576486196117604,not_applicable
20231207,noto_cho,observed,observed,590.8019865808533,189190.25085714285,0.0031227929764043,not_applicable
20231207,shika,observed,observed,981.4746909523647,189190.25085714285,0.005187765682986879,not_applicable
20231207,nakanoto,observed,observed,1219.8495984519568,189190.25085714285,0.0064477402663473534,not_applicable
20231207,hakui,observed,observed,370.1315756989981,189190.25085714285,0.0019563987785950116,not_applicable
20231207,outside_grid,observed,observed,27421.13518412528,189190.25085714285,0.14493947262024046,not_applicable
20231208,nanao,observed,observed,2684.624205721279,189190.25085714282,0.014190076885877345,not_applicable
20231208,wajima,observed,observed,796.6278628816162,189190.25085714282,0.004210723646025229,not_applicable
20231208,suzu,observed,observed,721.4081087054167,189190.25085714282,0.003813135747941634,not_applicable
20231208,anamizu,observed,observed,565.707114957273,189190.25085714282,0.0029901493993178185,not_applicable
20231208,noto_cho,observed,observed,642.6806975987205,189190.25085714282,0.003397007481553621,not_applicable
20231208,shika,observed,observed,932.9393085972936,189190.25085714282,0.004931222958744075,not_applicable
20231208,nakanoto,observed,observed,1291.0126202521299,189190.25085714282,0.006823885556486581,not_applicable
20231208,hakui,observed,observed,340.82733174656227,189190.25085714282,0.0018015057869124572,not_applicable
20231208,outside_grid,observed,observed,27945.502765264442,189190.25085714282,0.14771111428128522,not_applicable
20231209,nanao,observed,observed,2755.2317482903454,189190.25085714285,0.014563286087985659,not_applicable
20231209,wajima,observed,observed,764.7851715767512,189190.25085714285,0.004042413222202654,not_applicable
20231209,suzu,observed,observed,658.7562951677394,189190.25085714285,0.0034819780204486585,not_applicable
20231209,anamizu,observed,observed,559.512456695121,189190.25085714285,0.0029574063893895238,not_applicable
20231209,noto_cho,observed,observed,620.1727212309355,189190.25085714285,0.003278037416945055,not_applicable
20231209,shika,observed,observed,910.1065064830856,189190.25085714285,0.004810535967682103,not_applicable
20231209,nakanoto,observed,observed,1269.5109786660691,189190.25085714285,0.00671023466016055,not_applicable
20231209,hakui,observed,observed,321.7323212525607,189190.25085714285,0.0017005755835457932,not_applicable
20231209,outside_grid,observed,observed,30068.14878818432,189190.25085714285,0.1589307517272056,not_applicable
20231210,nanao,observed,observed,2599.9634204745485,189190.25085714288,0.013742586675027852,not_applicable
20231210,wajima,observed,observed,784.4064397208407,189190.25085714288,0.0041461250575387425,not_applicable
20231210,suzu,observed,observed,630.6383765843608,189190.25085714288,0.003333355570528602,not_applicable
20231210,anamizu,observed,observed,547.0230481346329,189190.25085714288,0.0028913913145962723,not_applicable
20231210,noto_cho,observed,observed,606.2374253889682,189190.25085714288,0.0032043798379797948,not_applicable
20231210,shika,observed,observed,936.5968551507221,189190.25085714288,0.004950555596323746,not_applicable
20231210,nakanoto,observed,observed,1324.8033674877593,189190.25085714288,0.0070024927895894346,not_applicable
20231210,hakui,observed,observed,354.02414536073337,189190.25085714288,0.0018712599817210253,not_applicable
20231210,outside_grid,observed,observed,28954.6735357185,189190.25085714288,0.15304527270584417,not_applicable
20231211,nanao,observed,observed,2690.216355048663,189190.25085714285,0.014219635223593204,not_applicable
20231211,wajima,observed,observed,834.4350776121139,189190.25085714285,0.0044105606596092205,not_applicable
20231211,suzu,observed,observed,750.563454839068,189190.25085714285,0.003967241712712865,not_applicable
20231211,anamizu,observed,observed,570.8524487348733,189190.25085714285,0.0030173460109523442,not_applicable
20231211,noto_cho,observed,observed,624.4641240805208,189190.25085714285,0.0033007204190032623,not_applicable
20231211,shika,observed,observed,978.3401009083261,189190.25085714285,0.0051711972285880025,not_applicable
20231211,nakanoto,observed,observed,1269.4583089558362,189190.25085714285,0.006709956264683012,not_applicable
20231211,hakui,observed,observed,340.935227606442,189190.25085714285,0.0018020760904000359,not_applicable
20231211,outside_grid,observed,observed,26881.14699536021,189190.25085714285,0.14208526535364713,not_applicable
20231212,nanao,observed,observed,2655.957572346624,189190.25085714285,0.014038554102621979,not_applicable
20231212,wajima,observed,observed,848.8222394497159,189190.25085714285,0.004486606659719796,not_applicable
20231212,suzu,observed,observed,735.4314440810024,189190.25085714285,0.00388725867611606,not_applicable
20231212,anamizu,observed,observed,571.2439123519281,189190.25085714285,0.003019415164173936,not_applicable
20231212,noto_cho,observed,observed,618.4332029438949,189190.25085714285,0.003268842871881768,not_applicable
20231212,shika,observed,observed,959.4830758585632,189190.25085714285,0.005071524941224729,not_applicable
20231212,nakanoto,observed,observed,1308.0403359128638,189190.25085714285,0.006913888691339398,not_applicable
20231212,hakui,observed,observed,332.1775062951047,189190.25085714285,0.0017557855375218633,not_applicable
20231212,outside_grid,observed,observed,26869.231068342455,189190.25085714285,0.14202228152142657,not_applicable
20231213,nanao,observed,observed,2594.057797270247,189190.25085714285,0.01371137141326069,not_applicable
20231213,wajima,observed,observed,864.653686071283,189190.25085714285,0.004570286693705909,not_applicable
20231213,suzu,observed,observed,754.3711617793538,189190.25085714285,0.00398736805074051,not_applicable
20231213,anamizu,observed,observed,581.885424224521,189190.25085714285,0.003075662839856909,not_applicable
20231213,noto_cho,observed,observed,630.545169591925,189190.25085714285,0.003332862907761818,not_applicable
20231213,shika,observed,observed,971.4536043329406,189190.25085714285,0.005134797379525032,not_applicable
20231213,nakanoto,observed,observed,1262.057729747814,189190.25085714285,0.006670839136953157,not_applicable
20231213,hakui,observed,observed,354.16168546732695,189190.25085714285,0.001871986975347655,not_applicable
20231213,outside_grid,observed,observed,26925.284827761712,189190.25085714285,0.1423185640157163,not_applicable
20231214,nanao,unavailable,missing_observation,,189190.25085714285,,not_applicable
20231214,wajima,unavailable,missing_observation,,189190.25085714285,,not_applicable
20231214,suzu,unavailable,missing_observation,,189190.25085714285,,not_applicable
20231214,anamizu,unavailable,missing_observation,,189190.25085714285,,not_applicable
20231214,noto_cho,unavailable,missing_observation,,189190.25085714285,,not_applicable
20231214,shika,unavailable,missing_observation,,189190.25085714285,,not_applicable
20231214,nakanoto,unavailable,missing_observation,,189190.25085714285,,not_applicable
20231214,hakui,unavailable,missing_observation,,189190.25085714285,,not_applicable
20231214,outside_grid,unavailable,missing_observation,,189190.25085714285,,not_applicable
20231215,nanao,observed,observed,2689.8938918146564,189190.25085714285,0.014217930784635353,not_applicable
20231215,wajima,observed,observed,816.0020681825824,189190.25085714285,0.0043131295850902165,not_applicable
20231215,suzu,observed,observed,706.6242827950664,189190.25085714285,0.003734993106640769,not_applicable
20231215,anamizu,observed,observed,547.3648964127216,189190.25085714285,0.002893198216783568,not_applicable
20231215,noto_cho,observed,observed,579.2548512472019,189190.25085714285,0.003061758460717915,not_applicable
20231215,shika,observed,observed,964.6949322167866,189190.25085714285,0.005099073170240815,not_applicable
20231215,nakanoto,observed,observed,1255.4170876332125,189190.25085714285,0.006635738797033338,not_applicable
20231215,hakui,observed,observed,319.2803239249162,189190.25085714285,0.001687615098972537,not_applicable
20231215,outside_grid,observed,observed,26955.484091793376,189190.25085714285,0.14247818780126997,not_applicable
20231216,nanao,observed,observed,2703.7025134084283,189190.25085714285,0.014290918803474648,not_applicable
20231216,wajima,observed,observed,791.2045576160649,189190.25085714285,0.00418205776477088,not_applicable
20231216,suzu,observed,observed,656.7165938168087,189190.25085714285,0.0034711968023801287,not_applicable
20231216,anamizu,observed,observed,525.491940903858,189190.25085714285,0.002777584672165036,not_applicable
20231216,noto_cho,observed,observed,579.979343884292,189190.25085714285,0.0030655879003101123,not_applicable
20231216,shika,observed,observed,918.0781293472752,189190.25085714285,0.004852671452085097,not_applicable
20231216,nakanoto,observed,observed,1311.9498645034794,189190.25085714285,0.0069345532264986,not_applicable
20231216,hakui,observed,observed,330.6821698122887,189190.25085714285,0.00174788166046667,not_applicable
20231216,outside_grid,observed,observed,29353.184757691768,189190.25085714285,0.15515167734439073,not_applicable
20231217,nanao,observed,observed,2616.8897932223404,189190.25085714288,0.013832054143203964,not_applicable
20231217,wajima,observed,observed,769.7357928564028,189190.25085714288,0.004068580644980636,not_applicable
20231217,suzu,observed,observed,641.3228842615014,189190.25085714288,0.0033898305084745766,not_applicable
20231217,anamizu,observed,observed,543.0001291657351,189190.25085714288,0.002870127433658055,not_applicable
20231217,noto_cho,observed,observed,568.958184120975,189190.25085714288,0.0030073335256085372,not_applicable
20231217,shika,observed,observed,952.289787500805,189190.25085714288,0.005033503487554847,not_applicable
20231217,nakanoto,observed,observed,1321.7417778229358,189190.25085714288,0.006986310192172534,not_applicable
20231217,hakui,observed,observed,347.83793640021617,189190.25085714288,0.0018385616321364667,not_applicable
20231217,outside_grid,observed,observed,29285.66569801235,189190.25085714288,0.15479479288880424,not_applicable
20231218,nanao,observed,observed,2673.01480011599,189190.25085714285,0.01412871322917362,not_applicable
20231218,wajima,observed,observed,850.7761505269722,189190.25085714285,0.00449693441745786,not_applicable
20231218,suzu,observed,observed,746.5601655988409,189190.25085714285,0.003946081588329659,not_applicable
20231218,anamizu,observed,observed,556.6212355819508,189190.25085714285,0.0029421243064065407,not_applicable
20231218,noto_cho,observed,observed,629.4375799494807,189190.25085714285,0.0033270085382188517,not_applicable
20231218,shika,observed,observed,954.9921354551036,189190.25085714285,0.005047787246586063,not_applicable
20231218,nakanoto,observed,observed,1294.609106671915,189190.25085714285,0.0068428954494567035,not_applicable
20231218,hakui,observed,observed,341.9286011967339,189190.25085714285,0.0018073267499123062,not_applicable
20231218,outside_grid,observed,observed,26954.7613808756,189190.25085714285,0.14247436777928416,not_applicable
20231219,nanao,observed,observed,2713.8907498544568,189190.25085714285,0.014344770608204912,not_applicable
20231219,wajima,observed,observed,848.473960790536,189190.25085714285,0.004484765768566039,not_applicable
20231219,suzu,observed,observed,742.4506314536895,189190.25085714285,0.003924359886886097,not_applicable
20231219,anamizu,observed,observed,556.7421982250125,189190.25085714285,0.002942763676789072,not_applicable
20231219,noto_cho,observed,observed,607.1200403489344,189190.25085714285,0.003209045062302758,not_applicable
20231219,shika,observed,observed,963.1170730002967,189190.25085714285,0.005090733104041098,not_applicable
20231219,nakanoto,observed,observed,1238.6627988377925,189190.25085714285,0.0065471809103583465,not_applicable
20231219,hakui,observed,observed,345.557517838611,189190.25085714285,0.0018265080588087,not_applicable
20231219,outside_grid,observed,observed,26880.69711381815,189190.25085714285,0.14208288742169758,not_applicable
20231220,nanao,observed,observed,2712.3298490119705,189190.25085714285,0.014336520178621914,not_applicable
20231220,wajima,observed,observed,836.352553273798,189190.25085714285,0.00442069583123142,not_applicable
20231220,suzu,observed,observed,729.2818832639399,189190.25085714285,0.0038547540370598645,not_applicable
20231220,anamizu,observed,observed,587.2201750585181,189190.25085714285,0.003103860650313989,not_applicable
20231220,noto_cho,observed,observed,599.0427601709157,189190.25085714285,0.003166351106660626,not_applicable
20231220,shika,observed,observed,951.8134449763255,189190.25085714285,0.005030985691197364,not_applicable
20231220,nakanoto,observed,observed,1256.5310419055384,189190.25085714285,0.006641626808002608,not_applicable
20231220,hakui,observed,observed,312.15438433862454,189190.25085714285,0.001649949629668453,not_applicable
20231220,outside_grid,observed,observed,26781.587643000086,189190.25085714285,0.1415590260156841,not_applicable
20231221,nanao,observed,observed,2688.061037590859,189190.25085714285,0.014208242895246269,not_applicable
20231221,wajima,observed,observed,842.8122595344333,189190.25085714285,0.004454839801289967,not_applicable
20231221,suzu,observed,observed,727.8789651435105,189190.25085714285,0.00384733865432173,not_applicable
20231221,anamizu,observed,observed,546.9140528260798,189190.25085714285,0.002890815199769746,not_applicable
20231221,noto_cho,observed,observed,609.9790328457452,189190.25085714285,0.0032241567949837916,not_applicable
20231221,shika,observed,observed,929.8017388028335,189190.25085714285,0.0049146387543242106,not_applicable
20231221,nakanoto,observed,observed,1226.178435496161,189190.25085714285,0.006481192503000832,not_applicable
20231221,hakui,observed,observed,332.933331545395,189190.25085714285,0.0017597805914258881,not_applicable
20231221,outside_grid,observed,observed,27030.95192918764,189190.25085714285,0.1428770869890048,not_applicable
20231222,nanao,observed,observed,2685.377851516057,189190.25085714282,0.01419406041986688,not_applicable
20231222,wajima,observed,observed,773.8104064756054,189190.25085714282,0.004090117767537124,not_applicable
20231222,suzu,observed,observed,729.1525950853633,189190.25085714282,0.0038540706605222747,not_applicable
20231222,anamizu,observed,observed,571.7362317249655,189190.25085714282,0.003022017409114185,not_applicable
20231222,noto_cho,observed,observed,609.5161589314607,189190.25085714282,0.0032217101894521255,not_applicable
20231222,shika,observed,observed,945.0794098117182,189190.25085714282,0.004995391705069125,not_applicable
20231222,nakanoto,observed,observed,1283.2581941139638,189190.25085714282,0.0067828981054787515,not_applicable
20231222,hakui,observed,observed,313.76713903035625,189190.25085714282,0.0016584741423451106,not_applicable
20231222,outside_grid,observed,observed,27759.8186668589,189190.25085714282,0.14672964669738867,not_applicable
20231223,nanao,observed,observed,2699.7338199234546,189190.25085714285,0.014269941541343046,not_applicable
20231223,wajima,observed,observed,787.4566804680642,189190.25085714285,0.004162247668156384,not_applicable
20231223,suzu,observed,observed,672.9774245286623,189190.25085714285,0.0035571464252501365,not_applicable
20231223,anamizu,observed,observed,539.1437620095767,189190.25085714285,0.0028497438930755632,not_applicable
20231223,noto_cho,observed,observed,593.7067167288958,189190.25085714285,0.003138146463885195,not_applicable
20231223,shika,observed,observed,905.8479973118702,189190.25085714285,0.004788026831233889,not_applicable
20231223,nakanoto,observed,observed,1350.2787058464023,189190.25085714285,0.007137147393847449,not_applicable
20231223,hakui,observed,observed,294.53700651315626,189190.25085714285,0.0015568297265780386,not_applicable
20231223,outside_grid,observed,observed,29587.63726280587,189190.25085714285,0.15639091934577237,not_applicable
20231224,nanao,observed,observed,2632.2132784701175,189190.25085714282,0.013913049253566965,not_applicable
20231224,wajima,observed,observed,796.2188626576004,189190.25085714282,0.004208561799829864,not_applicable
20231224,suzu,observed,observed,670.3568067772173,189190.25085714282,0.0035432946662954765,not_applicable
20231224,anamizu,observed,observed,528.6834610150215,189190.25085714282,0.0027944540409443686,not_applicable
20231224,noto_cho,observed,observed,596.3264627610515,189190.25085714282,0.0031519936152066127,not_applicable
20231224,shika,observed,observed,896.6362599864591,189190.25085714282,0.0047393364928909965,not_applicable
20231224,nakanoto,observed,observed,1331.4990870007955,189190.25085714282,0.0070378842512673016,not_applicable
20231224,hakui,observed,observed,330.04758746669603,189190.25085714282,0.0017445274583197962,not_applicable
20231224,outside_grid,observed,observed,28661.156581919135,189190.25085714282,0.1514938346562113,not_applicable
20231225,nanao,observed,observed,2589.931167504593,189190.25085714288,0.013689559349758693,not_applicable
20231225,wajima,observed,observed,834.9132920082683,189190.25085714288,0.004413088350090034,not_applicable
20231225,suzu,observed,observed,728.4724720414579,189190.25085714288,0.0038504757446065534,not_applicable
20231225,anamizu,observed,observed,550.5559653455729,189190.25085714288,0.002910065200776632,not_applicable
20231225,noto_cho,observed,observed,590.9300694709149,189190.25085714288,0.0031234699821669184,not_applicable
20231225,shika,observed,observed,944.9278963115328,189190.25085714288,0.0049945908524908385,not_applicable
20231225,nakanoto,observed,observed,1303.6585726788062,189190.25085714288,0.0068907280727863495,not_applicable
20231225,hakui,observed,observed,332.84488711944607,189190.25085714288,0.0017593131020835553,not_applicable
20231225,outside_grid,observed,observed,27528.28121110787,189190.25085714288,0.1455058127276041,not_applicable
20231226,nanao,observed,observed,2703.498756057611,189190.25085714285,0.01428984180637837,not_applicable
20231226,wajima,observed,observed,829.0252233272856,189190.25085714285,0.00438196587599686,not_applicable
20231226,suzu,observed,observed,713.3157861584872,189190.25085714285,0.0037703622830814387,not_applicable
20231226,anamizu,observed,observed,556.4888650459269,189190.25085714285,0.0029414246374995846,not_applicable
20231226,noto_cho,observed,observed,619.8581638298425,189190.25085714285,0.0032763747657266764,not_applicable
20231226,shika,observed,observed,932.6412828655657,189190.25085714285,0.00492964768871627,not_applicable
20231226,nakanoto,observed,observed,1263.9030829207215,189190.25085714285,0.006680593091845373,not_applicable
20231226,hakui,observed,observed,352.7396387269557,189190.25085714285,0.0018644704847572123,not_applicable
20231226,outside_grid,observed,observed,27438.519385351246,189190.25085714285,0.14503136002536418,not_applicable
20231227,nanao,observed,observed,2689.212727656046,189190.25085714285,0.014214330365715644,not_applicable
20231227,wajima,observed,observed,853.9545159177969,189190.25085714285,0.004513734254534163,not_applicable
20231227,suzu,observed,observed,725.9289746651289,189190.25085714285,0.0038370316196328544,not_applicable
20231227,anamizu,observed,observed,573.167932611945,189190.25085714285,0.0030295849284789145,not_applicable
20231227,noto_cho,observed,observed,617.9044047628774,189190.25085714285,0.0032660478114670704,not_applicable
20231227,shika,observed,observed,938.6929307695628,189190.25085714285,0.004961634790993368,not_applicable
20231227,nakanoto,observed,observed,1295.2319852769933,189190.25085714285,0.006846187789322295,not_applicable
20231227,hakui,observed,observed,315.1843891065686,189190.25085714285,0.001665965279281561,not_applicable
20231227,outside_grid,observed,observed,27454.66667367217,189190.25085714285,0.14511670949896424,not_applicable
20231228,nanao,observed,observed,2732.176291711456,189190.25085714288,0.014441422215643216,not_applicable
20231228,wajima,observed,observed,834.6182550364606,189190.25085714288,0.004411528877704586,not_applicable
20231228,suzu,observed,observed,710.2472020023665,189190.25085714288,0.0037541427149894342,not_applicable
20231228,anamizu,observed,observed,559.7183590807256,189190.25085714288,0.0029584947244631946,not_applicable
20231228,noto_cho,observed,observed,644.4151434377985,189190.25085714288,0.0034061752152567044,not_applicable
20231228,shika,observed,observed,955.002433031933,189190.25085714288,0.005047841676329576,not_applicable
20231228,nakanoto,observed,observed,1294.6647381516295,189190.25085714288,0.00684318949991365,not_applicable
20231228,hakui,observed,observed,328.57684769523473,189190.25085714288,0.0017367535917236156,not_applicable
20231228,outside_grid,observed,observed,27865.436535186203,189190.25085714288,0.14728790944004472,not_applicable
20231229,nanao,observed,observed,2768.8713780748235,189190.25085714285,0.014635380869416957,not_applicable
20231229,wajima,observed,observed,819.4020689639318,189190.25085714285,0.004331100916942388,not_applicable
20231229,suzu,observed,observed,677.8790643107939,189190.25085714285,0.0035830549472798093,not_applicable
20231229,anamizu,observed,observed,566.9992173603291,189190.25085714285,0.0029969790451225154,not_applicable
20231229,noto_cho,observed,observed,645.5223089734308,189190.25085714285,0.003412027343104816,not_applicable
20231229,shika,observed,observed,957.9010777911484,189190.25085714285,0.005063162998364315,not_applicable
20231229,nakanoto,observed,observed,1302.9390015288204,189190.25085714285,0.006886924646622869,not_applicable
20231229,hakui,observed,observed,357.43630662395145,189190.25085714285,0.0018892955900452336,not_applicable
20231229,outside_grid,observed,observed,29931.409885112676,189190.25085714285,0.15820799300971286,not_applicable
20231230,nanao,observed,observed,2815.1019507647816,189190.25085714282,0.01487974109665122,not_applicable
20231230,wajima,observed,observed,877.332499138397,189190.25085714282,0.004637302900987583,not_applicable
20231230,suzu,observed,observed,799.611161273548,189190.25085714282,0.0042264924204647985,not_applicable
20231230,anamizu,observed,observed,634.2597890829938,189190.25085714282,0.003352497214890434,not_applicable
20231230,noto_cho,observed,observed,669.0434422841278,189190.25085714282,0.0035363526357884115,not_applicable
20231230,shika,observed,observed,987.2571005010316,189190.25085714282,0.005218329676228969,not_applicable
20231230,nakanoto,observed,observed,1425.4072721295593,189190.25085714282,0.00753425330148688,not_applicable
20231230,hakui,observed,observed,360.1191869992784,189190.25085714282,0.0019034764495936085,not_applicable
20231230,outside_grid,observed,observed,31035.06947128605,189190.25085714282,0.16404158951467626,not_applicable
20231231,nanao,observed,observed,2959.2397582560097,189190.25085714288,0.015641608089470346,not_applicable
20231231,wajima,observed,observed,1010.7040575318138,189190.25085714288,0.005342262896490338,not_applicable
20231231,suzu,observed,observed,1018.7178860882034,189190.25085714288,0.005384621466871646,not_applicable
20231231,anamizu,observed,observed,741.8668222268085,189190.25085714288,0.003921274055432119,not_applicable
20231231,noto_cho,observed,observed,883.1239069140968,189190.25085714288,0.004667914456019944,not_applicable
20231231,shika,observed,observed,1307.5362672604717,189190.25085714288,0.0069112243434139185,not_applicable
20231231,nakanoto,observed,observed,1617.7248579164457,189190.25085714288,0.008550783407639678,not_applicable
20231231,hakui,observed,observed,423.4507009196086,189190.25085714288,0.0022382268589482197,not_applicable
20231231,outside_grid,observed,observed,30819.795564256663,189190.25085714288,0.16290371953430421,not_applicable
20240101,nanao,observed,observed,3076.4559630666713,189190.25085714282,0.016261175980942576,not_applicable
20240101,wajima,observed,observed,1057.5349000915776,189190.25085714282,0.005589795960945789,not_applicable
20240101,suzu,observed,observed,1072.513861256622,189190.25085714282,0.005668970025662026,not_applicable
20240101,anamizu,observed,observed,919.4855553002184,189190.25085714282,0.004860110661804239,not_applicable
20240101,noto_cho,observed,observed,914.829932235407,189190.25085714282,0.004835502506554596,not_applicable
20240101,shika,observed,observed,1529.5745951846109,189190.25085714282,0.008084848919300761,not_applicable
20240101,nakanoto,observed,observed,1877.7342330748425,189190.25085714282,0.009925110964056577,not_applicable
20240101,hakui,observed,observed,569.8077794540702,189190.25085714282,0.003011824218597453,not_applicable
20240101,outside_grid,observed,observed,28496.157896935998,189190.25085714282,0.15062170364398633,not_applicable
20240102,nanao,observed,observed,2819.4471606168695,189190.2508571429,0.014902708505555222,not_applicable
20240102,wajima,observed,observed,844.256863737462,189190.2508571429,0.0044624755235139375,not_applicable
20240102,suzu,observed,observed,844.4617058735138,189190.2508571429,0.004463558254442851,not_applicable
20240102,anamizu,observed,observed,739.9922164870997,189190.2508571429,0.003911365480697343,not_applicable
20240102,noto_cho,observed,observed,647.6084131277412,189190.2508571429,0.0034230538317576876,not_applicable
20240102,shika,observed,observed,1283.5408245005303,189190.2508571429,0.0067843920005673485,not_applicable
20240102,nakanoto,observed,observed,1747.8155258619179,189190.2508571429,0.009238401650948119,not_applicable
20240102,hakui,observed,observed,402.1051130696682,189190.2508571429,0.0021254008134557463,not_applicable
20240102,outside_grid,observed,observed,29075.49763332745,189190.2508571429,0.15368391078080595,not_applicable
20240103,nanao,observed,observed,2604.0251733048667,189190.25085714285,0.01376405581951028,not_applicable
20240103,wajima,observed,observed,837.8713909042425,189190.25085714285,0.004428723927941284,not_applicable
20240103,suzu,observed,observed,829.813929045915,189190.25085714285,0.00438613472568682,not_applicable
20240103,anamizu,observed,observed,690.0117336858468,189190.25085714285,0.0036471844112457635,not_applicable
20240103,noto_cho,observed,observed,552.8255973706895,189190.25085714285,0.0029220617598743337,not_applicable
20240103,shika,observed,observed,1136.834618556724,189190.25085714285,0.006008949263538666,not_applicable
20240103,nakanoto,observed,observed,1564.0893817716637,189190.25085714285,0.008267283196070733,not_applicable
20240103,hakui,observed,observed,377.4449989998254,189190.25085714285,0.0019950552276863003,not_applicable
20240103,outside_grid,observed,observed,28108.403371593875,189190.25085714285,0.14857215551142997,not_applicable
20240104,nanao,observed,observed,2449.416385612353,189190.25085714288,0.012946842527641141,not_applicable
20240104,wajima,observed,observed,774.9749301461701,189190.25085714288,0.004096273072397118,not_applicable
20240104,suzu,observed,observed,701.8139926980352,189190.25085714288,0.0037095674302370547,not_applicable
20240104,anamizu,observed,observed,555.6887869884539,189190.25085714288,0.002937195677213057,not_applicable
20240104,noto_cho,observed,observed,527.7617624786823,189190.25085714288,0.002789582233162712,not_applicable
20240104,shika,observed,observed,1026.1214815474284,189190.25085714288,0.0054237545375541065,not_applicable
20240104,nakanoto,observed,observed,1483.5740097849593,189190.25085714288,0.007841704332350628,not_applicable
20240104,hakui,observed,observed,339.1560124443776,189190.25085714288,0.0017926717201748072,not_applicable
20240104,outside_grid,observed,observed,26332.234074914566,189190.25085714288,0.13918388477003488,not_applicable
20240105,nanao,observed,observed,2421.0136992826697,189190.25085714285,0.01279671488522298,not_applicable
20240105,wajima,observed,observed,687.1165474660701,189190.25085714285,0.0036318813699597573,not_applicable
20240105,suzu,observed,observed,627.0772374933065,189190.25085714285,0.003314532512390457,not_applicable
20240105,anamizu,observed,observed,523.7715041433453,189190.25085714285,0.002768490986033123,not_applicable
20240105,noto_cho,observed,observed,530.7284400608243,189190.25085714285,0.002805263155243534,not_applicable
20240105,shika,observed,observed,913.4552160141859,189190.25085714285,0.004828236190161479,not_applicable
20240105,nakanoto,observed,observed,1428.9355773517693,189190.25085714285,0.007552902810149322,not_applicable
20240105,hakui,observed,observed,347.942096365967,189190.25085714285,0.0018391121888658912,not_applicable
20240105,outside_grid,observed,observed,26190.862418975765,189190.25085714285,0.13843663878194457,not_applicable
20240106,nanao,observed,observed,2295.6262035182212,189190.25085714282,0.012133956126796639,not_applicable
20240106,wajima,observed,observed,681.7833518150396,189190.25085714282,0.0036036917797093726,not_applicable
20240106,suzu,observed,observed,651.8408295741018,189190.25085714282,0.003445425050291336,not_applicable
20240106,anamizu,observed,observed,553.1487003457473,189190.25085714282,0.0029237695803016237,not_applicable
20240106,noto_cho,observed,observed,568.1199614662163,189190.25085714282,0.003002902945010642,not_applicable
20240106,shika,observed,observed,935.5068297514083,189190.25085714282,0.0049447940658306315,not_applicable
20240106,nakanoto,observed,observed,1415.966117551721,189190.25085714282,0.007484350335900312,not_applicable
20240106,hakui,observed,observed,346.50589882769583,189190.25085714282,0.001831520901620569,not_applicable
20240106,outside_grid,observed,observed,27479.454301203896,189190.25085714282,0.14524772908067857,not_applicable
20240107,nanao,observed,observed,2298.362550909918,189190.25085714288,0.012148419596131336,not_applicable
20240107,wajima,observed,observed,642.5177447443496,189190.25085714288,0.0033961461641568054,not_applicable
20240107,suzu,observed,observed,678.8615623645289,189190.25085714288,0.0035882481221357213,not_applicable
20240107,anamizu,observed,observed,529.5959677441872,189190.25085714288,0.0027992772637321778,not_applicable
20240107,noto_cho,observed,observed,598.5980327470063,189190.25085714288,0.003164000417754117,not_applicable
20240107,shika,observed,observed,962.855224557139,189190.25085714288,0.005089349055751233,not_applicable
20240107,nakanoto,observed,observed,1474.944733673015,189190.25085714288,0.007796092700287935,not_applicable
20240107,hakui,observed,observed,369.7855471664421,189190.25085714288,0.001954569780900953,not_applicable
20240107,outside_grid,observed,observed,27209.746048144232,189190.25085714288,0.1438221363144671,not_applicable
20240108,nanao,observed,observed,2408.7716713304676,189190.25085714285,0.012732007386307267,not_applicable
20240108,wajima,observed,observed,676.5175592474911,189190.25085714285,0.0035758584609009696,not_applicable
20240108,suzu,observed,observed,633.1723201663366,189190.25085714285,0.0033467491971583864,not_applicable
20240108,anamizu,observed,observed,539.9489471185909,189190.25085714285,0.002853999847625897,not_applicable
20240108,noto_cho,observed,observed,615.4401769058645,189190.25085714285,0.0032530226801727857,not_applicable
20240108,shika,observed,observed,901.954281167179,189190.25085714285,0.004767445875676981,not_applicable
20240108,nakanoto,observed,observed,1404.779793857413,189190.25085714285,0.007425222956748227,not_applicable
20240108,hakui,observed,observed,378.07832940164815,189190.25085714285,0.0019984028124532395,not_applicable
20240108,outside_grid,observed,observed,25648.663803947304,189190.25085714285,0.13557074789923798,not_applicable
20240109,nanao,observed,observed,2327.331378055662,189190.25085714285,0.01230153968035607,not_applicable
20240109,wajima,observed,observed,674.2865149730212,189190.25085714285,0.0035640658644835433,not_applicable
20240109,suzu,observed,observed,628.8787726561957,189190.25085714285,0.0033240548591008568,not_applicable
20240109,anamizu,observed,observed,541.201221434683,189190.25085714285,0.002860618974723718,not_applicable
20240109,noto_cho,observed,observed,631.6475374316118,189190.25085714285,0.0033386896765022394,not_applicable
20240109,shika,observed,observed,872.8992415295423,189190.25085714285,0.004613870099409439,not_applicable
20240109,nakanoto,observed,observed,1402.6562352258386,189190.25085714285,0.007413998495540773,not_applicable
20240109,hakui,observed,observed,311.20916075677894,189190.25085714285,0.001644953475915481,not_applicable
20240109,outside_grid,observed,observed,23942.6165189339,189190.25085714285,0.1265531199967218,not_applicable
20240110,nanao,observed,observed,2331.501325433342,189190.25085714285,0.012323580707093907,not_applicable
20240110,wajima,observed,observed,661.4823985620558,189190.25085714285,0.0034963873432439165,not_applicable
20240110,suzu,observed,observed,658.6172379702684,189190.25085714285,0.0034812430079581053,not_applicable
20240110,anamizu,observed,observed,625.067131685788,189190.25085714285,0.0033039077270306852,not_applicable
20240110,noto_cho,observed,observed,625.3444052914446,189190.25085714285,0.0033053733078647948,not_applicable
20240110,shika,observed,observed,913.89380424502,189190.25085714285,0.004830554429229544,not_applicable
20240110,nakanoto,observed,observed,1370.0088855505592,189190.25085714285,0.0072414349013419825,not_applicable
20240110,hakui,observed,observed,338.5510725070295,189190.25085714285,0.0017894741984494154,not_applicable
20240110,outside_grid,observed,observed,23691.27353720977,189190.25085714285,0.1252246002628275,not_applicable
20240111,nanao,observed,observed,2327.5376376025697,189190.25085714285,0.012302629903271751,not_applicable
20240111,wajima,observed,observed,664.0575988796438,189190.25085714285,0.00350999903996677,not_applicable
20240111,suzu,observed,observed,655.3468237896792,189190.25085714285,0.0034639566300090703,not_applicable
20240111,anamizu,observed,observed,575.2818272180895,189190.25085714285,0.0030407583086957454,not_applicable
20240111,noto_cho,observed,observed,639.222623091234,189190.25085714285,0.0033787291903001368,not_applicable
20240111,shika,observed,observed,877.7495920440949,189190.25085714285,0.004639507522546084,not_applicable
20240111,nakanoto,observed,observed,1373.6150974313373,189190.25085714285,0.00726049620003174,not_applicable
20240111,hakui,observed,observed,353.4350658843095,189190.25085714285,0.001868146293390073,not_applicable
20240111,outside_grid,observed,observed,24498.7769370652,189190.25085714285,0.12949280856741488,not_applicable
20240112,nanao,observed,observed,2267.5224998908857,189190.25085714282,0.011985408812651173,not_applicable
20240112,wajima,observed,observed,609.8114230977443,189190.25085714282,0.003223270862715921,not_applicable
20240112,suzu,observed,observed,620.3477223146499,189190.25085714282,0.003278962417482459,not_applicable
20240112,anamizu,observed,observed,572.6571048065512,189190.25085714282,0.003026884853802342,not_applicable
20240112,noto_cho,observed,observed,613.5083701913952,189190.25085714282,0.003242811759125232,not_applicable
20240112,shika,observed,observed,867.3037881705413,189190.25085714282,0.0045842942976244624,not_applicable
20240112,nakanoto,observed,observed,1353.3599073083162,189190.25085714282,0.007153433653038685,not_applicable
20240112,hakui,observed,observed,338.2706590690731,189190.25085714282,0.0017879920214519964,not_applicable
20240112,outside_grid,observed,observed,24919.641579464413,189190.25085714282,0.13171736633660466,not_applicable
20240113,nanao,observed,observed,2222.4264156768972,189190.25085714285,0.011747045133710651,not_applicable
20240113,wajima,observed,observed,540.4129934108864,189190.25085714285,0.00285645264997799,not_applicable
20240113,suzu,observed,observed,563.802835030807,189190.25085714285,0.002980083976190366,not_applicable
20240113,anamizu,observed,observed,532.2901613838845,189190.25085714285,0.002813517921628085,not_applicable
20240113,noto_cho,observed,observed,540.9023206414284,189190.25085714285,0.002859039079396658,not_applicable
20240113,shika,observed,observed,860.8244639699672,189190.25085714285,0.004550046633322422,not_applicable
20240113,nakanoto,observed,observed,1367.669609365653,189190.25085714285,0.007229070225179718,not_applicable
20240113,hakui,observed,observed,359.55764900246226,189190.25085714285,0.0019005083368379455,not_applicable
20240113,outside_grid,observed,observed,26031.9150685106,189190.25085714285,0.137596493215537,not_applicable
20240114,nanao,observed,observed,2280.377385231029,189190.25085714285,0.01205335568243914,not_applicable
20240114,wajima,observed,observed,623.4784430270021,189190.25085714285,0.0032955104198143345,not_applicable
20240114,suzu,observed,observed,606.04893383695,189190.25085714285,0.0032033835310815053,not_applicable
20240114,anamizu,observed,observed,534.7373419507946,189190.25085714285,0.002826452946323189,not_applicable
20240114,noto_cho,observed,observed,594.2964647830867,189190.25085714285,0.0031412636861073706,not_applicable
20240114,shika,observed,observed,868.9855296183059,189190.25085714285,0.0045931834525367535,not_applicable
20240114,nakanoto,observed,observed,1417.5668817257701,189190.25085714285,0.0074928114704820165,not_applicable
20240114,hakui,observed,observed,371.9955247133952,189190.25085714285,0.001966251025240662,not_applicable
20240114,outside_grid,observed,observed,25550.46530627174,189190.25085714285,0.13505170160995686,not_applicable
20240115,nanao,observed,observed,2376.345631716396,189190.25085714285,0.012560613567296179,not_applicable
20240115,wajima,observed,observed,586.1062115961744,189190.25085714285,0.0030979725907691823,not_applicable
20240115,suzu,observed,observed,590.2577588213953,189190.25085714285,0.0031199163601040823,not_applicable
20240115,anamizu,observed,observed,503.997833141807,189190.25085714285,0.0026639735972567354,not_applicable
20240115,noto_cho,observed,observed,562.5807773199231,189190.25085714285,0.0029736245645380884,not_applicable
20240115,shika,observed,observed,913.8016725736042,189190.25085714285,0.004830067450270542,not_applicable
20240115,nakanoto,observed,observed,1314.656621319925,189190.25085714285,0.006948860289384676,not_applicable
20240115,hakui,observed,observed,356.0182387139363,189190.25085714285,0.001881800130297226,not_applicable
20240115,outside_grid,observed,observed,25031.523352956403,189190.25085714285,0.13230873810647703,not_applicable
20240116,nanao,observed,observed,2349.9704499404593,189190.25085714285,0.012421202674523207,not_applicable
20240116,wajima,observed,observed,542.2154478084963,189190.25085714285,0.0028659798554732186,not_applicable
20240116,suzu,observed,observed,578.2150738876064,189190.25085714285,0.0030562625255157326,not_applicable
20240116,anamizu,observed,observed,514.5447840613143,189190.25085714285,0.0027197214535639364,not_applicable
20240116,noto_cho,observed,observed,574.3282247993732,189190.25085714285,0.0030357178670535577,not_applicable
20240116,shika,observed,observed,884.6283436766366,189190.25085714285,0.0046758664342837495,not_applicable
20240116,nakanoto,observed,observed,1384.3660835923015,189190.25085714285,0.0073173225222775,not_applicable
20240116,hakui,observed,observed,362.86512559431884,189190.25085714285,0.0019179906150043509,not_applicable
20240116,outside_grid,observed,observed,25231.110680160546,189190.25085714285,0.13336369377306076,not_applicable
20240117,nanao,observed,observed,2311.31555220547,189190.25085714282,0.012216885075916199,not_applicable
20240117,wajima,observed,observed,541.9833094244888,189190.25085714282,0.002864752845186189,not_applicable
20240117,suzu,observed,observed,612.6168036783505,189190.25085714282,0.0032380992197157993,not_applicable
20240117,anamizu,observed,observed,473.55711186606027,189190.25085714282,0.00250307354486063,not_applicable
20240117,noto_cho,observed,observed,587.3248623765121,189190.25085714282,0.0031044139944610568,not_applicable
20240117,shika,observed,observed,894.2310737373674,189190.25085714282,0.004726623436915888,not_applicable
20240117,nakanoto,observed,observed,1354.0845519526135,189190.25085714282,0.00715726389609304,not_applicable
20240117,hakui,observed,observed,376.7119693539294,189190.25085714282,0.0019911806641579213,not_applicable
20240117,outside_grid,observed,observed,25279.34131653543,189190.25085714282,0.13361862570616184,not_applicable
20240118,nanao,unavailable,missing_observation,,189190.25085714285,,not_applicable
20240118,wajima,unavailable,missing_observation,,189190.25085714285,,not_applicable
20240118,suzu,unavailable,missing_observation,,189190.25085714285,,not_applicable
20240118,anamizu,unavailable,missing_observation,,189190.25085714285,,not_applicable
20240118,noto_cho,unavailable,missing_observation,,189190.25085714285,,not_applicable
20240118,shika,unavailable,missing_observation,,189190.25085714285,,not_applicable
20240118,nakanoto,unavailable,missing_observation,,189190.25085714285,,not_applicable
20240118,hakui,unavailable,missing_observation,,189190.25085714285,,not_applicable
20240118,outside_grid,unavailable,missing_observation,,189190.25085714285,,not_applicable
20240119,nanao,observed,observed,2312.2814650031546,189190.25085714285,0.012221990586339215,not_applicable
20240119,wajima,observed,observed,538.1718891753818,189190.25085714285,0.002844606879779203,not_applicable
20240119,suzu,observed,observed,570.5665242320192,189190.25085714285,0.003015834704203933,not_applicable
20240119,anamizu,observed,observed,525.634982387926,189190.25085714285,0.002778340744337994,not_applicable
20240119,noto_cho,observed,observed,567.9127264448936,189190.25085714285,0.0030018075660448447,not_applicable
20240119,shika,observed,observed,884.3552349924993,189190.25085714285,0.004674422867911275,not_applicable
20240119,nakanoto,observed,observed,1327.2649346369217,189190.25085714285,0.007015503857221145,not_applicable
20240119,hakui,observed,observed,376.47324469775907,189190.25085714285,0.0019899188409133895,not_applicable
20240119,outside_grid,observed,observed,25829.04782102007,189190.25085714285,0.13652420092472697,not_applicable
20240120,nanao,observed,observed,2252.6565276793226,189190.25085714285,0.011906831971909053,not_applicable
20240120,wajima,observed,observed,486.3229788450307,189190.25085714285,0.0025705498916656767,not_applicable
20240120,suzu,observed,observed,505.71415495053583,189190.25085714285,0.0026730455330512748,not_applicable
20240120,anamizu,observed,observed,500.986952815363,189190.25085714285,0.00264805903341001,not_applicable
20240120,noto_cho,observed,observed,555.6874346652207,189190.25085714285,0.002937188529258937,not_applicable
20240120,shika,observed,observed,852.2470135125967,189190.25085714285,0.004504708935325249,not_applicable
20240120,nakanoto,observed,observed,1372.2392483816143,189190.25085714285,0.007253223895864429,not_applicable
20240120,hakui,observed,observed,350.87416664538324,189190.25085714285,0.001854610187658811,not_applicable
20240120,outside_grid,observed,observed,27133.947308866427,189190.25085714285,0.14342148808373437,not_applicable
20240121,nanao,observed,observed,2269.452427526117,189190.25085714285,0.01199560980147849,not_applicable
20240121,wajima,observed,observed,542.7681311181171,189190.25085714285,0.0028689011651449217,not_applicable
20240121,suzu,observed,observed,560.2669349704724,189190.25085714285,0.002961394323608825,not_applicable
20240121,anamizu,observed,observed,499.6315448774269,189190.25085714285,0.0026408947745129724,not_applicable
20240121,noto_cho,observed,observed,598.6218713212747,189190.25085714285,0.0031641264209395907,not_applicable
20240121,shika,observed,observed,954.9056567337666,189190.25085714285,0.005047330147338373,not_applicable
20240121,nakanoto,observed,observed,1492.993875193696,189190.25085714285,0.007891494770103416,not_applicable
20240121,hakui,observed,observed,354.8594641686958,189190.25085714285,0.0018756752135005595,not_applicable
20240121,outside_grid,observed,observed,26117.98212195745,189190.25085714285,0.13805141651658934,not_applicable
20240122,nanao,observed,observed,2403.6110522696554,189190.25085714285,0.012704729981486291,not_applicable
20240122,wajima,observed,observed,514.0708127503999,189190.25085714285,0.0027172161906935345,not_applicable
20240122,suzu,observed,observed,552.3877884511252,189190.25085714285,0.0029197476399998646,not_applicable
20240122,anamizu,observed,observed,489.962284976977,189190.25085714285,0.002589786116129982,not_applicable
20240122,noto_cho,observed,observed,591.2547685877461,189190.25085714285,0.0031251862392962376,not_applicable
20240122,shika,observed,observed,966.6327960864775,189190.25085714285,0.005109316107500591,not_applicable
20240122,nakanoto,observed,observed,1378.494451166283,189190.25085714285,0.007286286925044468,not_applicable
20240122,hakui,observed,observed,344.30277687063153,189190.25085714285,0.0018198758937669247,not_applicable
20240122,outside_grid,observed,observed,25000.3599662275,189190.25085714285,0.13214401827240674,not_applicable
20240123,nanao,unavailable,missing_observation,,189190.25085714285,,not_applicable
20240123,wajima,unavailable,missing_observation,,189190.25085714285,,not_applicable
20240123,suzu,unavailable,missing_observation,,189190.25085714285,,not_applicable
20240123,anamizu,unavailable,missing_observation,,189190.25085714285,,not_applicable
20240123,noto_cho,unavailable,missing_observation,,189190.25085714285,,not_applicable
20240123,shika,unavailable,missing_observation,,189190.25085714285,,not_applicable
20240123,nakanoto,unavailable,missing_observation,,189190.25085714285,,not_applicable
20240123,hakui,unavailable,missing_observation,,189190.25085714285,,not_applicable
20240123,outside_grid,unavailable,missing_observation,,189190.25085714285,,not_applicable
20240124,nanao,unavailable,missing_observation,,189190.25085714285,,not_applicable
20240124,wajima,unavailable,missing_observation,,189190.25085714285,,not_applicable
20240124,suzu,unavailable,missing_observation,,189190.25085714285,,not_applicable
20240124,anamizu,unavailable,missing_observation,,189190.25085714285,,not_applicable
20240124,noto_cho,unavailable,missing_observation,,189190.25085714285,,not_applicable
20240124,shika,unavailable,missing_observation,,189190.25085714285,,not_applicable
20240124,nakanoto,unavailable,missing_observation,,189190.25085714285,,not_applicable
20240124,hakui,unavailable,missing_observation,,189190.25085714285,,not_applicable
20240124,outside_grid,unavailable,missing_observation,,189190.25085714285,,not_applicable
20240125,nanao,observed,observed,2432.2487142926316,189190.25085714285,0.012856099631313546,not_applicable
20240125,wajima,observed,observed,500.28420902744676,189190.25085714285,0.0026443445513754846,not_applicable
20240125,suzu,observed,observed,523.5597635954275,189190.25085714285,0.002767371792274679,not_applicable
20240125,anamizu,observed,observed,467.0067093238273,189190.25085714285,0.0024684501828609712,not_applicable
20240125,noto_cho,observed,observed,562.6327829103516,189190.25085714285,0.0029738994496877873,not_applicable
20240125,shika,observed,observed,928.9657080184537,189190.25085714285,0.004910219759261875,not_applicable
20240125,nakanoto,observed,observed,1327.5478954797825,189190.25085714285,0.007016999498997499,not_applicable
20240125,hakui,observed,observed,355.77012323588605,189190.25085714285,0.0018804886701298752,not_applicable
20240125,outside_grid,observed,observed,25839.79156761494,189190.25085714285,0.13658098898090953,not_applicable
20240126,nanao,observed,observed,2396.921770600296,189190.25085714285,0.012669372548219763,not_applicable
20240126,wajima,observed,observed,462.9571391028744,189190.25085714285,0.002447045431809551,not_applicable
20240126,suzu,observed,observed,524.8807572325306,189190.25085714285,0.0027743541480309522,not_applicable
20240126,anamizu,observed,observed,503.8414270371428,189190.25085714285,0.0026631468839141844,not_applicable
20240126,noto_cho,observed,observed,530.3013706889841,189190.25085714285,0.002803005801231341,not_applicable
20240126,shika,observed,observed,870.4218963803594,189190.25085714285,0.00460077563424562,not_applicable
20240126,nakanoto,observed,observed,1373.4364501783823,189190.25085714285,0.0072595519269936445,not_applicable
20240126,hakui,observed,observed,377.1460718430839,189190.25085714285,0.0019934751930101627,not_applicable
20240126,outside_grid,observed,observed,25682.40718265533,189190.25085714285,0.1357491047572428,not_applicable
20240127,nanao,observed,observed,2292.437244440053,189190.25085714285,0.012117100294830029,not_applicable
20240127,wajima,observed,observed,448.5707585566356,189190.25085714285,0.0023710035613587217,not_applicable
20240127,suzu,observed,observed,456.7863402151821,189190.25085714285,0.0024144285350099805,not_applicable
20240127,anamizu,observed,observed,479.789968859112,189190.25085714285,0.0025360184612335038,not_applicable
20240127,noto_cho,observed,observed,503.95344432542504,189190.25085714285,0.0026637389719725,not_applicable
20240127,shika,observed,observed,869.6918089835395,189190.25085714285,0.004596916622517944,not_applicable
20240127,nakanoto,observed,observed,1364.656440435496,189190.25085714285,0.007213143564495536,not_applicable
20240127,hakui,observed,observed,336.54888629480826,189190.25085714285,0.001778891273572736,not_applicable
20240127,outside_grid,observed,observed,27119.731708763662,189190.25085714285,0.1433463489048477,not_applicable
20240128,nanao,observed,observed,2317.501364106835,189190.25085714285,0.0122495813267713,not_applicable
20240128,wajima,observed,observed,499.2776016737571,189190.25085714285,0.0026390239423635022,not_applicable
20240128,suzu,observed,observed,545.7007682993739,189190.25085714285,0.0028844021604021836,not_applicable
20240128,anamizu,observed,observed,487.1892935152265,189190.25085714285,0.00257512895779763,not_applicable
20240128,noto_cho,observed,observed,569.7758021949345,189190.25085714285,0.003011655196890515,not_applicable
20240128,shika,observed,observed,918.8130024698135,189190.25085714285,0.0048565557596496195,not_applicable
20240128,nakanoto,observed,observed,1419.9190877305748,189190.25085714285,0.007505244489594512,not_applicable
20240128,hakui,observed,observed,344.0596616213662,189190.25085714285,0.0018185908632319797,not_applicable
20240128,outside_grid,observed,observed,26631.35553261455,189190.25085714285,0.14076494645976145,not_applicable
20240129,nanao,observed,observed,2466.841391421988,189190.25085714285,0.013038945612925346,not_applicable
20240129,wajima,observed,observed,534.6843776777409,189190.25085714285,0.0028261729938794783,not_applicable
20240129,suzu,observed,observed,566.5229488948333,189190.25085714285,0.0029944616402174636,not_applicable
20240129,anamizu,observed,observed,502.66069848845626,189190.25085714285,0.0026569059251790638,not_applicable
20240129,noto_cho,observed,observed,595.3997925568475,189190.25085714285,0.0031470955287565667,not_applicable
20240129,shika,observed,observed,991.3457450763866,189190.25085714285,0.005239940961994652,not_applicable
20240129,nakanoto,observed,observed,1374.4266935285536,189190.25085714285,0.00726478604104384,not_applicable
20240129,hakui,observed,observed,349.94662142972805,189190.25085714285,0.0018497074761741924,not_applicable
20240129,outside_grid,observed,observed,25091.01541473514,189190.25085714285,0.13262319438268155,not_applicable
20240130,nanao,observed,observed,2441.548982666267,189190.25085714285,0.0129052579168568,not_applicable
20240130,wajima,observed,observed,541.2195861295761,189190.25085714285,0.0028607160447091423,not_applicable
20240130,suzu,observed,observed,586.4677272848785,189190.25085714285,0.003099883448686365,not_applicable
20240130,anamizu,observed,observed,540.0166703115416,189190.25085714285,0.0028543578110655768,not_applicable
20240130,noto_cho,observed,observed,613.7646631556639,189190.25085714285,0.0032441664429057517,not_applicable
20240130,shika,observed,observed,940.0324458010542,189190.25085714285,0.004968715044999177,not_applicable
20240130,nakanoto,observed,observed,1397.6031165842223,189190.25085714285,0.007387289304032634,not_applicable
20240130,hakui,observed,observed,341.9982202658426,189190.25085714285,0.0018076947343554435,not_applicable
20240130,outside_grid,observed,observed,24907.204800280822,189190.25085714285,0.13165162944409964,not_applicable
20240131,nanao,observed,observed,2486.1253828825224,189190.25085714285,0.013140874710081072,not_applicable
20240131,wajima,observed,observed,501.8274721776921,189190.25085714285,0.0026525017536797968,not_applicable
20240131,suzu,observed,observed,599.5128567249884,189190.25085714285,0.003168835888788367,not_applicable
20240131,anamizu,observed,observed,525.11670293069,189190.25085714285,0.0027756012825798544,not_applicable
20240131,noto_cho,observed,observed,575.2070325661059,189190.25085714285,0.003040362967753785,not_applicable
20240131,shika,observed,observed,973.9889004200176,189190.25085714285,0.005148198155070234,not_applicable
20240131,nakanoto,observed,observed,1319.1685705090931,189190.25085714285,0.006972709029838934,not_applicable
20240131,hakui,observed,observed,349.8005492067338,189190.25085714285,0.0018489353844710925,not_applicable
20240131,outside_grid,observed,observed,25233.234597796716,189190.25085714285,0.1333749201318533,not_applicable
20240201,nanao,reconstructed,reconstructed,2427.315507990126,189190.25085714285,0.012830024258612495,provisional_md5_mismatch
20240201,wajima,reconstructed,reconstructed,522.8040361623409,189190.25085714285,0.0027633772554015437,provisional_md5_mismatch
20240201,suzu,reconstructed,reconstructed,568.1321757922748,189190.25085714285,0.0030029675060860837,provisional_md5_mismatch
20240201,anamizu,reconstructed,reconstructed,518.6372694681388,189190.25085714285,0.002741353040753462,provisional_md5_mismatch
20240201,noto_cho,reconstructed,reconstructed,578.6447214400921,189190.25085714285,0.003058533506977722,provisional_md5_mismatch
20240201,shika,reconstructed,reconstructed,946.6121628375995,189190.25085714285,0.005003493354170688,provisional_md5_mismatch
20240201,nakanoto,reconstructed,reconstructed,1346.9346616210141,189190.25085714285,0.007119471830702744,provisional_md5_mismatch
20240201,hakui,reconstructed,reconstructed,351.23658866009947,189190.25085714285,0.0018565258361294603,provisional_md5_mismatch
20240201,outside_grid,unavailable,outside_bucket_not_predicted,,189190.25085714285,,not_applicable
20240202,nanao,unavailable,excluded_by_challenge,,189190.25085714285,,not_applicable
20240202,wajima,unavailable,excluded_by_challenge,,189190.25085714285,,not_applicable
20240202,suzu,unavailable,excluded_by_challenge,,189190.25085714285,,not_applicable
20240202,anamizu,unavailable,excluded_by_challenge,,189190.25085714285,,not_applicable
20240202,noto_cho,unavailable,excluded_by_challenge,,189190.25085714285,,not_applicable
20240202,shika,unavailable,excluded_by_challenge,,189190.25085714285,,not_applicable
20240202,nakanoto,unavailable,excluded_by_challenge,,189190.25085714285,,not_applicable
20240202,hakui,unavailable,excluded_by_challenge,,189190.25085714285,,not_applicable
20240202,outside_grid,unavailable,excluded_by_challenge,,189190.25085714285,,not_applicable
20240203,nanao,reconstructed,reconstructed,2349.329265237338,189190.25085714285,0.01241781357439666,provisional_md5_mismatch
20240203,wajima,reconstructed,reconstructed,485.1741095573901,189190.25085714285,0.0025644773309368043,provisional_md5_mismatch
20240203,suzu,reconstructed,reconstructed,521.4213224964302,189190.25085714285,0.002756068667037998,provisional_md5_mismatch
20240203,anamizu,reconstructed,reconstructed,497.7383505905455,189190.25085714285,0.0026308879465802215,provisional_md5_mismatch
20240203,noto_cho,reconstructed,reconstructed,556.7895839588268,189190.25085714285,0.0029430141428336996,provisional_md5_mismatch
20240203,shika,reconstructed,reconstructed,895.8200525684556,189190.25085714285,0.004735022277891515,provisional_md5_mismatch
20240203,nakanoto,reconstructed,reconstructed,1360.9115826054783,189190.25085714285,0.007193349427043678,provisional_md5_mismatch
20240203,hakui,reconstructed,reconstructed,344.83878575378714,189190.25085714285,0.0018227090676790432,provisional_md5_mismatch
20240203,outside_grid,unavailable,outside_bucket_not_predicted,,189190.25085714285,,not_applicable
20240204,nanao,reconstructed,reconstructed,2337.9429943861205,189190.25085714285,0.012357629337631654,provisional_md5_mismatch
20240204,wajima,reconstructed,reconstructed,491.52125634337347,189190.25085714285,0.002598026347110878,provisional_md5_mismatch
20240204,suzu,reconstructed,reconstructed,528.6123400001625,189190.25085714285,0.0027940781176896716,provisional_md5_mismatch
20240204,anamizu,reconstructed,reconstructed,495.9146410648128,189190.25085714285,0.002621248393181089,provisional_md5_mismatch
20240204,noto_cho,reconstructed,reconstructed,557.2972876866056,189190.25085714285,0.0029456977046212578,provisional_md5_mismatch
20240204,shika,reconstructed,reconstructed,894.113171295236,189190.25085714285,0.0047260002417903605,provisional_md5_mismatch
20240204,nakanoto,reconstructed,reconstructed,1377.3357547848295,189190.25085714285,0.007280162421396929,provisional_md5_mismatch
20240204,hakui,reconstructed,reconstructed,346.2959349194992,189190.25085714285,0.0018304110986193812,provisional_md5_mismatch
20240204,outside_grid,unavailable,outside_bucket_not_predicted,,189190.25085714285,,not_applicable
20240205,nanao,reconstructed,reconstructed,2432.8577649474314,189190.25085714285,0.012859318880994968,provisional_md5_mismatch
20240205,wajima,reconstructed,reconstructed,534.2305378742361,189190.25085714285,0.002823774139808253,provisional_md5_mismatch
20240205,suzu,reconstructed,reconstructed,565.139441788505,189190.25085714285,0.0029871488579781024,provisional_md5_mismatch
20240205,anamizu,reconstructed,reconstructed,521.175389731456,189190.25085714285,0.0027547687440035926,provisional_md5_mismatch
20240205,noto_cho,reconstructed,reconstructed,579.8521654908919,189190.25085714285,0.00306491567543159,provisional_md5_mismatch
20240205,shika,reconstructed,reconstructed,953.2831286967717,189190.25085714285,0.0050387539758409315,provisional_md5_mismatch
20240205,nakanoto,reconstructed,reconstructed,1355.7387395809149,189190.25085714285,0.007166007410205457,provisional_md5_mismatch
20240205,hakui,reconstructed,reconstructed,353.0693075303372,189190.25085714285,0.001866213010082317,provisional_md5_mismatch
20240205,outside_grid,unavailable,outside_bucket_not_predicted,,189190.25085714285,,not_applicable
20240206,nanao,reconstructed,reconstructed,2462.2681892259466,189190.25085714285,0.01301477310839447,provisional_md5_mismatch
20240206,wajima,reconstructed,reconstructed,549.5518198222741,189190.25085714285,0.002904757604223695,provisional_md5_mismatch
20240206,suzu,reconstructed,reconstructed,574.7038377491835,189190.25085714285,0.0030377032386470124,provisional_md5_mismatch
20240206,anamizu,reconstructed,reconstructed,530.1733356671801,189190.25085714285,0.0028023290484852355,provisional_md5_mismatch
20240206,noto_cho,reconstructed,reconstructed,584.7818218696253,189190.25085714285,0.0030909722843551427,provisional_md5_mismatch
20240206,shika,reconstructed,reconstructed,959.8598801477377,189190.25085714285,0.005073516609862344,provisional_md5_mismatch
20240206,nakanoto,reconstructed,reconstructed,1342.1813996840172,189190.25085714285,0.007094347587167668,provisional_md5_mismatch
20240206,hakui,reconstructed,reconstructed,351.2602686353573,189190.25085714285,0.0018566510010105816,provisional_md5_mismatch
20240206,outside_grid,unavailable,outside_bucket_not_predicted,,189190.25085714285,,not_applicable
20240207,nanao,reconstructed,reconstructed,2458.5272789525193,189190.25085714285,0.012994999836481785,provisional_md5_mismatch
20240207,wajima,reconstructed,reconstructed,555.6308122457142,189190.25085714285,0.0029368892410067673,provisional_md5_mismatch
20240207,suzu,reconstructed,reconstructed,576.8943880898719,189190.25085714285,0.0030492817969012768,provisional_md5_mismatch
20240207,anamizu,reconstructed,reconstructed,533.1193588608385,189190.25085714285,0.0028179007979824275,provisional_md5_mismatch
20240207,noto_cho,reconstructed,reconstructed,585.5596677925573,189190.25085714285,0.003095083732589964,provisional_md5_mismatch
20240207,shika,reconstructed,reconstructed,961.0012609942576,189190.25085714285,0.005079549589053125,provisional_md5_mismatch
20240207,nakanoto,reconstructed,reconstructed,1345.9427161764243,189190.25085714285,0.007114228719918252,provisional_md5_mismatch
20240207,hakui,reconstructed,reconstructed,351.01363406413344,189190.25085714285,0.001855347368449673,provisional_md5_mismatch
20240207,outside_grid,unavailable,outside_bucket_not_predicted,,189190.25085714285,,not_applicable
20240208,nanao,reconstructed,reconstructed,2458.479277400944,189190.25085714285,0.012994746115418686,provisional_md5_mismatch
20240208,wajima,reconstructed,reconstructed,550.8336867662706,189190.25085714285,0.0029115331486198196,provisional_md5_mismatch
20240208,suzu,reconstructed,reconstructed,571.8195541645777,189190.25085714285,0.0030224578252520916,provisional_md5_mismatch
20240208,anamizu,reconstructed,reconstructed,533.0197759129308,189190.25085714285,0.0028173744339258415,provisional_md5_mismatch
20240208,noto_cho,reconstructed,reconstructed,584.2751965186801,189190.25085714285,0.003088294422527433,provisional_md5_mismatch
20240208,shika,reconstructed,reconstructed,955.891699012499,189190.25085714285,0.005052542055849859,provisional_md5_mismatch
20240208,nakanoto,reconstructed,reconstructed,1342.652001922489,189190.25085714285,0.007096835042183662,provisional_md5_mismatch
20240208,hakui,reconstructed,reconstructed,352.2366037231579,189190.25085714285,0.0018618116003722147,provisional_md5_mismatch
20240208,outside_grid,unavailable,outside_bucket_not_predicted,,189190.25085714285,,not_applicable
20240209,nanao,reconstructed,reconstructed,2434.8620377174325,189190.25085714285,0.012869912834758022,provisional_md5_mismatch
20240209,wajima,reconstructed,reconstructed,535.4279689988056,189190.25085714285,0.002830103383091902,provisional_md5_mismatch
20240209,suzu,reconstructed,reconstructed,555.6574729786962,189190.25085714285,0.00293703016123316,provisional_md5_mismatch
20240209,anamizu,reconstructed,reconstructed,525.523033269256,189190.25085714285,0.002777749016602749,provisional_md5_mismatch
20240209,noto_cho,reconstructed,reconstructed,576.1555461287527,189190.25085714285,0.0030453765113076917,provisional_md5_mismatch
20240209,shika,reconstructed,reconstructed,942.7198129206348,189190.25085714285,0.004982919620062667,provisional_md5_mismatch
20240209,nakanoto,reconstructed,reconstructed,1338.4328906710427,189190.25085714285,0.007074534150714196,provisional_md5_mismatch
20240209,hakui,reconstructed,reconstructed,348.69880406327906,189190.25085714285,0.0018431119071065706,provisional_md5_mismatch
20240209,outside_grid,unavailable,outside_bucket_not_predicted,,189190.25085714285,,not_applicable
20240210,nanao,reconstructed,reconstructed,2371.3964692662507,189190.25085714285,0.012534453855430887,provisional_md5_mismatch
20240210,wajima,reconstructed,reconstructed,504.76432239535956,189190.25085714285,0.002668025017718836,provisional_md5_mismatch
20240210,suzu,reconstructed,reconstructed,523.1297650183449,189190.25085714285,0.002765098955407375,provisional_md5_mismatch
20240210,anamizu,reconstructed,reconstructed,509.0139327772346,189190.25085714285,0.0026904871179730602,provisional_md5_mismatch
20240210,noto_cho,reconstructed,reconstructed,560.7448312303876,189190.25085714285,0.0029639203325218105,provisional_md5_mismatch
20240210,shika,reconstructed,reconstructed,907.4266755445774,189190.25085714285,0.004796371226495034,provisional_md5_mismatch
20240210,nakanoto,reconstructed,reconstructed,1353.9568857192507,189190.25085714285,0.007156589092646326,provisional_md5_mismatch
20240210,hakui,reconstructed,reconstructed,345.6887534771849,189190.25085714285,0.0018272017290056543,provisional_md5_mismatch
20240210,outside_grid,unavailable,outside_bucket_not_predicted,,189190.25085714285,,not_applicable
20240211,nanao,reconstructed,reconstructed,2356.820565413596,189190.25085714285,0.012457410224553411,provisional_md5_mismatch
20240211,wajima,reconstructed,reconstructed,510.90088559096927,189190.25085714285,0.0027004609554471676,provisional_md5_mismatch
20240211,suzu,reconstructed,reconstructed,528.8984805990607,189190.25085714285,0.002795590566653621,provisional_md5_mismatch
20240211,anamizu,reconstructed,reconstructed,504.97032825357746,189190.25085714285,0.0026691138997161088,provisional_md5_mismatch
20240211,noto_cho,reconstructed,reconstructed,560.7383363451,189190.25085714285,0.0029638860026065103,provisional_md5_mismatch
20240211,shika,reconstructed,reconstructed,903.2464669543486,189190.25085714285,0.004774275962223805,provisional_md5_mismatch
20240211,nakanoto,reconstructed,reconstructed,1371.106289131564,189190.25085714285,0.007247235430576617,provisional_md5_mismatch
20240211,hakui,reconstructed,reconstructed,345.96598436345624,189190.25085714285,0.001828667084038566,provisional_md5_mismatch
20240211,outside_grid,unavailable,outside_bucket_not_predicted,,189190.25085714285,,not_applicable
20240212,nanao,reconstructed,reconstructed,2443.0310305362273,189190.25085714285,0.012913091554495347,provisional_md5_mismatch
20240212,wajima,reconstructed,reconstructed,553.1149871066509,189190.25085714285,0.0029235913827521,provisional_md5_mismatch
20240212,suzu,reconstructed,reconstructed,562.9284286871382,189190.25085714285,0.002975462140024352,provisional_md5_mismatch
20240212,anamizu,reconstructed,reconstructed,528.8636834292915,189190.25085714285,0.0027954066397884074,provisional_md5_mismatch
20240212,noto_cho,reconstructed,reconstructed,581.5412201471611,189190.25085714285,0.0030738434856576284,provisional_md5_mismatch
20240212,shika,reconstructed,reconstructed,958.3831372736838,189190.25085714285,0.005065711012759092,provisional_md5_mismatch
20240212,nakanoto,reconstructed,reconstructed,1341.9604072911534,189190.25085714285,0.007093179491074648,provisional_md5_mismatch
20240212,hakui,reconstructed,reconstructed,350.39447342748366,189190.25085714285,0.0018520746805926367,provisional_md5_mismatch
20240212,outside_grid,unavailable,outside_bucket_not_predicted,,189190.25085714285,,not_applicable
20240213,nanao,reconstructed,reconstructed,2496.372488969263,189190.25085714285,0.01319503768116608,provisional_md5_mismatch
20240213,wajima,reconstructed,reconstructed,572.8839266796696,189190.25085714285,0.003028083762689511,provisional_md5_mismatch
20240213,suzu,reconstructed,reconstructed,577.3461559687922,189190.25085714285,0.003051669699432584,provisional_md5_mismatch
20240213,anamizu,reconstructed,reconstructed,541.5599219818732,189190.25085714285,0.002862514952690686,provisional_md5_mismatch
20240213,noto_cho,reconstructed,reconstructed,591.4571797551605,189190.25085714285,0.0031262561208916023,provisional_md5_mismatch
20240213,shika,reconstructed,reconstructed,972.9289900016131,189190.25085714285,0.005142595802868667,provisional_md5_mismatch
20240213,nakanoto,reconstructed,reconstructed,1336.9820207306375,189190.25085714285,0.007066865309778514,provisional_md5_mismatch
20240213,hakui,reconstructed,reconstructed,351.687777954039,189190.25085714285,0.0018589106804430303,provisional_md5_mismatch
20240213,outside_grid,unavailable,outside_bucket_not_predicted,,189190.25085714285,,not_applicable
20240214,nanao,reconstructed,reconstructed,2494.808925062889,189190.25085714285,0.013186773175467239,provisional_md5_mismatch
20240214,wajima,reconstructed,reconstructed,578.4220710220987,189190.25085714285,0.0030573566470867676,provisional_md5_mismatch
20240214,suzu,reconstructed,reconstructed,578.9255128705066,189190.25085714285,0.003060017681924065,provisional_md5_mismatch
20240214,anamizu,reconstructed,reconstructed,544.7078759845938,189190.25085714285,0.0028791540447604858,provisional_md5_mismatch
20240214,noto_cho,reconstructed,reconstructed,593.8307817050454,189190.25085714285,0.003138802232222028,provisional_md5_mismatch
20240214,shika,reconstructed,reconstructed,974.4916875891315,189190.25085714285,0.005150855729479253,provisional_md5_mismatch
20240214,nakanoto,reconstructed,reconstructed,1341.3845001090663,189190.25085714285,0.007090135427337336,provisional_md5_mismatch
20240214,hakui,reconstructed,reconstructed,352.0905809773768,189190.25085714285,0.0018610397701900594,provisional_md5_mismatch
20240214,outside_grid,unavailable,outside_bucket_not_predicted,,189190.25085714285,,not_applicable
20240215,nanao,reconstructed,reconstructed,2493.426698540513,189190.25085714285,0.013179467161990784,provisional_md5_mismatch
20240215,wajima,reconstructed,reconstructed,573.3501569149884,189190.25085714285,0.0030305481086756623,provisional_md5_mismatch
20240215,suzu,reconstructed,reconstructed,574.375803870583,189190.25085714285,0.003035969355018684,provisional_md5_mismatch
20240215,anamizu,reconstructed,reconstructed,544.502210794189,189190.25085714285,0.002878066963425834,provisional_md5_mismatch
20240215,noto_cho,reconstructed,reconstructed,594.0776608345079,189190.25085714285,0.0031401071574406587,provisional_md5_mismatch
20240215,shika,reconstructed,reconstructed,969.8067282130626,189190.25085714285,0.005126092511740267,provisional_md5_mismatch
20240215,nakanoto,reconstructed,reconstructed,1340.5399387577665,189190.25085714285,0.007085671342388596,provisional_md5_mismatch
20240215,hakui,reconstructed,reconstructed,355.082947842177,189190.25085714285,0.001876856477717234,provisional_md5_mismatch
20240215,outside_grid,unavailable,outside_bucket_not_predicted,,189190.25085714285,,not_applicable
20240216,nanao,reconstructed,reconstructed,2466.9758853619037,189190.25085714285,0.0130396565054756,provisional_md5_mismatch
20240216,wajima,reconstructed,reconstructed,554.433746085298,189190.25085714285,0.0029305619268085318,provisional_md5_mismatch
20240216,suzu,reconstructed,reconstructed,557.1562157188025,189190.25085714285,0.002944952042690138,provisional_md5_mismatch
20240216,anamizu,reconstructed,reconstructed,535.7735644292885,189190.25085714285,0.002831930091544992,provisional_md5_mismatch
20240216,noto_cho,reconstructed,reconstructed,585.5060490649936,189190.25085714285,0.0030948003209061124,provisional_md5_mismatch
20240216,shika,reconstructed,reconstructed,956.7409931310798,189190.25085714285,0.005057031156713846,provisional_md5_mismatch
20240216,nakanoto,reconstructed,reconstructed,1337.057596281585,189190.25085714285,0.00706726477830612,provisional_md5_mismatch
20240216,hakui,reconstructed,reconstructed,352.81443681935144,189190.25085714285,0.001864865843884106,provisional_md5_mismatch
20240216,outside_grid,unavailable,outside_bucket_not_predicted,,189190.25085714285,,not_applicable
20240217,nanao,reconstructed,reconstructed,2409.431411902086,189190.25085714285,0.012735494566902617,provisional_md5_mismatch
20240217,wajima,reconstructed,reconstructed,519.6759192127496,189190.25085714285,0.0027468430157384575,provisional_md5_mismatch
20240217,suzu,reconstructed,reconstructed,523.4918122513664,189190.25085714285,0.0027670126229001825,provisional_md5_mismatch
20240217,anamizu,reconstructed,reconstructed,517.4223936862483,189190.25085714285,0.002734931590512837,provisional_md5_mismatch
20240217,noto_cho,reconstructed,reconstructed,568.1938860959368,189190.25085714285,0.0030032936872893034,provisional_md5_mismatch
20240217,shika,reconstructed,reconstructed,918.8091508651896,189190.25085714285,0.004856535401282281,provisional_md5_mismatch
20240217,nakanoto,reconstructed,reconstructed,1350.615228965187,189190.25085714285,0.00713892614892209,provisional_md5_mismatch
20240217,hakui,reconstructed,reconstructed,350.64451259791645,189190.25085714285,0.0018533963087912356,provisional_md5_mismatch
20240217,outside_grid,unavailable,outside_bucket_not_predicted,,189190.25085714285,,not_applicable
20240218,nanao,reconstructed,reconstructed,2391.3408011711863,189190.25085714285,0.012639873303920308,provisional_md5_mismatch
20240218,wajima,reconstructed,reconstructed,526.6764332979202,189190.25085714285,0.0027838455253997862,provisional_md5_mismatch
20240218,suzu,reconstructed,reconstructed,529.1173981323492,189190.25085714285,0.0027967476956932873,provisional_md5_mismatch
20240218,anamizu,reconstructed,reconstructed,512.7330398492863,189190.25085714285,0.0027101451450394763,provisional_md5_mismatch
20240218,noto_cho,reconstructed,reconstructed,567.2122268403839,189190.25085714285,0.0029981049460560453,provisional_md5_mismatch
20240218,shika,reconstructed,reconstructed,913.108446897011,189190.25085714285,0.004826403277970688,provisional_md5_mismatch
20240218,nakanoto,reconstructed,reconstructed,1368.6448361275777,189190.25085714285,0.007234224966280311,provisional_md5_mismatch
20240218,hakui,reconstructed,reconstructed,350.8951086652364,189190.25085714285,0.0018547208805711484,provisional_md5_mismatch
20240218,outside_grid,unavailable,outside_bucket_not_predicted,,189190.25085714285,,not_applicable
20240219,nanao,reconstructed,reconstructed,2490.992586894749,189190.25085714285,0.013166601215491236,provisional_md5_mismatch
20240219,wajima,reconstructed,reconstructed,575.1941545476935,189190.25085714285,0.003040294898609873,provisional_md5_mismatch
20240219,suzu,reconstructed,reconstructed,568.4328436650542,189190.25085714285,0.003004556741638218,provisional_md5_mismatch
20240219,anamizu,reconstructed,reconstructed,542.3248454268357,189190.25085714285,0.0028665580967823976,provisional_md5_mismatch
20240219,noto_cho,reconstructed,reconstructed,592.271961764842,189190.25085714285,0.0031305628016322323,provisional_md5_mismatch
20240219,shika,reconstructed,reconstructed,975.9699510988943,189190.25085714285,0.005158669364183291,provisional_md5_mismatch
20240219,nakanoto,reconstructed,reconstructed,1349.9610302744366,189190.25085714285,0.007135468260961233,provisional_md5_mismatch
20240219,hakui,reconstructed,reconstructed,357.7240617189212,189190.25085714285,0.001890816572726244,provisional_md5_mismatch
20240219,outside_grid,unavailable,outside_bucket_not_predicted,,189190.25085714285,,not_applicable
20240220,nanao,reconstructed,reconstructed,2521.8861316850125,189190.25085714285,0.01332989475017549,provisional_md5_mismatch
20240220,wajima,reconstructed,reconstructed,590.7912883264506,189190.25085714285,0.003122736428805498,provisional_md5_mismatch
20240220,suzu,reconstructed,reconstructed,579.723329056616,189190.25085714285,0.0030642346866719037,provisional_md5_mismatch
20240220,anamizu,reconstructed,reconstructed,552.0846068719138,189190.25085714285,0.002918145117788293,provisional_md5_mismatch
20240220,noto_cho,reconstructed,reconstructed,597.6871777954464,189190.25085714285,0.003159185925741801,provisional_md5_mismatch
20240220,shika,reconstructed,reconstructed,984.6240471594599,189190.25085714285,0.005204412186666782,provisional_md5_mismatch
20240220,nakanoto,reconstructed,reconstructed,1335.7713006482995,189190.25085714285,0.007060465825255116,provisional_md5_mismatch
20240220,hakui,reconstructed,reconstructed,356.26337394314476,189190.25085714285,0.0018830958378090977,provisional_md5_mismatch
20240220,outside_grid,unavailable,outside_bucket_not_predicted,,189190.25085714285,,not_applicable
20240221,nanao,reconstructed,reconstructed,2520.466770967755,189190.25085714285,0.013322392457056121,provisional_md5_mismatch
20240221,wajima,reconstructed,reconstructed,596.8350230222101,189190.25085714285,0.003154681704359486,provisional_md5_mismatch
20240221,suzu,reconstructed,reconstructed,581.3936411052666,189190.25085714285,0.003073063429385036,provisional_md5_mismatch
20240221,anamizu,reconstructed,reconstructed,555.5212424632273,189190.25085714285,0.0029363100896922017,provisional_md5_mismatch
20240221,noto_cho,reconstructed,reconstructed,599.3949170756907,189190.25085714285,0.0031682124969974936,provisional_md5_mismatch
20240221,shika,reconstructed,reconstructed,987.7191562052931,189190.25085714285,0.005220771956960498,provisional_md5_mismatch
20240221,nakanoto,reconstructed,reconstructed,1341.7169229714832,189190.25085714285,0.007091892509749938,provisional_md5_mismatch
20240221,hakui,reconstructed,reconstructed,355.78118399142113,189190.25085714285,0.001880547133795339,provisional_md5_mismatch
20240221,outside_grid,unavailable,outside_bucket_not_predicted,,189190.25085714285,,not_applicable
20240222,nanao,reconstructed,reconstructed,2519.1238444928304,189190.25085714285,0.01331529417123621,provisional_md5_mismatch
20240222,wajima,reconstructed,reconstructed,591.002248101103,189190.25085714285,0.0031238514956426983,provisional_md5_mismatch
20240222,suzu,reconstructed,reconstructed,576.0989013863073,189190.25085714285,0.003045077105063507,provisional_md5_mismatch
20240222,anamizu,reconstructed,reconstructed,555.3412372944524,189190.25085714285,0.002935358639139336,provisional_md5_mismatch
20240222,noto_cho,reconstructed,reconstructed,598.2951116563723,189190.25085714285,0.0031623992724030144,provisional_md5_mismatch
20240222,shika,reconstructed,reconstructed,984.424231917059,189190.25085714285,0.005203356026312347,provisional_md5_mismatch
20240222,nakanoto,reconstructed,reconstructed,1341.2836069691843,189190.25085714285,0.007089602138019177,provisional_md5_mismatch
20240222,hakui,reconstructed,reconstructed,357.6621085995061,189190.25085714285,0.0018904891080755318,provisional_md5_mismatch
20240222,outside_grid,unavailable,outside_bucket_not_predicted,,189190.25085714285,,not_applicable
20240223,nanao,reconstructed,reconstructed,2474.7709786949836,189190.25085714285,0.013080858910450296,provisional_md5_mismatch
20240223,wajima,reconstructed,reconstructed,566.3503160475645,189190.25085714285,0.002993549157431027,provisional_md5_mismatch
20240223,suzu,reconstructed,reconstructed,554.2708618726563,189190.25085714285,0.00292970097223025,provisional_md5_mismatch
20240223,anamizu,reconstructed,reconstructed,541.8401010706068,189190.25085714285,0.002863995890992021,provisional_md5_mismatch
20240223,noto_cho,reconstructed,reconstructed,584.4459572971393,189190.25085714285,0.0030891970101485475,provisional_md5_mismatch
20240223,shika,reconstructed,reconstructed,964.1289532122049,189190.25085714285,0.005096081583718691,provisional_md5_mismatch
20240223,nakanoto,reconstructed,reconstructed,1329.4204578013882,189190.25085714285,0.007026897272868626,provisional_md5_mismatch
20240223,hakui,reconstructed,reconstructed,352.4474521329173,189190.25085714285,0.0018629260785697124,provisional_md5_mismatch
20240223,outside_grid,unavailable,outside_bucket_not_predicted,,189190.25085714285,,not_applicable
20240224,nanao,reconstructed,reconstructed,2428.9952745744254,189190.25085714285,0.012838902975019334,provisional_md5_mismatch
20240224,wajima,reconstructed,reconstructed,530.7934449585861,189190.25085714285,0.00280560675063213,provisional_md5_mismatch
20240224,suzu,reconstructed,reconstructed,522.1839337430064,189190.25085714285,0.0027600995895782515,provisional_md5_mismatch
20240224,anamizu,reconstructed,reconstructed,525.5562261421189,189190.25085714285,0.002777924463660473,provisional_md5_mismatch
20240224,noto_cho,reconstructed,reconstructed,567.7930769541085,189190.25085714285,0.0030011751365711116,provisional_md5_mismatch
20240224,shika,reconstructed,reconstructed,930.1549754214869,189190.25085714285,0.004916505851688124,provisional_md5_mismatch
20240224,nakanoto,reconstructed,reconstructed,1350.2588858545848,189190.25085714285,0.007137042631621448,provisional_md5_mismatch
20240224,hakui,reconstructed,reconstructed,351.7488749876867,189190.25085714285,0.0018592336200943648,provisional_md5_mismatch
20240224,outside_grid,unavailable,outside_bucket_not_predicted,,189190.25085714285,,not_applicable
20240225,nanao,reconstructed,reconstructed,2406.799723705636,189190.25085714285,0.012721584293067011,provisional_md5_mismatch
20240225,wajima,reconstructed,reconstructed,537.3950957672514,189190.25085714285,0.0028405009948056855,provisional_md5_mismatch
20240225,suzu,reconstructed,reconstructed,526.1642668939564,189190.25085714285,0.0027811383753133345,provisional_md5_mismatch
20240225,anamizu,reconstructed,reconstructed,519.0240905085304,189190.25085714285,0.0027433976547789687,provisional_md5_mismatch
20240225,noto_cho,reconstructed,reconstructed,566.6217397181414,189190.25085714285,0.0029949838173532325,provisional_md5_mismatch
20240225,shika,reconstructed,reconstructed,920.3871195175204,189190.25085714285,0.0048648760459253405,provisional_md5_mismatch
20240225,nakanoto,reconstructed,reconstructed,1365.127989805607,189190.25085714285,0.0072156360257506725,provisional_md5_mismatch
20240225,hakui,reconstructed,reconstructed,350.88722739179235,189190.25085714285,0.001854679222645286,provisional_md5_mismatch
20240225,outside_grid,unavailable,outside_bucket_not_predicted,,189190.25085714285,,not_applicable
20240226,nanao,reconstructed,reconstructed,2505.96006215992,189190.25085714285,0.013245714569363118,provisional_md5_mismatch
20240226,wajima,reconstructed,reconstructed,589.0346624099196,189190.25085714285,0.0031134514582080576,provisional_md5_mismatch
20240226,suzu,reconstructed,reconstructed,566.2602448967982,189190.25085714285,0.002993073069734339,provisional_md5_mismatch
20240226,anamizu,reconstructed,reconstructed,549.7901416815167,189190.25085714285,0.0029060172984106993,provisional_md5_mismatch
20240226,noto_cho,reconstructed,reconstructed,593.682173249013,189190.25085714285,0.0031380167347909546,provisional_md5_mismatch
20240226,shika,reconstructed,reconstructed,983.3756488430008,189190.25085714285,0.005197813546880625,provisional_md5_mismatch
20240226,nakanoto,reconstructed,reconstructed,1344.38475187587,189190.25085714285,0.007105993811969794,provisional_md5_mismatch
20240226,hakui,reconstructed,reconstructed,357.48755015612846,189190.25085714285,0.0018895664471953503,provisional_md5_mismatch
20240226,outside_grid,unavailable,outside_bucket_not_predicted,,189190.25085714285,,not_applicable
20240227,nanao,reconstructed,reconstructed,2537.2866736960646,189190.25085714285,0.013411297158287316,provisional_md5_mismatch
20240227,wajima,reconstructed,reconstructed,605.2696866290427,189190.25085714285,0.0031992646760962357,provisional_md5_mismatch
20240227,suzu,reconstructed,reconstructed,578.1366605383403,189190.25085714285,0.003055848057281186,provisional_md5_mismatch
20240227,anamizu,reconstructed,reconstructed,559.2809766722552,189190.25085714285,0.002956182858991857,provisional_md5_mismatch
20240227,noto_cho,reconstructed,reconstructed,600.1786096350013,189190.25085714285,0.003172354848708324,provisional_md5_mismatch
20240227,shika,reconstructed,reconstructed,991.6401088512108,189190.25085714285,0.005241496876073155,provisional_md5_mismatch
20240227,nakanoto,reconstructed,reconstructed,1328.110225128592,189190.25085714285,0.007019971796175931,provisional_md5_mismatch
20240227,hakui,reconstructed,reconstructed,356.30299408364067,189190.25085714285,0.0018833052573765247,provisional_md5_mismatch
20240227,outside_grid,unavailable,outside_bucket_not_predicted,,189190.25085714285,,not_applicable
20240228,nanao,reconstructed,reconstructed,2531.9246745052947,189190.25085714285,0.013382955321609808,provisional_md5_mismatch
20240228,wajima,reconstructed,reconstructed,610.7292306665689,189190.25085714285,0.0032281221040704115,provisional_md5_mismatch
20240228,suzu,reconstructed,reconstructed,580.1292224165928,189190.25085714285,0.0030663801109637894,provisional_md5_mismatch
20240228,anamizu,reconstructed,reconstructed,562.5863878411626,189190.25085714285,0.002973654219983938,provisional_md5_mismatch
20240228,noto_cho,reconstructed,reconstructed,602.3932736631168,189190.25085714285,0.0031840608643094546,provisional_md5_mismatch
20240228,shika,reconstructed,reconstructed,992.9560952230687,189190.25085714285,0.005248452765004513,provisional_md5_mismatch
20240228,nakanoto,reconstructed,reconstructed,1332.8833879988665,189190.25085714285,0.007045201229768039,provisional_md5_mismatch
20240228,hakui,reconstructed,reconstructed,355.98834325342773,189190.25085714285,0.0018816421123212831,provisional_md5_mismatch
20240228,outside_grid,unavailable,outside_bucket_not_predicted,,189190.25085714285,,not_applicable
20240229,nanao,reconstructed,reconstructed,2528.780772089125,189190.25085714285,0.013366337644948746,provisional_md5_mismatch
20240229,wajima,reconstructed,reconstructed,604.5624939264783,189190.25085714285,0.00319552667850196,provisional_md5_mismatch
20240229,suzu,reconstructed,reconstructed,575.5305119533812,189190.25085714285,0.0030420727777773445,provisional_md5_mismatch
20240229,anamizu,reconstructed,reconstructed,562.333760076496,189190.25085714285,0.002972318909292599,provisional_md5_mismatch
20240229,noto_cho,reconstructed,reconstructed,601.9664435092996,189190.25085714285,0.003181804774728287,provisional_md5_mismatch
20240229,shika,reconstructed,reconstructed,987.2445986320489,189190.25085714285,0.005218263595292314,provisional_md5_mismatch
20240229,nakanoto,reconstructed,reconstructed,1330.0047553295628,189190.25085714285,0.007029985685329244,provisional_md5_mismatch
20240229,hakui,reconstructed,reconstructed,358.02234537350785,189190.25085714285,0.0018923932060529365,provisional_md5_mismatch
20240229,outside_grid,unavailable,outside_bucket_not_predicted,,189190.25085714285,,not_applicable
20240301,nanao,reconstructed,reconstructed,2501.36719470572,189190.25085714285,0.013221438120479564,provisional_md5_mismatch
20240301,wajima,reconstructed,reconstructed,582.1538699393781,189190.25085714285,0.0030770817592443555,provisional_md5_mismatch
20240301,suzu,reconstructed,reconstructed,558.0039290048438,189190.25085714285,0.002949432787771878,provisional_md5_mismatch
20240301,anamizu,reconstructed,reconstructed,552.2232312044198,189190.25085714285,0.002918877842291157,provisional_md5_mismatch
20240301,noto_cho,reconstructed,reconstructed,592.4928233251247,189190.25085714285,0.003131730206185491,provisional_md5_mismatch
20240301,shika,reconstructed,reconstructed,974.314770574005,189190.25085714285,0.005149920601932644,provisional_md5_mismatch
20240301,nakanoto,reconstructed,reconstructed,1326.1813669919095,189190.25085714285,0.007009776460380647,provisional_md5_mismatch
20240301,hakui,reconstructed,reconstructed,355.12631680273677,189190.25085714285,0.0018770857123652312,provisional_md5_mismatch
20240301,outside_grid,unavailable,outside_bucket_not_predicted,,189190.25085714285,,not_applicable
20240302,nanao,reconstructed,reconstructed,2438.099679366921,189190.25085714285,0.012887025987443321,provisional_md5_mismatch
20240302,wajima,reconstructed,reconstructed,539.3006916871204,189190.25085714285,0.0028505733738592334,provisional_md5_mismatch
20240302,suzu,reconstructed,reconstructed,521.9543880152406,189190.25085714285,0.002758886283254454,provisional_md5_mismatch
20240302,anamizu,reconstructed,reconstructed,530.9595354296473,189190.25085714285,0.0028064846524812406,provisional_md5_mismatch
20240302,noto_cho,reconstructed,reconstructed,572.1774187982052,189190.25085714285,0.0030243493848435936,provisional_md5_mismatch
20240302,shika,reconstructed,reconstructed,931.9405409321681,189190.25085714285,0.004925943787853394,provisional_md5_mismatch
20240302,nakanoto,reconstructed,reconstructed,1339.4356052568467,189190.25085714285,0.007079834183782819,provisional_md5_mismatch
20240302,hakui,reconstructed,reconstructed,353.0749609958154,189190.25085714285,0.0018662428925178684,provisional_md5_mismatch
20240302,outside_grid,unavailable,outside_bucket_not_predicted,,189190.25085714285,,not_applicable
20240303,nanao,reconstructed,reconstructed,2416.342795772327,189190.25085714285,0.012772025962357342,provisional_md5_mismatch
20240303,wajima,reconstructed,reconstructed,547.4651284106927,189190.25085714285,0.0028937280115140947,provisional_md5_mismatch
20240303,suzu,reconstructed,reconstructed,526.7232740739913,189190.25085714285,0.0027840931109696498,provisional_md5_mismatch
20240303,anamizu,reconstructed,reconstructed,524.6452639935042,189190.25085714285,0.002773109405038332,provisional_md5_mismatch
20240303,noto_cho,reconstructed,reconstructed,570.991696712602,189190.25085714285,0.0030180820318471725,provisional_md5_mismatch
20240303,shika,reconstructed,reconstructed,922.8789152942597,189190.25085714285,0.004878046892549044,provisional_md5_mismatch
20240303,nakanoto,reconstructed,reconstructed,1356.3741261738628,189190.25085714285,0.00716936586335021,provisional_md5_mismatch
20240303,hakui,reconstructed,reconstructed,351.7602676374414,189190.25085714285,0.001859293838048002,provisional_md5_mismatch
20240303,outside_grid,unavailable,outside_bucket_not_predicted,,189190.25085714285,,not_applicable
20240304,nanao,reconstructed,reconstructed,2518.4351261654297,189190.25085714285,0.013311653823362678,provisional_md5_mismatch
20240304,wajima,reconstructed,reconstructed,602.349375579064,189190.25085714285,0.003183828832881546,provisional_md5_mismatch
20240304,suzu,reconstructed,reconstructed,568.9025508776109,189190.25085714285,0.0030070394658294947,provisional_md5_mismatch
20240304,anamizu,reconstructed,reconstructed,557.5098658920919,189190.25085714285,0.0029468213259734315,provisional_md5_mismatch
20240304,noto_cho,reconstructed,reconstructed,598.3686612311166,189190.25085714285,0.003162788032259355,provisional_md5_mismatch
20240304,shika,reconstructed,reconstructed,988.7440737706129,189190.25085714285,0.005226189347976558,provisional_md5_mismatch
20240304,nakanoto,reconstructed,reconstructed,1336.6619974624793,189190.25085714285,0.007065173767710631,provisional_md5_mismatch
20240304,hakui,reconstructed,reconstructed,358.17654623739935,189190.25085714285,0.0018932082631882426,provisional_md5_mismatch
20240304,outside_grid,unavailable,outside_bucket_not_predicted,,189190.25085714285,,not_applicable
20240305,nanao,unavailable,excluded_by_challenge,,189190.25085714285,,not_applicable
20240305,wajima,unavailable,excluded_by_challenge,,189190.25085714285,,not_applicable
20240305,suzu,unavailable,excluded_by_challenge,,189190.25085714285,,not_applicable
20240305,anamizu,unavailable,excluded_by_challenge,,189190.25085714285,,not_applicable
20240305,noto_cho,unavailable,excluded_by_challenge,,189190.25085714285,,not_applicable
20240305,shika,unavailable,excluded_by_challenge,,189190.25085714285,,not_applicable
20240305,nakanoto,unavailable,excluded_by_challenge,,189190.25085714285,,not_applicable
20240305,hakui,unavailable,excluded_by_challenge,,189190.25085714285,,not_applicable
20240305,outside_grid,unavailable,excluded_by_challenge,,189190.25085714285,,not_applicable
20240306,nanao,reconstructed,reconstructed,2547.5292081753773,189190.25085714285,0.013465435965297236,provisional_md5_mismatch
20240306,wajima,reconstructed,reconstructed,625.2261649318642,189190.25085714285,0.0033047483266142037,provisional_md5_mismatch
20240306,suzu,reconstructed,reconstructed,583.8836845295094,189190.25085714285,0.0030862250136260917,provisional_md5_mismatch
20240306,anamizu,reconstructed,reconstructed,571.0997748115174,189190.25085714285,0.0030186532985928202,provisional_md5_mismatch
20240306,noto_cho,reconstructed,reconstructed,607.0575119618342,189190.25085714285,0.003208714556968488,provisional_md5_mismatch
20240306,shika,reconstructed,reconstructed,1001.3515236472298,189190.25085714285,0.005292828351939488,provisional_md5_mismatch
20240306,nakanoto,reconstructed,reconstructed,1328.4524628075546,189190.25085714285,0.007021780756613438,provisional_md5_mismatch
20240306,hakui,reconstructed,reconstructed,356.78895529256164,189190.25085714285,0.001885873895066465,provisional_md5_mismatch
20240306,outside_grid,unavailable,outside_bucket_not_predicted,,189190.25085714285,,not_applicable
20240307,nanao,reconstructed,reconstructed,2545.8295454079553,189190.25085714285,0.013456452083941185,provisional_md5_mismatch
20240307,wajima,reconstructed,reconstructed,618.6899899659305,189190.25085714285,0.00327020016709583,provisional_md5_mismatch
20240307,suzu,reconstructed,reconstructed,578.8231544912984,189190.25085714285,0.0030594766478129285,provisional_md5_mismatch
20240307,anamizu,reconstructed,reconstructed,570.9166123252082,189190.25085714285,0.00301768515945521,provisional_md5_mismatch
20240307,noto_cho,reconstructed,reconstructed,606.4024550931383,189190.25085714285,0.00320525213294966,provisional_md5_mismatch
20240307,shika,reconstructed,reconstructed,997.1325572988171,189190.25085714285,0.005270528226381759,provisional_md5_mismatch
20240307,nakanoto,reconstructed,reconstructed,1326.0337612403375,189190.25085714285,0.007008996262929123,provisional_md5_mismatch
20240307,hakui,reconstructed,reconstructed,358.59204966967746,189190.25085714285,0.0018954044832915284,provisional_md5_mismatch
20240307,outside_grid,unavailable,outside_bucket_not_predicted,,189190.25085714285,,not_applicable
20240308,nanao,reconstructed,reconstructed,2515.0980167924713,189190.25085714285,0.01329401491566083,provisional_md5_mismatch
20240308,wajima,reconstructed,reconstructed,594.1810570850859,189190.25085714285,0.003140653677412536,provisional_md5_mismatch
20240308,suzu,reconstructed,reconstructed,560.0269843667952,189190.25085714285,0.0029601260203924056,provisional_md5_mismatch
20240308,anamizu,reconstructed,reconstructed,559.1412744530071,189190.25085714285,0.0029554444371196137,provisional_md5_mismatch
20240308,noto_cho,reconstructed,reconstructed,597.3236263860158,189190.25085714285,0.0031572643076468753,provisional_md5_mismatch
20240308,shika,reconstructed,reconstructed,984.4610410940855,189190.25085714285,0.005203550588013386,provisional_md5_mismatch
20240308,nakanoto,reconstructed,reconstructed,1322.585594362129,189190.25085714285,0.006990770340279376,provisional_md5_mismatch
20240308,hakui,reconstructed,reconstructed,356.0013926184745,189190.25085714285,0.0018817110871494661,provisional_md5_mismatch
20240308,outside_grid,unavailable,outside_bucket_not_predicted,,189190.25085714285,,not_applicable
20240309,nanao,reconstructed,reconstructed,2451.193600420792,189190.25085714285,0.012956236324627968,provisional_md5_mismatch
20240309,wajima,reconstructed,reconstructed,547.8471648280768,189190.25085714285,0.0028957473355313377,provisional_md5_mismatch
20240309,suzu,reconstructed,reconstructed,522.1193113939571,189190.25085714285,0.0027597580162215035,provisional_md5_mismatch
20240309,anamizu,reconstructed,reconstructed,536.6278465754841,189190.25085714285,0.002836445557549848,provisional_md5_mismatch
20240309,noto_cho,reconstructed,reconstructed,576.0852920529057,189190.25085714285,0.0030450051704192017,provisional_md5_mismatch
20240309,shika,reconstructed,reconstructed,941.0492989609701,189190.25085714285,0.004974089810111592,provisional_md5_mismatch
20240309,nakanoto,reconstructed,reconstructed,1335.2692711381856,189190.25085714285,0.007057812255592623,provisional_md5_mismatch
20240309,hakui,reconstructed,reconstructed,354.31748835454033,189190.25085714285,0.0018728105002730013,provisional_md5_mismatch
20240309,outside_grid,unavailable,outside_bucket_not_predicted,,189190.25085714285,,not_applicable
20240310,nanao,reconstructed,reconstructed,2425.9242488171694,189190.25085714285,0.01282267050139375,provisional_md5_mismatch
20240310,wajima,reconstructed,reconstructed,555.6721600522599,189190.25085714285,0.0029371077924720693,provisional_md5_mismatch
20240310,suzu,reconstructed,reconstructed,525.9580285651638,189190.25085714285,0.0027800482645499187,provisional_md5_mismatch
20240310,anamizu,reconstructed,reconstructed,529.12451649645,189190.25085714285,0.0027967853211209644,provisional_md5_mismatch
20240310,noto_cho,reconstructed,reconstructed,574.507346245247,189190.25085714285,0.0030366646465258738,provisional_md5_mismatch
20240310,shika,reconstructed,reconstructed,930.2912403333555,189190.25085714285,0.004917226105037603,provisional_md5_mismatch
20240310,nakanoto,reconstructed,reconstructed,1353.1047739645971,189190.25085714285,0.007152085098646672,provisional_md5_mismatch
20240310,hakui,reconstructed,reconstructed,353.07717869550135,189190.25085714285,0.0018662546145789994,provisional_md5_mismatch
20240310,outside_grid,unavailable,outside_bucket_not_predicted,,189190.25085714285,,not_applicable
20240311,nanao,reconstructed,reconstructed,2531.0769991095417,189190.25085714285,0.013378474776804183,provisional_md5_mismatch
20240311,wajima,reconstructed,reconstructed,613.2515375029512,189190.25085714285,0.003241454222532937,provisional_md5_mismatch
20240311,suzu,reconstructed,reconstructed,569.6571879763072,189190.25085714285,0.003011028239538908,provisional_md5_mismatch
20240311,anamizu,reconstructed,reconstructed,564.3681975798894,189190.25085714285,0.002983072304323137,provisional_md5_mismatch
20240311,noto_cho,reconstructed,reconstructed,603.6272568547165,189190.25085714285,0.0031905833102917874,provisional_md5_mismatch
20240311,shika,reconstructed,reconstructed,998.2230244202452,189190.25085714285,0.005276292091678663,provisional_md5_mismatch
20240311,nakanoto,reconstructed,reconstructed,1334.2788880012347,189190.25085714285,0.007052577402673597,provisional_md5_mismatch
20240311,hakui,reconstructed,reconstructed,359.9157187526687,189190.25085714285,0.001902400980610995,provisional_md5_mismatch
20240311,outside_grid,unavailable,outside_bucket_not_predicted,,189190.25085714285,,not_applicable
20240312,nanao,reconstructed,reconstructed,2565.0212659604936,189190.25085714285,0.01355789346617726,provisional_md5_mismatch
20240312,wajima,reconstructed,reconstructed,630.2722124304645,189190.25085714285,0.0033314201422904276,provisional_md5_mismatch
20240312,suzu,reconstructed,reconstructed,583.7184421528934,189190.25085714285,0.00308535159453675,provisional_md5_mismatch
20240312,anamizu,reconstructed,reconstructed,575.246788721287,189190.25085714285,0.003040573106251942,provisional_md5_mismatch
20240312,noto_cho,reconstructed,reconstructed,610.0769385080789,189190.25085714285,0.0032246742934378086,provisional_md5_mismatch
20240312,shika,reconstructed,reconstructed,1009.5409883513762,189190.25085714285,0.0053361152796064446,provisional_md5_mismatch
20240312,nakanoto,reconstructed,reconstructed,1318.7122292678453,189190.25085714285,0.006970296953956692,provisional_md5_mismatch
20240312,hakui,reconstructed,reconstructed,359.21533858015346,189190.25085714285,0.001898698991902052,provisional_md5_mismatch
20240312,outside_grid,unavailable,outside_bucket_not_predicted,,189190.25085714285,,not_applicable
20240313,nanao,reconstructed,reconstructed,2562.4919326249483,189190.25085714285,0.013544524207856146,provisional_md5_mismatch
20240313,wajima,reconstructed,reconstructed,635.501813912484,189190.25085714285,0.0033590621664345167,provisional_md5_mismatch
20240313,suzu,reconstructed,reconstructed,585.2010713169318,189190.25085714285,0.0030931883047124655,provisional_md5_mismatch
20240313,anamizu,reconstructed,reconstructed,578.8903625497492,189190.25085714285,0.0030598318884141025,provisional_md5_mismatch
20240313,noto_cho,reconstructed,reconstructed,611.7295324339908,189190.25085714285,0.0032334093837420113,provisional_md5_mismatch
20240313,shika,reconstructed,reconstructed,1012.438539062412,189190.25085714285,0.005351430818847543,provisional_md5_mismatch
20240313,nakanoto,reconstructed,reconstructed,1326.2245403115487,189190.25085714285,0.007010004660932439,provisional_md5_mismatch
20240313,hakui,reconstructed,reconstructed,358.9399585154861,189190.25085714285,0.0018972434197284348,provisional_md5_mismatch
20240313,outside_grid,unavailable,outside_bucket_not_predicted,,189190.25085714285,,not_applicable
20240314,nanao,reconstructed,reconstructed,2561.233555468798,189190.25085714285,0.013537872823070465,provisional_md5_mismatch
20240314,wajima,reconstructed,reconstructed,628.5382239286754,189190.25085714285,0.0033222548259280193,provisional_md5_mismatch
20240314,suzu,reconstructed,reconstructed,580.0157797781901,189190.25085714285,0.003065780488954258,provisional_md5_mismatch
20240314,anamizu,reconstructed,reconstructed,578.4385406822706,189190.25085714285,0.003057443700516304,provisional_md5_mismatch
20240314,noto_cho,reconstructed,reconstructed,610.7685208704758,189190.25085714285,0.0032283297796970823,provisional_md5_mismatch
20240314,shika,reconstructed,reconstructed,1007.0272472639216,189190.25085714285,0.005322828436991321,provisional_md5_mismatch
20240314,nakanoto,reconstructed,reconstructed,1324.2068521661774,189190.25085714285,0.006999339797726063,provisional_md5_mismatch
20240314,hakui,reconstructed,reconstructed,360.6977707541204,189190.25085714285,0.0019065346608503763,provisional_md5_mismatch
20240314,outside_grid,unavailable,outside_bucket_not_predicted,,189190.25085714285,,not_applicable
20240315,nanao,reconstructed,reconstructed,2536.2026950884147,189190.25085714285,0.013405567589227924,provisional_md5_mismatch
20240315,wajima,reconstructed,reconstructed,602.3479717412254,189190.25085714285,0.0031838214126374675,provisional_md5_mismatch
20240315,suzu,reconstructed,reconstructed,561.3351400266038,189190.25085714285,0.0029670405186494877,provisional_md5_mismatch
20240315,anamizu,reconstructed,reconstructed,566.3723064053801,189190.25085714285,0.0029936653915272125,provisional_md5_mismatch
20240315,noto_cho,reconstructed,reconstructed,600.9999820792623,189190.25085714285,0.003176696364407678,provisional_md5_mismatch
20240315,shika,reconstructed,reconstructed,994.6132793184161,189190.25085714285,0.005257212117496722,provisional_md5_mismatch
20240315,nakanoto,reconstructed,reconstructed,1320.6331506495465,189190.25085714285,0.006980450338568205,provisional_md5_mismatch
20240315,hakui,reconstructed,reconstructed,357.81910912497545,189190.25085714285,0.0018913189633389931,provisional_md5_mismatch
20240315,outside_grid,unavailable,outside_bucket_not_predicted,,189190.25085714285,,not_applicable
20240316,nanao,reconstructed,reconstructed,2467.411863657651,189190.25085714285,0.013041960949249908,provisional_md5_mismatch
20240316,wajima,reconstructed,reconstructed,552.4626471785643,189190.25085714285,0.0029201433196244754,provisional_md5_mismatch
20240316,suzu,reconstructed,reconstructed,522.6781311080152,189190.25085714285,0.002762711760991788,provisional_md5_mismatch
20240316,anamizu,reconstructed,reconstructed,542.164322288639,189190.25085714285,0.002865709622099006,provisional_md5_mismatch
20240316,noto_cho,reconstructed,reconstructed,578.0570502694022,189190.25085714285,0.0030554272625067337,provisional_md5_mismatch
20240316,shika,reconstructed,reconstructed,949.2186299941903,189190.25085714285,0.005017270317543705,provisional_md5_mismatch
20240316,nakanoto,reconstructed,reconstructed,1332.7605203722749,189190.25085714285,0.007044551790243354,provisional_md5_mismatch
20240316,hakui,reconstructed,reconstructed,356.28410200978294,189190.25085714285,0.001883205399832216,provisional_md5_mismatch
20240316,outside_grid,unavailable,outside_bucket_not_predicted,,189190.25085714285,,not_applicable
20240317,nanao,reconstructed,reconstructed,2440.597911015491,189190.25085714285,0.012900230852055801,provisional_md5_mismatch
20240317,wajima,reconstructed,reconstructed,561.6935142866711,189190.25085714285,0.0029689347719656263,provisional_md5_mismatch
20240317,suzu,reconstructed,reconstructed,526.4074115346759,189190.25085714285,0.0027824235612022366,provisional_md5_mismatch
20240317,anamizu,reconstructed,reconstructed,534.0304602226047,189190.25085714285,0.002822716592441383,provisional_md5_mismatch
20240317,noto_cho,reconstructed,reconstructed,575.892367059828,189190.25085714285,0.0030439854297496707,provisional_md5_mismatch
20240317,shika,reconstructed,reconstructed,937.0566653526133,189190.25085714285,0.004952986008037924,provisional_md5_mismatch
20240317,nakanoto,reconstructed,reconstructed,1350.5608825858276,189190.25085714285,0.007138638891100331,provisional_md5_mismatch
20240317,hakui,reconstructed,reconstructed,354.15161514540176,189190.25085714285,0.0018719337468018945,provisional_md5_mismatch
20240317,outside_grid,unavailable,outside_bucket_not_predicted,,189190.25085714285,,not_applicable
20240318,nanao,reconstructed,reconstructed,2547.7237916856275,189190.25085714285,0.013466464472365483,provisional_md5_mismatch
20240318,wajima,reconstructed,reconstructed,622.3901954494817,189190.25085714285,0.0032897582863265357,provisional_md5_mismatch
20240318,suzu,reconstructed,reconstructed,571.5761683516481,189190.25085714285,0.003021171364602947,provisional_md5_mismatch
20240318,anamizu,reconstructed,reconstructed,570.4364079245411,189190.25085714285,0.0030151469504381407,provisional_md5_mismatch
20240318,noto_cho,reconstructed,reconstructed,605.5899658678508,189190.25085714285,0.003200957571144247,provisional_md5_mismatch
20240318,shika,reconstructed,reconstructed,1006.8518565661392,189190.25085714285,0.0053219013770768285,provisional_md5_mismatch
20240318,nakanoto,reconstructed,reconstructed,1331.6144992702716,189190.25085714285,0.0070384942841255115,provisional_md5_mismatch
20240318,hakui,reconstructed,reconstructed,361.06232262910925,189190.25085714285,0.0019084615670907198,provisional_md5_mismatch
20240318,outside_grid,unavailable,outside_bucket_not_predicted,,189190.25085714285,,not_applicable
20240319,nanao,reconstructed,reconstructed,2583.5886955100696,189190.25085714285,0.013656035043057964,provisional_md5_mismatch
20240319,wajima,reconstructed,reconstructed,639.7388369966156,189190.25085714285,0.0033814577342025994,provisional_md5_mismatch
20240319,suzu,reconstructed,reconstructed,586.3456275632175,189190.25085714285,0.003099238068064965,provisional_md5_mismatch
20240319,anamizu,reconstructed,reconstructed,581.4282041922548,189190.25085714285,0.0030732461189624935,provisional_md5_mismatch
20240319,noto_cho,reconstructed,reconstructed,611.8486668904263,189190.25085714285,0.0032340390909066023,provisional_md5_mismatch
20240319,shika,reconstructed,reconstructed,1018.9846021039168,189190.25085714285,0.005386031243614925,provisional_md5_mismatch
20240319,nakanoto,reconstructed,reconstructed,1314.627828291657,189190.25085714285,0.006948708098517875,provisional_md5_mismatch
20240319,hakui,reconstructed,reconstructed,359.9131794013808,189190.25085714285,0.001902387558400937,provisional_md5_mismatch
20240319,outside_grid,unavailable,outside_bucket_not_predicted,,189190.25085714285,,not_applicable
20240320,nanao,reconstructed,reconstructed,2560.847488453436,189190.25085714285,0.013535832194583465,provisional_md5_mismatch
20240320,wajima,reconstructed,reconstructed,640.4271560045106,189190.25085714285,0.0033850959713991593,provisional_md5_mismatch
20240320,suzu,reconstructed,reconstructed,583.946777669048,189190.25085714285,0.0030865585040636416,provisional_md5_mismatch
20240320,anamizu,reconstructed,reconstructed,580.8248341456604,189190.25085714285,0.0030700568951845197,provisional_md5_mismatch
20240320,noto_cho,reconstructed,reconstructed,609.8770912305216,189190.25085714285,0.00322361796375564,provisional_md5_mismatch
20240320,shika,reconstructed,reconstructed,1014.3431735035573,189190.25085714285,0.005361498115827785,provisional_md5_mismatch
20240320,nakanoto,reconstructed,reconstructed,1314.4173219714305,189190.25085714285,0.006947595428497762,provisional_md5_mismatch
20240320,hakui,reconstructed,reconstructed,357.0468239313308,189190.25085714285,0.001887236907365465,provisional_md5_mismatch
20240320,outside_grid,unavailable,outside_bucket_not_predicted,,189190.25085714285,,not_applicable
20240321,nanao,reconstructed,reconstructed,2572.591253874099,189190.25085714285,0.013597906034897418,provisional_md5_mismatch
20240321,wajima,reconstructed,reconstructed,637.7582053339382,189190.25085714285,0.003370988739877025,provisional_md5_mismatch
20240321,suzu,reconstructed,reconstructed,582.2789701828258,189190.25085714285,0.003077742999677628,provisional_md5_mismatch
20240321,anamizu,reconstructed,reconstructed,585.0505618269729,189190.25085714285,0.0030923927590155967,provisional_md5_mismatch
20240321,noto_cho,reconstructed,reconstructed,613.7361710970773,189190.25085714285,0.003244015842869769,provisional_md5_mismatch
20240321,shika,reconstructed,reconstructed,1016.807312672143,189190.25085714285,0.005374522778343013,provisional_md5_mismatch
20240321,nakanoto,reconstructed,reconstructed,1320.969534715606,189190.25085714285,0.006982228358653995,provisional_md5_mismatch
20240321,hakui,reconstructed,reconstructed,360.79369884564073,189190.25085714285,0.0019070417064887518,provisional_md5_mismatch
20240321,outside_grid,unavailable,outside_bucket_not_predicted,,189190.25085714285,,not_applicable
20240322,nanao,reconstructed,reconstructed,2541.836780691009,189190.25085714285,0.013435347588868862,provisional_md5_mismatch
20240322,wajima,reconstructed,reconstructed,610.1538371088084,189190.25085714285,0.003225080755189305,provisional_md5_mismatch
20240322,suzu,reconstructed,reconstructed,563.1787888638188,189190.25085714285,0.0029767854649607388,provisional_md5_mismatch
20240322,anamizu,reconstructed,reconstructed,572.1806889287847,189190.25085714285,0.0030243666697225167,provisional_md5_mismatch
20240322,noto_cho,reconstructed,reconstructed,604.1505553718075,189190.25085714285,0.0031933493012174306,provisional_md5_mismatch
20240322,shika,reconstructed,reconstructed,1004.5264754457895,189190.25085714285,0.005309610145843642,provisional_md5_mismatch
20240322,nakanoto,reconstructed,reconstructed,1317.091584434788,189190.25085714285,0.006961730736481348,provisional_md5_mismatch
20240322,hakui,reconstructed,reconstructed,358.2478527031967,189190.25085714285,0.0018935851666781122,provisional_md5_mismatch
20240322,outside_grid,unavailable,outside_bucket_not_predicted,,189190.25085714285,,not_applicable
20240323,nanao,reconstructed,reconstructed,2470.9970881420836,189190.25085714285,0.0130609113151815,provisional_md5_mismatch
20240323,wajima,reconstructed,reconstructed,556.646392096095,189190.25085714285,0.0029422572758065505,provisional_md5_mismatch
20240323,suzu,reconstructed,reconstructed,523.1073886187745,189190.25085714285,0.0027649806808162213,provisional_md5_mismatch
20240323,anamizu,reconstructed,reconstructed,547.3216038031057,189190.25085714285,0.002892969385702581,provisional_md5_mismatch
20240323,noto_cho,reconstructed,reconstructed,580.2195190583858,189190.25085714285,0.0030668573905349296,provisional_md5_mismatch
20240323,shika,reconstructed,reconstructed,956.7978664818975,189190.25085714285,0.005057331771309789,provisional_md5_mismatch
20240323,nakanoto,reconstructed,reconstructed,1328.528482711286,189190.25085714285,0.007022182573849722,provisional_md5_mismatch
20240323,hakui,reconstructed,reconstructed,356.83234135311125,189190.25085714285,0.001886103220099616,provisional_md5_mismatch
20240323,outside_grid,unavailable,outside_bucket_not_predicted,,189190.25085714285,,not_applicable
20240324,nanao,reconstructed,reconstructed,2441.478832370006,189190.25085714285,0.012904887124514472,provisional_md5_mismatch
20240324,wajima,reconstructed,reconstructed,567.1399051170627,189190.25085714285,0.0029977226762350918,provisional_md5_mismatch
20240324,suzu,reconstructed,reconstructed,526.6167202798753,189190.25085714285,0.002783529901218443,provisional_md5_mismatch
20240324,anamizu,reconstructed,reconstructed,538.803881593302,189190.25085714285,0.0028479473923852007,provisional_md5_mismatch
20240324,noto_cho,reconstructed,reconstructed,577.5588227598812,189190.25085714285,0.003052793789020316,provisional_md5_mismatch
20240324,shika,reconstructed,reconstructed,943.0063456794891,189190.25085714285,0.0049844341418604655,provisional_md5_mismatch
20240324,nakanoto,reconstructed,reconstructed,1346.0492684654846,189190.25085714285,0.007114791921714209,provisional_md5_mismatch
20240324,hakui,reconstructed,reconstructed,354.41982757845517,189190.25085714285,0.0018733514331352983,provisional_md5_mismatch
20240324,outside_grid,unavailable,outside_bucket_not_predicted,,189190.25085714285,,not_applicable
20240325,nanao,reconstructed,reconstructed,2552.5304491850593,189190.25085714285,0.01349187094800392,provisional_md5_mismatch
20240325,wajima,reconstructed,reconstructed,630.5842600571848,189190.25085714285,0.0033330695276329943,provisional_md5_mismatch
20240325,suzu,reconstructed,reconstructed,572.9599071600406,189190.25085714285,0.003028485371546346,provisional_md5_mismatch
20240325,anamizu,reconstructed,reconstructed,577.5605544926436,189190.25085714285,0.0030528029424135516,provisional_md5_mismatch
20240325,noto_cho,reconstructed,reconstructed,608.261376279155,189190.25085714285,0.0032150778040801473,provisional_md5_mismatch
20240325,shika,reconstructed,reconstructed,1014.456247004707,189190.25085714285,0.005362095786694214,provisional_md5_mismatch
20240325,nakanoto,reconstructed,reconstructed,1328.9542753726732,189190.25085714285,0.007024433179573105,provisional_md5_mismatch
20240325,hakui,reconstructed,reconstructed,361.03642997293986,189190.25085714285,0.0019083247066761261,provisional_md5_mismatch
20240325,outside_grid,unavailable,outside_bucket_not_predicted,,189190.25085714285,,not_applicable
20240326,nanao,reconstructed,reconstructed,2589.799916224126,189190.25085714285,0.013688865596883627,provisional_md5_mismatch
20240326,wajima,reconstructed,reconstructed,648.4766149310772,189190.25085714285,0.0034276428726802656,provisional_md5_mismatch
20240326,suzu,reconstructed,reconstructed,589.0139867843008,189190.25085714285,0.0031133421733716285,provisional_md5_mismatch
20240326,anamizu,reconstructed,reconstructed,588.5621244693366,189190.25085714285,0.003110953771681177,provisional_md5_mismatch
20240326,noto_cho,reconstructed,reconstructed,615.3111337817343,189190.25085714285,0.0032523405989157146,provisional_md5_mismatch
20240326,shika,reconstructed,reconstructed,1026.5209867981625,189190.25085714285,0.005425866196315191,provisional_md5_mismatch
20240326,nakanoto,reconstructed,reconstructed,1312.501981029489,189190.25085714285,0.006937471540330883,provisional_md5_mismatch
20240326,hakui,reconstructed,reconstructed,360.46808541479356,189190.25085714285,0.001905320616583897,provisional_md5_mismatch
20240326,outside_grid,unavailable,outside_bucket_not_predicted,,189190.25085714285,,not_applicable
20240327,nanao,reconstructed,reconstructed,2583.3020495062406,189190.25085714285,0.013654519922682943,provisional_md5_mismatch
20240327,wajima,reconstructed,reconstructed,653.0140709571189,189190.25085714285,0.0034516264342299985,provisional_md5_mismatch
20240327,suzu,reconstructed,reconstructed,590.5180469390813,189190.25085714285,0.003121292161005591,provisional_md5_mismatch
20240327,anamizu,reconstructed,reconstructed,591.9682633387164,189190.25085714285,0.0031289575475308734,provisional_md5_mismatch
20240327,noto_cho,reconstructed,reconstructed,617.6888391828937,189190.25085714285,0.0032649083997954484,provisional_md5_mismatch
20240327,shika,reconstructed,reconstructed,1029.1073314795312,189190.25085714285,0.005439536798630327,provisional_md5_mismatch
20240327,nakanoto,reconstructed,reconstructed,1320.341409207101,189190.25085714285,0.006978908285311635,provisional_md5_mismatch
20240327,hakui,reconstructed,reconstructed,359.8433111463266,189190.25085714285,0.001902018256839479,provisional_md5_mismatch
20240327,outside_grid,unavailable,outside_bucket_not_predicted,,189190.25085714285,,not_applicable
20240328,nanao,reconstructed,reconstructed,2579.5352595742947,189190.25085714285,0.013634609859057147,provisional_md5_mismatch
20240328,wajima,reconstructed,reconstructed,645.8658528254024,189190.25085714285,0.0034138432075609135,provisional_md5_mismatch
20240328,suzu,reconstructed,reconstructed,584.6577504696007,189190.25085714285,0.0030903164820637323,provisional_md5_mismatch
20240328,anamizu,reconstructed,reconstructed,591.7511820466261,189190.25085714285,0.003127810124283075,provisional_md5_mismatch
20240328,noto_cho,reconstructed,reconstructed,617.2990995084103,189190.25085714285,0.0032628483587905993,provisional_md5_mismatch
20240328,shika,reconstructed,reconstructed,1024.6351283137417,189190.25085714285,0.005415898143120712,provisional_md5_mismatch
20240328,nakanoto,reconstructed,reconstructed,1318.977727325741,189190.25085714285,0.006971700292959061,provisional_md5_mismatch
20240328,hakui,reconstructed,reconstructed,361.5213428462517,189190.25085714285,0.0019108878031946566,provisional_md5_mismatch
20240328,outside_grid,unavailable,outside_bucket_not_predicted,,189190.25085714285,,not_applicable
20240329,nanao,reconstructed,reconstructed,2547.44335690709,189190.25085714285,0.013464982182568483,provisional_md5_mismatch
20240329,wajima,reconstructed,reconstructed,617.7193180110509,189190.25085714285,0.0032650695012688014,provisional_md5_mismatch
20240329,suzu,reconstructed,reconstructed,565.3226498734806,189190.25085714285,0.002988117238135883,provisional_md5_mismatch
20240329,anamizu,reconstructed,reconstructed,579.4243833875136,189190.25085714285,0.0030626545541452646,provisional_md5_mismatch
20240329,noto_cho,reconstructed,reconstructed,607.0556558183487,189190.25085714285,0.003208704745979406,provisional_md5_mismatch
20240329,shika,reconstructed,reconstructed,1013.6417369663859,189190.25085714285,0.005357790543508421,provisional_md5_mismatch
20240329,nakanoto,reconstructed,reconstructed,1315.5205628502067,189190.25085714285,0.006953426811847474,provisional_md5_mismatch
20240329,hakui,reconstructed,reconstructed,358.9028832766592,189190.25085714285,0.0018970474517086297,provisional_md5_mismatch
20240329,outside_grid,unavailable,outside_bucket_not_predicted,,189190.25085714285,,not_applicable
20240330,nanao,reconstructed,reconstructed,2472.86223802497,189190.25085714285,0.01307076990923926,provisional_md5_mismatch
20240330,wajima,reconstructed,reconstructed,560.3522684087416,189190.25085714285,0.0029618453692514123,provisional_md5_mismatch
20240330,suzu,reconstructed,reconstructed,523.6412482791496,189190.25085714285,0.002767802494614535,provisional_md5_mismatch
20240330,anamizu,reconstructed,reconstructed,553.261070784217,189190.25085714285,0.0029243635350004547,provisional_md5_mismatch
20240330,noto_cho,reconstructed,reconstructed,582.4877278367885,189190.25085714285,0.0030788464267993585,provisional_md5_mismatch
20240330,shika,reconstructed,reconstructed,965.006279591048,189190.25085714285,0.005100718854269728,provisional_md5_mismatch
20240330,nakanoto,reconstructed,reconstructed,1325.4907499674596,189190.25085714285,0.007006126076593316,provisional_md5_mismatch
20240330,hakui,reconstructed,reconstructed,358.53067934053416,189190.25085714285,0.0018950800990863948,provisional_md5_mismatch
20240330,outside_grid,unavailable,outside_bucket_not_predicted,,189190.25085714285,,not_applicable
20240331,nanao,reconstructed,reconstructed,2448.1404169512916,189190.25085714285,0.012940098159708436,provisional_md5_mismatch
20240331,wajima,reconstructed,reconstructed,571.0384591712658,189190.25085714285,0.0030183292034559207,provisional_md5_mismatch
20240331,suzu,reconstructed,reconstructed,527.5757445713786,189190.25085714285,0.002788599001170255,provisional_md5_mismatch
20240331,anamizu,reconstructed,reconstructed,545.1682478958519,189190.25085714285,0.0028815874254932263,provisional_md5_mismatch
20240331,noto_cho,reconstructed,reconstructed,580.4400826022023,189190.25085714285,0.0030680232198671345,provisional_md5_mismatch
20240331,shika,reconstructed,reconstructed,952.4416287876019,189190.25085714285,0.005034306072709785,provisional_md5_mismatch
20240331,nakanoto,reconstructed,reconstructed,1343.642016320047,189190.25085714285,0.0071020679460625505,provisional_md5_mismatch
20240331,hakui,reconstructed,reconstructed,356.678612026537,189190.25085714285,0.0018852906553618572,provisional_md5_mismatch
20240331,outside_grid,unavailable,outside_bucket_not_predicted,,189190.25085714285,,not_applicable
20240401,nanao,observed,observed,2609.219848305743,189190.25085714285,0.013791513233290016,not_applicable
20240401,wajima,observed,observed,638.5094298690459,189190.25085714285,0.003374959475851549,not_applicable
20240401,suzu,observed,observed,563.5661332829563,189190.25085714285,0.0029788328454012354,not_applicable
20240401,anamizu,observed,observed,576.3363218803374,189190.25085714285,0.003046332034918267,not_applicable
20240401,noto_cho,observed,observed,613.5283310070163,189190.25085714285,0.0032429172657014458,not_applicable
20240401,shika,observed,observed,1051.816117758002,189190.25085714285,0.005559568281096187,not_applicable
20240401,nakanoto,observed,observed,1331.734923290374,189190.25085714285,0.007039130807516948,not_applicable
20240401,hakui,observed,observed,384.03778847598096,189190.25085714285,0.002029902633650859,not_applicable
20240401,outside_grid,observed,observed,27285.60523205208,189190.25085714285,0.14422310403645155,not_applicable
20240402,nanao,observed,observed,2613.3999097541505,189190.25085714285,0.013813607719815981,not_applicable
20240402,wajima,observed,observed,659.2159607698105,189190.25085714285,0.0034844076678537898,not_applicable
20240402,suzu,observed,observed,609.0420954382873,189190.25085714285,0.0032192044393353743,not_applicable
20240402,anamizu,observed,observed,592.6266163926687,189190.25085714285,0.0031324373941454295,not_applicable
20240402,noto_cho,observed,observed,640.0181971401889,189190.25085714285,0.003382934343818093,not_applicable
20240402,shika,observed,observed,1051.61082993372,189190.25085714285,0.005558483194399848,not_applicable
20240402,nakanoto,observed,observed,1344.6781394487175,189190.25085714285,0.0071075445661525185,not_applicable
20240402,hakui,observed,observed,341.2008328182517,189190.25085714285,0.0018034799957841999,not_applicable
20240402,outside_grid,observed,observed,26886.885305972744,189190.25085714285,0.14211559625382056,not_applicable
20240403,nanao,observed,observed,2590.3211527792178,189190.25085714288,0.013691620688928433,not_applicable
20240403,wajima,observed,observed,666.8906293462732,189190.25085714288,0.0035249735455440607,not_applicable
20240403,suzu,observed,observed,627.3890431252617,189190.25085714288,0.003316180618625014,not_applicable
20240403,anamizu,observed,observed,593.451060597351,189190.25085714288,0.003136795146201611,not_applicable
20240403,noto_cho,observed,observed,609.7709647637779,189190.25085714288,0.003223057012722154,not_applicable
20240403,shika,observed,observed,1056.2501611350658,189190.25085714288,0.005583005235997271,not_applicable
20240403,nakanoto,observed,observed,1320.6140632855427,189190.25085714288,0.006980349448781773,not_applicable
20240403,hakui,observed,observed,367.01239028817423,189190.25085714288,0.001939911748229059,not_applicable
20240403,outside_grid,observed,observed,26631.48725121899,189190.25085714288,0.14076564268276362,not_applicable
20240404,nanao,observed,observed,2615.2345679659275,189190.25085714282,0.013823305144516594,not_applicable
20240404,wajima,observed,observed,671.0012408835404,189190.25085714282,0.003546700941742564,not_applicable
20240404,suzu,observed,observed,603.1639578738988,189190.25085714282,0.003188134457992482,not_applicable
20240404,anamizu,observed,observed,574.9839586044187,189190.25085714282,0.003039183869144441,not_applicable
20240404,noto_cho,observed,observed,607.2696531317039,189190.25085714282,0.0032098358682882237,not_applicable
20240404,shika,observed,observed,1031.4626222676477,189190.25085714282,0.005451986122934543,not_applicable
20240404,nakanoto,observed,observed,1368.9694347103912,189190.25085714282,0.007235940692018519,not_applicable
20240404,hakui,observed,observed,343.1054877942954,189190.25085714282,0.0018135474013054387,not_applicable
20240404,outside_grid,observed,observed,26644.7491768283,189190.25085714282,0.1408357410390438,not_applicable
20240405,nanao,observed,observed,2520.369378772184,189190.25085714285,0.013321877672625475,not_applicable
20240405,wajima,observed,observed,619.3923122595404,189190.25085714285,0.0032739124212443813,not_applicable
20240405,suzu,observed,observed,541.1425098545122,189190.25085714285,0.0028603086438271485,not_applicable
20240405,anamizu,observed,observed,581.9887206224164,189190.25085714285,0.0030762088320389976,not_applicable
20240405,noto_cho,observed,observed,609.6227174289485,189190.25085714285,0.0032222734240638716,not_applicable
20240405,shika,observed,observed,978.8203582650392,189190.25085714285,0.00517373571751403,not_applicable
20240405,nakanoto,observed,observed,1336.4805728250024,189190.25085714285,0.007064214814293872,not_applicable
20240405,hakui,observed,observed,330.2123052740138,189190.25085714285,0.0017453981047012637,not_applicable
20240405,outside_grid,observed,observed,27281.547042548355,189190.25085714285,0.14420165372658972,not_applicable
20240406,nanao,observed,observed,2454.843958603481,189190.25085714285,0.012975530966746952,not_applicable
20240406,wajima,observed,observed,568.974802861033,189190.25085714285,0.0030074213670273353,not_applicable
20240406,suzu,observed,observed,509.4230720102684,189190.25085714285,0.0026926496989262555,not_applicable
20240406,anamizu,observed,observed,579.2057323102729,189190.25085714285,0.0030614988335082335,not_applicable
20240406,noto_cho,observed,observed,582.5838693925691,189190.25085714285,0.0030793546007424925,not_applicable
20240406,shika,observed,observed,967.2089057625808,189190.25085714285,0.0051123612415574105,not_applicable
20240406,nakanoto,observed,observed,1334.0745928999488,189190.25085714285,0.007051497563197935,not_applicable
20240406,hakui,observed,observed,343.89435497775423,189190.25085714285,0.0018177171044475653,not_applicable
20240406,outside_grid,observed,observed,29315.66663657122,189190.25085714285,0.15495336838845578,not_applicable
20240407,nanao,observed,observed,2442.6884168105157,189190.25085714285,0.01291128060639332,not_applicable
20240407,wajima,observed,observed,594.5899933459269,189190.25085714285,0.0031428151855187325,not_applicable
20240407,suzu,observed,observed,525.1829885959502,189190.25085714285,0.002775951647701523,not_applicable
20240407,anamizu,observed,observed,547.6879858319543,189190.25085714285,0.002894905965559041,not_applicable
20240407,noto_cho,observed,observed,567.9026514908426,189190.25085714285,0.003001754313015128,not_applicable
20240407,shika,observed,observed,923.6011033802496,189190.25085714285,0.004881864151010925,not_applicable
20240407,nakanoto,observed,observed,1326.7990405863568,189190.25085714285,0.007013041288201578,not_applicable
20240407,hakui,observed,observed,345.9396477782198,189190.25085714285,0.0018285278771549285,not_applicable
20240407,outside_grid,observed,observed,28112.027675683912,189190.25085714285,0.14859131243983204,not_applicable
20240408,nanao,unavailable,missing_observation,,189190.25085714285,,not_applicable
20240408,wajima,unavailable,missing_observation,,189190.25085714285,,not_applicable
20240408,suzu,unavailable,missing_observation,,189190.25085714285,,not_applicable
20240408,anamizu,unavailable,missing_observation,,189190.25085714285,,not_applicable
20240408,noto_cho,unavailable,missing_observation,,189190.25085714285,,not_applicable
20240408,shika,unavailable,missing_observation,,189190.25085714285,,not_applicable
20240408,nakanoto,unavailable,missing_observation,,189190.25085714285,,not_applicable
20240408,hakui,unavailable,missing_observation,,189190.25085714285,,not_applicable
20240408,outside_grid,unavailable,missing_observation,,189190.25085714285,,not_applicable
20240409,nanao,observed,observed,2590.862337237559,189190.25085714285,0.013694481219298735,not_applicable
20240409,wajima,observed,observed,677.7587403096886,189190.25085714285,0.003582418952557248,not_applicable
20240409,suzu,observed,observed,628.5381137867872,189190.25085714285,0.0033222542437527343,not_applicable
20240409,anamizu,observed,observed,602.0704183923966,189190.25085714285,0.003182354353169174,not_applicable
20240409,noto_cho,observed,observed,621.6657998949102,189190.25085714285,0.003285929359881914,not_applicable
20240409,shika,observed,observed,1009.8586656793027,189190.25085714285,0.0053377944217741155,not_applicable
20240409,nakanoto,observed,observed,1316.5124558276439,189190.25085714285,0.006958669645307144,not_applicable
20240409,hakui,observed,observed,378.4416095864594,189190.25085714285,0.0020003229969403646,not_applicable
20240409,outside_grid,observed,observed,25406.572981841975,189190.25085714285,0.1342911321631812,not_applicable
20240410,nanao,observed,observed,2690.903260212332,189190.25085714282,0.014223265987655082,not_applicable
20240410,wajima,observed,observed,681.8082399304287,189190.25085714282,0.0036038233304382093,not_applicable
20240410,suzu,observed,observed,638.2752379321145,189190.25085714282,0.0033737216111314047,not_applicable
20240410,anamizu,observed,observed,680.3467002949938,189190.25085714282,0.0035960980928595636,not_applicable
20240410,noto_cho,observed,observed,670.0115271587032,189190.25085714282,0.003541469627124854,not_applicable
20240410,shika,observed,observed,1091.9788990464376,189190.25085714282,0.0057718560766167,not_applicable
20240410,nakanoto,observed,observed,1346.9131697416005,189190.25085714282,0.007119358231406183,not_applicable
20240410,hakui,observed,observed,390.335478349391,189190.25085714282,0.002063190236182585,not_applicable
20240410,outside_grid,observed,observed,26183.795755882806,189190.25085714282,0.1383992866294899,not_applicable
20240411,nanao,observed,observed,2556.8293411153572,189190.25085714285,0.0135145935349809,not_applicable
20240411,wajima,observed,observed,692.2910195821901,189190.25085714285,0.003659231997662171,not_applicable
20240411,suzu,observed,observed,614.9265937036497,189190.25085714285,0.003250308041337603,not_applicable
20240411,anamizu,observed,observed,619.4719856317654,189190.25085714285,0.0032743335495629073,not_applicable
20240411,noto_cho,observed,observed,643.5903917809508,189190.25085714285,0.0034018158381053393,not_applicable
20240411,shika,observed,observed,1058.51974064751,189190.25085714285,0.0055950015175295475,not_applicable
20240411,nakanoto,observed,observed,1270.2051361568977,189190.25085714285,0.00671390375773658,not_applicable
20240411,hakui,observed,observed,420.958950403856,189190.25085714285,0.0022250562515598185,not_applicable
20240411,outside_grid,observed,observed,26182.1996107509,189190.25085714285,0.1383908499097082,not_applicable
20240412,nanao,observed,observed,2511.99749602353,189190.25085714285,0.013277626540705493,not_applicable
20240412,wajima,observed,observed,618.9801351431979,189190.25085714285,0.0032717337829980915,not_applicable
20240412,suzu,observed,observed,593.2241643703775,189190.25085714285,0.0031355958443034138,not_applicable
20240412,anamizu,observed,observed,656.8237456288944,189190.25085714285,0.003471763173065723,not_applicable
20240412,noto_cho,observed,observed,610.1468599684039,189190.25085714285,0.0032250438762255486,not_applicable
20240412,shika,observed,observed,1000.5776226942992,189190.25085714285,0.005288737755571946,not_applicable
20240412,nakanoto,observed,observed,1288.0774841728587,189190.25085714285,0.006808371352842506,not_applicable
20240412,hakui,observed,observed,364.5818101091301,189190.25085714285,0.0019270644679488535,not_applicable
20240412,outside_grid,observed,observed,27200.164772977314,189190.25085714285,0.14377149271563733,not_applicable
20240413,nanao,observed,observed,2455.313822841778,189190.25085714288,0.012978014520926767,not_applicable
20240413,wajima,observed,observed,563.2472148247277,189190.25085714288,0.0029771471430102094,not_applicable
20240413,suzu,observed,observed,529.7516221007895,189190.25085714288,0.002800100003571557,not_applicable
20240413,anamizu,observed,observed,589.2135388672043,189190.25085714288,0.003114396942747954,not_applicable
20240413,noto_cho,observed,observed,592.3024696083168,189190.25085714288,0.0031307240564714036,not_applicable
20240413,shika,observed,observed,963.7463912270916,189190.25085714288,0.0050940594817161814,not_applicable
20240413,nakanoto,observed,observed,1303.4322436638045,189190.25085714288,0.00688953176899175,not_applicable
20240413,hakui,observed,observed,396.25189663333447,189190.25085714288,0.0020944625573362306,not_applicable
20240413,outside_grid,observed,observed,29225.918207035673,189190.25085714288,0.1544789864944156,not_applicable
20240414,nanao,observed,observed,2433.207066901833,189190.25085714285,0.012861165180964544,not_applicable
20240414,wajima,observed,observed,560.1937184198113,189190.25085714285,0.0029610073240127596,not_applicable
20240414,suzu,observed,observed,529.288548094562,189190.25085714285,0.002797652340416984,not_applicable
20240414,anamizu,observed,observed,552.9925136838308,189190.25085714285,0.002922944026864229,not_applicable
20240414,noto_cho,observed,observed,610.9022017690066,189190.25085714285,0.0032290363747669937,not_applicable
20240414,shika,observed,observed,978.66372696623,189190.25085714285,0.005172907813866249,not_applicable
20240414,nakanoto,observed,observed,1317.820466684419,189190.25085714285,0.0069655833781810585,not_applicable
20240414,hakui,observed,observed,365.76119054833947,189190.25085714285,0.0019332983010024389,not_applicable
20240414,outside_grid,observed,observed,27966.57870930712,189190.25085714285,0.1478225150746516,not_applicable
20240415,nanao,observed,observed,2556.9514984037924,189190.25085714285,0.013515239219882113,not_applicable
20240415,wajima,observed,observed,648.8692358139716,189190.25085714285,0.003429718142844112,not_applicable
20240415,suzu,observed,observed,597.0044722842753,189190.25085714285,0.0031555773597185624,not_applicable
20240415,anamizu,observed,observed,576.5757254982975,189190.25085714285,0.0030475974469406915,not_applicable
20240415,noto_cho,observed,observed,594.5791416156204,189190.25085714285,0.0031427578266947057,not_applicable
20240415,shika,observed,observed,1064.9067274370766,189190.25085714285,0.005628761115397988,not_applicable
20240415,nakanoto,observed,observed,1306.880102609796,189190.25085714285,0.006907756064008914,not_applicable
20240415,hakui,observed,observed,330.497944578623,189190.25085714285,0.0017469079039816977,not_applicable
20240415,outside_grid,observed,observed,26243.570346026383,189190.25085714285,0.13871523626152832,not_applicable
20240416,nanao,observed,observed,2589.853333585583,189190.25085714285,0.013689147944209746,not_applicable
20240416,wajima,observed,observed,679.1861024344453,189190.25085714285,0.003589963538593208,not_applicable
20240416,suzu,observed,observed,595.5470464127861,189190.25085714285,0.0031478738661987527,not_applicable
20240416,anamizu,observed,observed,576.2315075083367,189190.25085714285,0.00304577801920379,not_applicable
20240416,noto_cho,observed,observed,594.5304391020254,189190.25085714285,0.0031425004005674376,not_applicable
20240416,shika,observed,observed,1034.9062423541861,189190.25085714285,0.005470188012677469,not_applicable
20240416,nakanoto,observed,observed,1306.8024885594032,189190.25085714285,0.006907345820616132,not_applicable
20240416,hakui,observed,observed,355.72013991974137,189190.25085714285,0.0018802244740842638,not_applicable
20240416,outside_grid,observed,observed,26392.23481349971,189190.25085714285,0.1395010297514137,not_applicable
20240417,nanao,observed,observed,2568.201444597218,189190.25085714285,0.013574702887499533,not_applicable
20240417,wajima,observed,observed,685.6595746726964,189190.25085714285,0.0036241802712679762,not_applicable
20240417,suzu,observed,observed,614.8992090196015,189190.25085714285,0.0032501632945341912,not_applicable
20240417,anamizu,observed,observed,590.4445754233284,189190.25085714285,0.003120903813744461,not_applicable
20240417,noto_cho,observed,observed,603.3692677042485,189190.25085714285,0.003189219661005954,not_applicable
20240417,shika,observed,observed,1029.9770963723158,189190.25085714285,0.0054441341015507684,not_applicable
20240417,nakanoto,observed,observed,1288.8428755815364,189190.25085714285,0.006812416970442832,not_applicable
20240417,hakui,observed,observed,362.3563008542851,189190.25085714285,0.0019153011278995533,not_applicable
20240417,outside_grid,observed,observed,26556.058384394106,189190.25085714285,0.14036694948116818,not_applicable
20240418,nanao,observed,observed,2638.346080358541,189190.25085714282,0.013945465310211734,not_applicable
20240418,wajima,observed,observed,647.9379873104314,189190.25085714282,0.003424795856947661,not_applicable
20240418,suzu,observed,observed,601.9961740292517,189190.25085714282,0.003181961920880468,not_applicable
20240418,anamizu,observed,observed,613.085577235054,189190.25085714282,0.003240577008896688,not_applicable
20240418,noto_cho,observed,observed,635.2643836466577,189190.25085714282,0.003357807184929125,not_applicable
20240418,shika,observed,observed,1006.0604790742728,189190.25085714282,0.005317718405236151,not_applicable
20240418,nakanoto,observed,observed,1303.6106003862546,189190.25085714282,0.0068904745063772255,not_applicable
20240418,hakui,observed,observed,403.2256106849183,189190.25085714282,0.002131323410472103,not_applicable
20240418,outside_grid,observed,observed,26860.025576648197,189190.25085714282,0.14197362419552026,not_applicable
20240419,nanao,observed,observed,2557.305701205865,189190.25085714285,0.013517111424186866,not_applicable
20240419,wajima,observed,observed,593.4859980339667,189190.25085714285,0.0031369798144731393,not_applicable
20240419,suzu,observed,observed,549.5275143086197,189190.25085714285,0.002904629132943889,not_applicable
20240419,anamizu,observed,observed,582.891352907773,189190.25085714285,0.003080979861630994,not_applicable
20240419,noto_cho,observed,observed,644.9722559279245,189190.25085714285,0.0034091199361797014,not_applicable
20240419,shika,observed,observed,1027.1229643393983,189190.25085714285,0.005429048059749002,not_applicable
20240419,nakanoto,observed,observed,1282.6955441379282,189190.25085714285,0.006779924115151625,not_applicable
20240419,hakui,observed,observed,339.2145150053207,189190.25085714285,0.0017929809462616595,not_applicable
20240419,outside_grid,observed,observed,27159.279845513676,189190.25085714285,0.14355538788318215,not_applicable
20240420,nanao,observed,observed,2483.421814344961,189190.25085714285,0.013126584499431673,not_applicable
20240420,wajima,observed,observed,542.5599787335339,189190.25085714285,0.0028678009372862436,not_applicable
20240420,suzu,observed,observed,497.0499822907314,189190.25085714285,0.0026272494488421222,not_applicable
20240420,anamizu,observed,observed,591.8223850310275,189190.25085714285,0.0031281864808029207,not_applicable
20240420,noto_cho,observed,observed,584.9910747827423,189190.25085714285,0.0030920783292605696,not_applicable
20240420,shika,observed,observed,965.4277046661241,189190.25085714285,0.0051029463743093,not_applicable
20240420,nakanoto,observed,observed,1284.5749735895388,189190.25085714285,0.006789858186506231,not_applicable
20240420,hakui,observed,observed,350.8022135950458,189190.25085714285,0.00185422986652698,not_applicable
20240420,outside_grid,observed,observed,29500.195474303087,189190.25085714285,0.15592872962877258,not_applicable
20240421,nanao,observed,observed,2479.910996380676,189190.25085714285,0.013108027422899562,not_applicable
20240421,wajima,observed,observed,545.3721243050056,189190.25085714285,0.0028826650518943226,not_applicable
20240421,suzu,observed,observed,518.0334188449862,189190.25085714285,0.0027381612767993636,not_applicable
20240421,anamizu,observed,observed,542.9687216272018,189190.25085714285,0.002869961423314547,not_applicable
20240421,noto_cho,observed,observed,580.021179576679,189190.25085714285,0.003065809030586104,not_applicable
20240421,shika,observed,observed,902.9784144065801,189190.25085714285,0.004772859120993593,not_applicable
20240421,nakanoto,observed,observed,1400.0822015990234,189190.25085714285,0.007400392965577399,not_applicable
20240421,hakui,observed,observed,357.50614832333275,189190.25085714285,0.0018896647512417798,not_applicable
20240421,outside_grid,observed,observed,28372.068469697006,189190.25085714285,0.1499658060664061,not_applicable
20240422,nanao,observed,observed,2574.5931698028144,189190.25085714285,0.013608487531140726,not_applicable
20240422,wajima,observed,observed,630.3565191481562,189190.25085714285,0.0033318657610118454,not_applicable
20240422,suzu,observed,observed,577.2827015400916,189190.25085714285,0.0030513342993344645,not_applicable
20240422,anamizu,observed,observed,603.3065945324465,189190.25085714285,0.003188888390385412,not_applicable
20240422,noto_cho,observed,observed,650.6906004110001,189190.25085714285,0.0034393453016896476,not_applicable
20240422,shika,observed,observed,1020.2485360228663,189190.25085714285,0.005392711999696294,not_applicable
20240422,nakanoto,observed,observed,1365.0884370721026,189190.25085714285,0.007215426962475344,not_applicable
20240422,hakui,observed,observed,357.2455561316127,189190.25085714285,0.0018882873431008242,not_applicable
20240422,outside_grid,observed,observed,26500.344768000057,189190.25085714285,0.1400724648756368,not_applicable
20240423,nanao,observed,observed,2623.9979314444213,189190.25085714285,0.01386962552011095,not_applicable
20240423,wajima,observed,observed,636.8312710214761,189190.25085714285,0.003366089257434021,not_applicable
20240423,suzu,observed,observed,618.314406186106,189190.25085714285,0.003268214949685721,not_applicable
20240423,anamizu,observed,observed,621.1058933472169,189190.25085714285,0.0032829698704517954,not_applicable
20240423,noto_cho,observed,observed,611.7078865714764,189190.25085714285,0.003233294970539342,not_applicable
20240423,shika,observed,observed,1020.4746565301766,189190.25085714285,0.005393907201384995,not_applicable
20240423,nakanoto,observed,observed,1309.393577705174,189190.25085714285,0.006921041500673807,not_applicable
20240423,hakui,observed,observed,376.19941974573754,189190.25085714285,0.001988471488574773,not_applicable
20240423,outside_grid,observed,observed,26608.734768427,189190.25085714285,0.14064538023430814,not_applicable
20240424,nanao,observed,observed,2551.317523099,189190.25085714285,0.013485459803240571,not_applicable
20240424,wajima,observed,observed,670.4967582806387,189190.25085714285,0.0035440344058052407,not_applicable
20240424,suzu,observed,observed,606.7464409795602,189190.25085714285,0.0032070703338604543,not_applicable
20240424,anamizu,observed,observed,592.39329936499,189190.25085714285,0.0031312041539196694,not_applicable
20240424,noto_cho,observed,observed,624.0820535789761,189190.25085714285,0.003298700914827895,not_applicable
20240424,shika,observed,observed,1032.866982939399,189190.25085714285,0.0054594091305440184,not_applicable
20240424,nakanoto,observed,observed,1330.2752614594876,189190.25085714285,0.007031415495420933,not_applicable
20240424,hakui,observed,observed,351.09275624731254,189190.25085714285,0.001855765583356734,not_applicable
20240424,outside_grid,observed,observed,26287.592462648856,189190.25085714285,0.1389479232864835,not_applicable
20240425,nanao,observed,observed,2579.3351961318754,189190.25085714288,0.01363355238679569,not_applicable
20240425,wajima,observed,observed,650.4978009547112,189190.25085714288,0.003438326224567991,not_applicable
20240425,suzu,observed,observed,601.1766978007709,189190.25085714288,0.003177630427979706,not_applicable
20240425,anamizu,observed,observed,602.3887475947239,189190.25085714288,0.003184036940939342,not_applicable
20240425,noto_cho,observed,observed,631.9441156472742,189190.25085714288,0.003340257295416632,not_applicable
20240425,shika,observed,observed,1039.099611816003,189190.25085714288,0.005492352841165293,not_applicable
20240425,nakanoto,observed,observed,1336.6112189317384,189190.25085714288,0.007064905368411454,not_applicable
20240425,hakui,observed,observed,352.9861938389761,189190.25085714288,0.0018657736973218305,not_applicable
20240425,outside_grid,observed,observed,26483.287997876698,189190.25085714288,0.1399823081680576,not_applicable
20240426,nanao,unavailable,missing_observation,,189190.25085714285,,not_applicable
20240426,wajima,unavailable,missing_observation,,189190.25085714285,,not_applicable
20240426,suzu,unavailable,missing_observation,,189190.25085714285,,not_applicable
20240426,anamizu,unavailable,missing_observation,,189190.25085714285,,not_applicable
20240426,noto_cho,unavailable,missing_observation,,189190.25085714285,,not_applicable
20240426,shika,unavailable,missing_observation,,189190.25085714285,,not_applicable
20240426,nakanoto,unavailable,missing_observation,,189190.25085714285,,not_applicable
20240426,hakui,unavailable,missing_observation,,189190.25085714285,,not_applicable
20240426,outside_grid,unavailable,missing_observation,,189190.25085714285,,not_applicable
20240427,nanao,observed,observed,2510.981411686508,189190.25085714285,0.013272255839348428,not_applicable
20240427,wajima,observed,observed,548.4018945901988,189190.25085714285,0.0028986794621055603,not_applicable
20240427,suzu,observed,observed,514.0181195859525,189190.25085714285,0.0027169376712444155,not_applicable
20240427,anamizu,observed,observed,570.0366294243317,189190.25085714285,0.0030130338473665073,not_applicable
20240427,noto_cho,observed,observed,614.3685191067729,189190.25085714285,0.0032473582350217465,not_applicable
20240427,shika,observed,observed,985.6360222425117,189190.25085714285,0.00520976116780332,not_applicable
20240427,nakanoto,observed,observed,1338.6492178619508,189190.25085714285,0.00707567758802097,not_applicable
20240427,hakui,observed,observed,355.717537473706,189190.25085714285,0.0018802107183752694,not_applicable
20240427,outside_grid,observed,observed,31319.17618153642,189190.25085714285,0.16554328798467244,not_applicable
20240428,nanao,observed,observed,2432.5213112550537,189190.25085714285,0.012857540492886418,not_applicable
20240428,wajima,observed,observed,594.8906267826238,189190.25085714285,0.003144404239052595,not_applicable
20240428,suzu,observed,observed,520.6288450590902,189190.25085714285,0.002751879881232442,not_applicable
20240428,anamizu,observed,observed,605.940302079289,189190.25085714285,0.003202809337870339,not_applicable
20240428,noto_cho,observed,observed,622.0668552149629,189190.25085714285,0.0032880492118205614,not_applicable
20240428,shika,observed,observed,966.9959083946467,189190.25085714285,0.005111235404644731,not_applicable
20240428,nakanoto,observed,observed,1410.3765730013754,189190.25085714285,0.00745480576621439,not_applicable
20240428,hakui,observed,observed,388.53047462057924,189190.25085714285,0.0020536495557266204,not_applicable
20240428,outside_grid,observed,observed,33006.773763879086,189190.25085714285,0.1744633965774612,not_applicable
20240429,nanao,observed,observed,2466.8366479619144,189190.25085714282,0.01303892054049137,not_applicable
20240429,wajima,observed,observed,664.2137536677559,189190.25085714282,0.0035108244249292867,not_applicable
20240429,suzu,observed,observed,553.5448155001546,189190.25085714282,0.002925863320082678,not_applicable
20240429,anamizu,observed,observed,549.8425092504248,189190.25085714282,0.0029062940968644824,not_applicable
20240429,noto_cho,observed,observed,676.7215450519784,189190.25085714282,0.003576936665531299,not_applicable
20240429,shika,observed,observed,996.2205681705598,189190.25085714282,0.005265707739469112,not_applicable
20240429,nakanoto,observed,observed,1392.667523884879,189190.25085714282,0.0073612013175905116,not_applicable
20240429,hakui,observed,observed,397.34751669398287,189190.25085714282,0.0021002536594447417,not_applicable
20240429,outside_grid,observed,observed,29655.17287334315,189190.25085714282,0.15674789128397376,not_applicable
20240430,nanao,observed,observed,2578.537492356223,189190.25085714285,0.013629335976214076,not_applicable
20240430,wajima,observed,observed,656.2595421209119,189190.25085714285,0.0034687809712586727,not_applicable
20240430,suzu,observed,observed,612.9464123409315,189190.25085714285,0.003239841427155599,not_applicable
20240430,anamizu,observed,observed,585.758517024494,189190.25085714285,0.0030961347869177414,not_applicable
20240430,noto_cho,observed,observed,629.7279063465948,189190.25085714285,0.0033285431119920708,not_applicable
20240430,shika,observed,observed,963.2952564703382,189190.25085714285,0.005091674925668979,not_applicable
20240430,nakanoto,observed,observed,1327.3317996211235,189190.25085714285,0.007015857284440037,not_applicable
20240430,hakui,observed,observed,376.2242203616028,189190.25085714285,0.0019886025768087222,not_applicable
20240430,outside_grid,observed,observed,27391.617028584733,189190.25085714285,0.14478344895936568,not_applicable
20240501,nanao,observed,observed,2586.201689252586,189190.25085714285,0.013669846503905857,not_applicable
20240501,wajima,observed,observed,697.0462683383354,189190.25085714285,0.0036843667428966705,not_applicable
20240501,suzu,observed,observed,588.621057463808,189190.25085714285,0.0031112652729039115,not_applicable
20240501,anamizu,observed,observed,585.8749167517024,189190.25085714285,0.003096750039166105,not_applicable
20240501,noto_cho,observed,observed,630.3813351892812,189190.25085714285,0.003331996930778853,not_applicable
20240501,shika,observed,observed,969.6717548953342,189190.25085714285,0.005125379085350075,not_applicable
20240501,nakanoto,observed,observed,1330.3631332543503,189190.25085714285,0.007031879958015937,not_applicable
20240501,hakui,observed,observed,363.24813005649423,189190.25085714285,0.001920015055801063,not_applicable
20240501,outside_grid,observed,observed,27433.75632492358,189190.25085714285,0.14500618399009763,not_applicable
20240502,nanao,observed,observed,2557.4463453722983,189190.25085714285,0.013517854824894865,not_applicable
20240502,wajima,observed,observed,652.256911234467,189190.25085714285,0.0034476243267259304,not_applicable
20240502,suzu,observed,observed,553.8352403722229,189190.25085714285,0.0029273984143634475,not_applicable
20240502,anamizu,observed,observed,583.7979070316343,189190.25085714285,0.0030857716208244727,not_applicable
20240502,noto_cho,observed,observed,609.4937382490409,189190.25085714285,0.003221591680795795,not_applicable
20240502,shika,observed,observed,956.43486896672,189190.25085714285,0.0050554130809252005,not_applicable
20240502,nakanoto,observed,observed,1322.0552570638426,189190.25085714285,0.006987967144576196,not_applicable
20240502,hakui,observed,observed,359.8364556090713,189190.25085714285,0.0019019820206316184,not_applicable
20240502,outside_grid,observed,observed,29208.764246091916,189190.25085714285,0.15438831606681144,not_applicable
20240503,nanao,observed,observed,2508.8549797221185,189190.25085714285,0.013261016190609893,not_applicable
20240503,wajima,observed,observed,598.6824713819328,189190.25085714285,0.0031644467337484353,not_applicable
20240503,suzu,observed,observed,585.9020583837857,189190.25085714285,0.0030968935012734835,not_applicable
20240503,anamizu,observed,observed,625.8408490029943,189190.25085714285,0.0033079973527577033,not_applicable
20240503,noto_cho,observed,observed,645.1113154767621,189190.25085714285,0.0034098549610988376,not_applicable
20240503,shika,observed,observed,1036.4116165684557,189190.25085714285,0.005478144946015468,not_applicable
20240503,nakanoto,observed,observed,1414.2325758261663,189190.25085714285,0.007475187381056175,not_applicable
20240503,hakui,observed,observed,397.79035456731475,189190.25085714285,0.0021025943607828152,not_applicable
20240503,outside_grid,observed,observed,36531.113156600906,189190.25085714285,0.19309194311595618,not_applicable
20240504,nanao,observed,observed,2467.984225212389,189190.25085714285,0.013044986271919258,not_applicable
20240504,wajima,observed,observed,612.4127285862933,189190.25085714285,0.0032370205431395344,not_applicable
20240504,suzu,observed,observed,538.6787570110419,189190.25085714285,0.0028472860233046417,not_applicable
20240504,anamizu,observed,observed,583.6604869530091,189190.25085714285,0.0030850452616278303,not_applicable
20240504,noto_cho,observed,observed,636.3562329429305,189190.25085714285,0.0033635783559663535,not_applicable
20240504,shika,observed,observed,1107.9130321341104,189190.25085714285,0.005856078878877818,not_applicable
20240504,nakanoto,observed,observed,1490.4080096807272,189190.25085714285,0.007877826700521324,not_applicable
20240504,hakui,observed,observed,361.4567519612867,189190.25085714285,0.0019105463961471352,not_applicable
20240504,outside_grid,observed,observed,37314.19835435386,189190.25085714285,0.19723108450514043,not_applicable
20240505,nanao,observed,observed,2436.9558894252245,189190.25085714285,0.012880980274535207,not_applicable
20240505,wajima,observed,observed,585.1715154318173,189190.25085714285,0.003093032081624962,not_applicable
20240505,suzu,observed,observed,504.1074868786227,189190.25085714285,0.002664553192327406,not_applicable
20240505,anamizu,observed,observed,528.3763451162874,189190.25085714285,0.0027928307231605888,not_applicable
20240505,noto_cho,observed,observed,636.025347008666,189190.25085714285,0.0033618293972712547,not_applicable
20240505,shika,observed,observed,982.4356056707644,189190.25085714285,0.005192844775139071,not_applicable
20240505,nakanoto,observed,observed,1378.8940906570078,189190.25085714285,0.007288399293355808,not_applicable
20240505,hakui,observed,observed,385.985616701111,189190.25085714285,0.0020401982393509687,not_applicable
20240505,outside_grid,observed,observed,34459.462582381966,189190.25085714285,0.18214185152913737,not_applicable
20240506,nanao,observed,observed,2474.97827208267,189190.25085714285,0.013081954597922284,not_applicable
20240506,wajima,observed,observed,596.130605176582,189190.25085714285,0.0031509583737838525,not_applicable
20240506,suzu,observed,observed,548.7586920404399,189190.25085714285,0.0029005653809022454,not_applicable
20240506,anamizu,observed,observed,516.3946910401014,189190.25085714285,0.002729499478437871,not_applicable
20240506,noto_cho,observed,observed,582.2457340849544,189190.25085714285,0.0030775673241461416,not_applicable
20240506,shika,observed,observed,975.6163834676178,189190.25085714285,0.005156800517191045,not_applicable
20240506,nakanoto,observed,observed,1369.9058846136975,189190.25085714285,0.0072408904708737365,not_applicable
20240506,hakui,observed,observed,347.32596657145604,189190.25085714285,0.0018358555210845463,not_applicable
20240506,outside_grid,observed,observed,28324.830742999726,189190.25085714285,0.14971612234072115,not_applicable
20240507,nanao,observed,observed,2597.257905309081,189190.25085714285,0.013728286175117262,not_applicable
20240507,wajima,observed,observed,684.4049689951943,189190.25085714285,0.0036175488213289965,not_applicable
20240507,suzu,observed,observed,589.0524035855549,189190.25085714285,0.0031135452324673276,not_applicable
20240507,anamizu,observed,observed,583.1572008173433,189190.25085714285,0.0030823850498389797,not_applicable
20240507,noto_cho,observed,observed,625.6400906073108,189190.25085714285,0.003306936207192464,not_applicable
20240507,shika,observed,observed,981.9723468191918,189190.25085714285,0.005190396134950299,not_applicable
20240507,nakanoto,observed,observed,1286.1835245883162,189190.25085714285,0.006798360479787675,not_applicable
20240507,hakui,observed,observed,359.70094350800196,189190.25085714285,0.001901265746402606,not_applicable
20240507,outside_grid,observed,observed,25686.708506156112,189190.25085714285,0.1357718401967345,not_applicable
20240508,nanao,observed,observed,2583.359425517459,189190.25085714285,0.013654823194183235,not_applicable
20240508,wajima,observed,observed,717.4638025370763,189190.25085714285,0.003792287389474586,not_applicable
20240508,suzu,observed,observed,565.8338836496132,189190.25085714285,0.0029908194586457477,not_applicable
20240508,anamizu,observed,observed,603.7884534084006,189190.25085714285,0.0031914353444370664,not_applicable
20240508,noto_cho,observed,observed,626.1091309092257,189190.25085714285,0.0033094154063044155,not_applicable
20240508,shika,observed,observed,994.9183000789806,189190.25085714285,0.005258824361040893,not_applicable
20240508,nakanoto,observed,observed,1302.5104212506908,189190.25085714285,0.006884659306436533,not_applicable
20240508,hakui,observed,observed,346.8652119643018,189190.25085714285,0.001833420117541992,not_applicable
20240508,outside_grid,observed,observed,25946.421983638673,189190.25085714285,0.1371446037313559,not_applicable
20240509,nanao,observed,observed,2590.240676750413,189190.25085714285,0.013691195318020368,not_applicable
20240509,wajima,observed,observed,709.3757199384291,189190.25085714285,0.0037495363356438343,not_applicable
20240509,suzu,observed,observed,583.9596709226958,189190.25085714285,0.0030866266537362035,not_applicable
20240509,anamizu,observed,observed,600.4939215794516,189190.25085714285,0.003174021488204925,not_applicable
20240509,noto_cho,observed,observed,654.9817930619424,189190.25085714285,0.0034620271927041195,not_applicable
20240509,shika,observed,observed,1004.8315058219359,189190.25085714285,0.0053112224402127465,not_applicable
20240509,nakanoto,observed,observed,1294.4627261331766,189190.25085714285,0.006842121728093815,not_applicable
20240509,hakui,observed,observed,404.4315288484886,189190.25085714285,0.002137697513567303,not_applicable
20240509,outside_grid,observed,observed,25848.76439747568,189190.25085714285,0.1366284165297398,not_applicable
20240510,nanao,observed,observed,2574.247112730963,189190.25085714285,0.013606658382596953,not_applicable
20240510,wajima,observed,observed,679.5520394232782,189190.25085714285,0.0035918977661085,not_applicable
20240510,suzu,observed,observed,557.9538752319471,189190.25085714285,0.0029491682193140962,not_applicable
20240510,anamizu,observed,observed,608.270356966291,189190.25085714285,0.0032151252731600567,not_applicable
20240510,noto_cho,observed,observed,623.6448374962292,189190.25085714285,0.0032963899285018768,not_applicable
20240510,shika,observed,observed,998.5026264170915,189190.25085714285,0.005277769979654283,not_applicable
20240510,nakanoto,observed,observed,1279.1567800908767,189190.25085714285,0.0067612193244395305,not_applicable
20240510,hakui,observed,observed,340.00896638633526,189190.25085714285,0.0017971801657109452,not_applicable
20240510,outside_grid,observed,observed,25789.712712937984,189190.25085714285,0.13631628794874712,not_applicable
20240511,nanao,observed,observed,2489.8203117360435,189190.25085714285,0.013160404938709562,not_applicable
20240511,wajima,observed,observed,613.3830951338438,189190.25085714285,0.0032421495946797388,not_applicable
20240511,suzu,observed,observed,530.5646715065166,189190.25085714285,0.0028043975263141057,not_applicable
20240511,anamizu,observed,observed,575.0466516879787,189190.25085714285,0.003039515245012256,not_applicable
20240511,noto_cho,observed,observed,585.6794057225823,189190.25085714285,0.003095716629525628,not_applicable
20240511,shika,observed,observed,964.4590746800753,189190.25085714285,0.0050978265016855245,not_applicable
20240511,nakanoto,observed,observed,1356.505299130285,189190.25085714285,0.007170059202229079,not_applicable
20240511,hakui,observed,observed,372.7316804240486,189190.25085714285,0.001970142112161464,not_applicable
20240511,outside_grid,observed,observed,28521.533538106523,189190.25085714285,0.15075583128035003,not_applicable
20240512,nanao,observed,observed,2453.26221139499,189190.25085714285,0.012967170349847694,not_applicable
20240512,wajima,observed,observed,612.4027299653939,189190.25085714285,0.003236967693582783,not_applicable
20240512,suzu,observed,observed,520.6133178059569,189190.25085714285,0.0027517978090692997,not_applicable
20240512,anamizu,observed,observed,561.081798967963,189190.25085714285,0.002965701437711157,not_applicable
20240512,noto_cho,observed,observed,610.0699603746015,189190.25085714285,0.0032246374092249814,not_applicable
20240512,shika,observed,observed,887.0609930899861,189190.25085714285,0.004688724651883907,not_applicable
20240512,nakanoto,observed,observed,1381.1010225138739,189190.25085714285,0.007300064439138253,not_applicable
20240512,hakui,observed,observed,337.33876778153376,189190.25085714285,0.001783066338002044,not_applicable
20240512,outside_grid,observed,observed,27838.765172691532,189190.25085714285,0.14714693302940077,not_applicable
20240513,nanao,observed,observed,2600.6459343687748,189190.25085714288,0.013746194228224352,not_applicable
20240513,wajima,observed,observed,690.2269254841195,189190.25085714288,0.003648321847225142,not_applicable
20240513,suzu,observed,observed,592.8166331118081,189190.25085714288,0.003133441762596121,not_applicable
20240513,anamizu,observed,observed,550.757413305829,189190.25085714288,0.0029111299911627297,not_applicable
20240513,noto_cho,observed,observed,605.5388350395756,189190.25085714288,0.003200687309711411,not_applicable
20240513,shika,observed,observed,1005.2438359045192,189190.25085714288,0.005313401886990342,not_applicable
20240513,nakanoto,observed,observed,1364.6935112666763,189190.25085714288,0.00721333950921791,not_applicable
20240513,hakui,observed,observed,355.7469449503432,189190.25085714288,0.0018803661570223665,not_applicable
20240513,outside_grid,observed,observed,26179.158487766937,189190.25085714288,0.13837477549271163,not_applicable
20240514,nanao,observed,observed,2568.046425538812,189190.25085714285,0.013573883505646062,not_applicable
20240514,wajima,observed,observed,697.6893992435483,189190.25085714285,0.003687766130033688,not_applicable
20240514,suzu,observed,observed,595.0016451661544,189190.25085714285,0.0031449910472154236,not_applicable
20240514,anamizu,observed,observed,561.9407354124547,189190.25085714285,0.0029702415048689533,not_applicable
20240514,noto_cho,observed,observed,634.3147613489207,189190.25085714285,0.0033527877809511994,not_applicable
20240514,shika,observed,observed,996.6585430334518,189190.25085714285,0.005268022736467677,not_applicable
20240514,nakanoto,observed,observed,1273.1765819189804,189190.25085714285,0.0067296098829128,not_applicable
20240514,hakui,observed,observed,336.29292156342115,189190.25085714285,0.0017775383247277112,not_applicable
20240514,outside_grid,observed,observed,26429.308070869487,189190.25085714285,0.13969698729786134,not_applicable
20240515,nanao,observed,observed,2604.0451636862404,189190.25085714282,0.01376416148236174,not_applicable
20240515,wajima,observed,observed,705.9453743789738,189190.25085714282,0.003731404610864604,not_applicable
20240515,suzu,observed,observed,583.4508486591839,189190.25085714282,0.00308393717972152,not_applicable
20240515,anamizu,observed,observed,594.2869028574728,189190.25085714282,0.0031412131447841763,not_applicable
20240515,noto_cho,observed,observed,609.6458318515696,189190.25085714282,0.003222395599612117,not_applicable
20240515,shika,observed,observed,1042.428413875412,189190.25085714282,0.005509947839027644,not_applicable
20240515,nakanoto,observed,observed,1288.3597308974515,189190.25085714282,0.006809863220014912,not_applicable
20240515,hakui,observed,observed,350.61702323333714,189190.25085714282,0.0018532510086795506,not_applicable
20240515,outside_grid,observed,observed,26894.615387362326,189190.25085714282,0.14215645502616514,not_applicable
20240516,nanao,observed,observed,2593.736401911058,189190.25085714285,0.01370967261875234,not_applicable
20240516,wajima,observed,observed,694.7726085807999,189190.25085714285,0.0036723488944756526,not_applicable
20240516,suzu,observed,observed,577.4599298389388,189190.25085714285,0.0030522710722286506,not_applicable
20240516,anamizu,observed,observed,615.563087894295,189190.25085714285,0.0032536723488944754,not_applicable
20240516,noto_cho,observed,observed,620.5371454729501,189190.25085714285,0.003279963648557749,not_applicable
20240516,shika,observed,observed,1019.8695039102462,189190.25085714285,0.005390708555486548,not_applicable
20240516,nakanoto,observed,observed,1299.7306303168307,189190.25085714285,0.006869966208238999,not_applicable
20240516,hakui,observed,observed,375.2128716879695,189190.25085714285,0.0019832569066748156,not_applicable
20240516,outside_grid,observed,observed,26922.696670399226,189190.25085714285,0.14230488383214046,not_applicable
20240517,nanao,observed,observed,2546.1875206562886,189190.25085714288,0.013458344228207134,not_applicable
20240517,wajima,observed,observed,644.4147899403582,189190.25085714288,0.0034061733467807193,not_applicable
20240517,suzu,observed,observed,534.4525060011276,189190.25085714288,0.0028249473933236206,not_applicable
20240517,anamizu,observed,observed,547.3615316221002,189190.25085714288,0.0028931804315615165,not_applicable
20240517,noto_cho,observed,observed,622.2715708094933,189190.25085714288,0.0032891312738909,not_applicable
20240517,shika,observed,observed,1023.0167238459526,189190.25085714288,0.005407343767509618,not_applicable
20240517,nakanoto,observed,observed,1272.6226280062112,189190.25085714288,0.006726681857233572,not_applicable
20240517,hakui,observed,observed,349.8628622676634,189190.25085714288,0.001849264751659133,not_applicable
20240517,outside_grid,observed,observed,27291.0935597011,189190.25085714288,0.1442521136055184,not_applicable
20240518,nanao,observed,observed,2474.833913027957,189190.25085714282,0.013081191561486427,not_applicable
20240518,wajima,observed,observed,573.2466310395829,189190.25085714282,0.0030300009035478274,not_applicable
20240518,suzu,observed,observed,508.5046379196027,189190.25085714282,0.002687795145974903,not_applicable
20240518,anamizu,observed,observed,598.2985403652201,189190.25085714282,0.0031624173954766526,not_applicable
20240518,noto_cho,observed,observed,597.021384203521,189190.25085714282,0.0031556667507900856,not_applicable
20240518,shika,observed,observed,952.7584966275707,189190.25085714282,0.0050359809361794055,not_applicable
20240518,nakanoto,observed,observed,1357.9117282312104,189190.25085714282,0.007177493142902838,not_applicable
20240518,hakui,observed,observed,363.79302052092123,189190.25085714282,0.0019228951749507464,not_applicable
20240518,outside_grid,observed,observed,29800.86714874311,189190.25085714282,0.15751798527528613,not_applicable
20240519,nanao,observed,observed,2447.23433940102,189190.25085714288,0.012935308919532651,not_applicable
20240519,wajima,observed,observed,605.9265445164469,189190.25085714288,0.003202736619731958,not_applicable
20240519,suzu,observed,observed,517.0084283014768,189190.25085714288,0.002732743500043608,not_applicable
20240519,anamizu,observed,observed,563.7591904351207,189190.25085714288,0.0029798532846220176,not_applicable
20240519,noto_cho,observed,observed,541.3514177348992,189190.25085714288,0.0028614128649983787,not_applicable
20240519,shika,observed,observed,930.2281275960178,189190.25085714288,0.004916892511012266,not_applicable
20240519,nakanoto,observed,observed,1365.7537460785068,189190.25085714288,0.007218943576060821,not_applicable
20240519,hakui,observed,observed,344.4685785097703,189190.25085714288,0.0018207522689415835,not_applicable
20240519,outside_grid,observed,observed,28587.02158284454,189190.25085714288,0.15110198043148923,not_applicable
20240520,nanao,observed,observed,2588.188568910684,189190.25085714285,0.013680348523164756,not_applicable
20240520,wajima,observed,observed,675.7667537727556,189190.25085714285,0.003571889939947411,not_applicable
20240520,suzu,observed,observed,542.7245797609229,189190.25085714285,0.002868670966405838,not_applicable
20240520,anamizu,observed,observed,580.8588984019128,189190.25085714285,0.0030702369481000274,not_applicable
20240520,noto_cho,observed,observed,609.4834118955235,189190.25085714285,0.0032215370989477844,not_applicable
20240520,shika,observed,observed,1065.0981765064544,189190.25085714285,0.005629773054800311,not_applicable
20240520,nakanoto,observed,observed,1266.420751476469,189190.25085714285,0.006693900693819263,not_applicable
20240520,hakui,observed,observed,329.80004251110574,189190.25085714285,0.0017432190137542396,not_applicable
20240520,outside_grid,observed,observed,26489.942630230256,189190.25085714285,0.14001748245596837,not_applicable
20240521,nanao,observed,observed,2649.04776068047,189190.25085714285,0.014002031017342223,not_applicable
20240521,wajima,observed,observed,674.1505867199212,189190.25085714285,0.003563347390606141,not_applicable
20240521,suzu,observed,observed,576.5636202509929,189190.25085714285,0.0030475334624211416,not_applicable
20240521,anamizu,observed,observed,580.7568102164546,189190.25085714285,0.0030696973421478406,not_applicable
20240521,noto_cho,observed,observed,626.3101012048804,189190.25085714285,0.0033104776719060742,not_applicable
20240521,shika,observed,observed,1039.0534134870375,189190.25085714285,0.005492108651368217,not_applicable
20240521,nakanoto,observed,observed,1266.438669341396,189190.25085714285,0.0066939954020024065,not_applicable
20240521,hakui,observed,observed,362.32973292467364,189190.25085714285,0.0019151606982025096,not_applicable
20240521,outside_grid,observed,observed,26612.080115803103,189190.25085714285,0.14066306268549655,not_applicable
20240522,nanao,observed,observed,2563.578384577796,189190.25085714282,0.013550266850238224,not_applicable
20240522,wajima,observed,observed,709.6906515672352,189190.25085714282,0.0037512009649118827,not_applicable
20240522,suzu,observed,observed,575.2983572529555,189190.25085714282,0.0030408456812468744,not_applicable
20240522,anamizu,observed,observed,586.8559035301608,189190.25085714282,0.0031019352258975256,not_applicable
20240522,noto_cho,observed,observed,620.4778563365762,189190.25085714282,0.0032796502648812374,not_applicable
20240522,shika,observed,observed,1035.6898701135306,189190.25085714282,0.005474330021876116,not_applicable
20240522,nakanoto,observed,observed,1264.7394236072357,189190.25085714282,0.006685013724952656,not_applicable
20240522,hakui,observed,observed,363.632881630749,189190.25085714282,0.00192204873128123,not_applicable
20240522,outside_grid,observed,observed,26775.014047829434,189190.25085714282,0.14152428006476503,not_applicable
20240523,nanao,observed,observed,2584.4399032874408,189190.25085714285,0.013660534258918795,not_applicable
20240523,wajima,observed,observed,677.1182856871554,189190.25085714285,0.0035790337114064404,not_applicable
20240523,suzu,observed,observed,572.8653856469791,189190.25085714285,0.0030279857606381024,not_applicable
20240523,anamizu,observed,observed,605.7370608200503,189190.25085714285,0.003201735068671382,not_applicable
20240523,noto_cho,observed,observed,635.5509057444636,189190.25085714285,0.0033593216503759846,not_applicable
20240523,shika,observed,observed,999.0504765536568,189190.25085714285,0.00528066574269748,not_applicable
20240523,nakanoto,observed,observed,1262.406106719307,189190.25085714285,0.006672680547754795,not_applicable
20240523,hakui,observed,observed,384.04436779236204,189190.25085714285,0.002029937409842292,not_applicable
20240523,outside_grid,observed,observed,26964.042689859503,189190.25085714285,0.14252342585147262,not_applicable
20240524,nanao,observed,observed,2576.9457032708124,189190.25085714285,0.013620922281120386,not_applicable
20240524,wajima,observed,observed,658.3202952140922,189190.25085714285,0.0034796734621975233,not_applicable
20240524,suzu,observed,observed,533.1513853517265,189190.25085714285,0.0028180700799128808,not_applicable
20240524,anamizu,observed,observed,542.3354884202964,189190.25085714285,0.002866614352289288,not_applicable
20240524,noto_cho,observed,observed,605.2986692512143,189190.25085714285,0.0031994178690966163,not_applicable
20240524,shika,observed,observed,993.9661238540979,189190.25085714285,0.005253791457809523,not_applicable
20240524,nakanoto,observed,observed,1281.5137632277779,189190.25085714285,0.006773677593965697,not_applicable
20240524,hakui,observed,observed,363.10345637078143,189190.25085714285,0.0019192503563249677,not_applicable
20240524,outside_grid,observed,observed,27831.619556764337,189190.25085714285,0.14710916355716414,not_applicable
20240525,nanao,observed,observed,2483.17303967603,189190.25085714285,0.013125269554989218,not_applicable
20240525,wajima,observed,observed,574.4321908009072,189190.25085714285,0.003036267398549303,not_applicable
20240525,suzu,observed,observed,498.4742151578122,189190.25085714285,0.0026347774946089003,not_applicable
20240525,anamizu,observed,observed,560.7834920525387,189190.25085714285,0.002964124681435013,not_applicable
20240525,noto_cho,observed,observed,572.454118518535,189190.25085714285,0.0030258119323008557,not_applicable
20240525,shika,observed,observed,933.1555992091182,189190.25085714285,0.0049323662027053496,not_applicable
20240525,nakanoto,observed,observed,1282.3842606619428,189190.25085714285,0.006778278768868848,not_applicable
20240525,hakui,observed,observed,380.6800107425434,189190.25085714285,0.0020121544795138205,not_applicable
20240525,outside_grid,observed,observed,30379.036305445094,189190.25085714285,0.16057400509703978,not_applicable
20240526,nanao,observed,observed,2479.710818680651,189190.25085714285,0.013106969346708436,not_applicable
20240526,wajima,observed,observed,566.4583656150791,189190.25085714285,0.0029941202733686874,not_applicable
20240526,suzu,observed,observed,516.2063793398142,189190.25085714285,0.0027285041221791107,not_applicable
20240526,anamizu,observed,observed,544.3965179820361,189190.25085714285,0.002877508304553752,not_applicable
20240526,noto_cho,observed,observed,574.9358348444429,189190.25085714285,0.0030389295021262786,not_applicable
20240526,shika,observed,observed,954.9920155970049,189190.25085714285,0.005047786613053953,not_applicable
20240526,nakanoto,observed,observed,1330.6562544596559,189190.25085714285,0.0070334293042638414,not_applicable
20240526,hakui,observed,observed,338.58807825711995,189190.25085714285,0.0017896697991736745,not_applicable
20240526,outside_grid,observed,observed,29041.460401580152,189190.25085714285,0.15350400070830975,not_applicable
20240527,nanao,observed,observed,2594.342586321074,189190.25085714285,0.01371287671836778,not_applicable
20240527,wajima,observed,observed,702.9641969365216,189190.25085714285,0.0037156470470950873,not_applicable
20240527,suzu,observed,observed,581.1751996244776,189190.25085714285,0.0030719088166087467,not_applicable
20240527,anamizu,observed,observed,589.0417262991077,189190.25085714285,0.003113488795698526,not_applicable
20240527,noto_cho,observed,observed,591.6954943339226,189190.25085714285,0.0031275157765962825,not_applicable
20240527,shika,observed,observed,1030.0411072274665,189190.25085714285,0.005444472442743618,not_applicable
20240527,nakanoto,observed,observed,1291.9111458058153,189190.25085714285,0.006828634879190126,not_applicable
20240527,hakui,observed,observed,361.95500446279846,189190.25085714285,0.001913180001733334,not_applicable
20240527,outside_grid,observed,observed,26769.316386617087,189190.25085714285,0.14149416402450113,not_applicable
20240528,nanao,observed,observed,2637.659877709904,189190.25085714285,0.01394183825942276,not_applicable
20240528,wajima,observed,observed,674.7457860347655,189190.25085714285,0.003566493426472935,not_applicable
20240528,suzu,observed,observed,592.3485797491468,189190.25085714285,0.003130967780133808,not_applicable
20240528,anamizu,observed,observed,595.2913371164901,189190.25085714285,0.0031465222675030615,not_applicable
20240528,noto_cho,observed,observed,614.0870132046845,189190.25085714285,0.0032458702836034624,not_applicable
20240528,shika,observed,observed,997.2150369014087,189190.25085714285,0.005270964187548985,not_applicable
20240528,nakanoto,observed,observed,1330.9806789523702,189190.25085714285,0.007035144109816689,not_applicable
20240528,hakui,observed,observed,356.35842441959903,189190.25085714285,0.0018835982446510128,not_applicable
20240528,outside_grid,observed,observed,26722.13544861937,189190.25085714285,0.1412447804659723,not_applicable
20240529,nanao,unavailable,missing_observation,,189190.25085714285,,not_applicable
20240529,wajima,unavailable,missing_observation,,189190.25085714285,,not_applicable
20240529,suzu,unavailable,missing_observation,,189190.25085714285,,not_applicable
20240529,anamizu,unavailable,missing_observation,,189190.25085714285,,not_applicable
20240529,noto_cho,unavailable,missing_observation,,189190.25085714285,,not_applicable
20240529,shika,unavailable,missing_observation,,189190.25085714285,,not_applicable
20240529,nakanoto,unavailable,missing_observation,,189190.25085714285,,not_applicable
20240529,hakui,unavailable,missing_observation,,189190.25085714285,,not_applicable
20240529,outside_grid,unavailable,missing_observation,,189190.25085714285,,not_applicable
20240530,nanao,observed,observed,2570.901680472341,189190.25085714285,0.013588975482746325,not_applicable
20240530,wajima,observed,observed,713.2221951616598,189190.25085714285,0.0037698675905885465,not_applicable
20240530,suzu,observed,observed,573.8986194410253,189190.25085714285,0.0030334471086164738,not_applicable
20240530,anamizu,observed,observed,598.614240065439,189190.25085714285,0.0031640860845279567,not_applicable
20240530,noto_cho,observed,observed,609.9700657577374,189190.25085714285,0.003224109397784585,not_applicable
20240530,shika,observed,observed,1027.1773760663775,189190.25085714285,0.005429335662977671,not_applicable
20240530,nakanoto,observed,observed,1326.7230638657425,189190.25085714285,0.007012639699217631,not_applicable
20240530,hakui,observed,observed,348.2135121949287,189190.25085714285,0.0018405468073397924,not_applicable
20240530,outside_grid,observed,observed,27053.20302910756,189190.25085714285,0.1429946992857226,not_applicable
20240531,nanao,observed,observed,2557.554002926326,189190.25085714285,0.013518423868772866,not_applicable
20240531,wajima,observed,observed,673.6667499954362,189190.25085714285,0.0035607899822709182,not_applicable
20240531,suzu,observed,observed,556.5730059536169,189190.25085714285,0.002941869379801626,not_applicable
20240531,anamizu,observed,observed,578.1975764258557,189190.25085714285,0.003056170039451195,not_applicable
20240531,noto_cho,observed,observed,598.4056903169442,189190.25085714285,0.003162983756328961,not_applicable
20240531,shika,observed,observed,1010.500124993155,189190.25085714285,0.005341184973406381,not_applicable
20240531,nakanoto,observed,observed,1268.389653201388,189190.25085714285,0.006704307687393185,not_applicable
20240531,hakui,observed,observed,344.1989492197036,189190.25085714285,0.0018193270935488504,not_applicable
20240531,outside_grid,observed,observed,27420.805232748087,189190.25085714285,0.14493772860131932,not_applicable
20240601,nanao,observed,observed,2466.1298901867067,189190.25085714288,0.013035184841785931,not_applicable
20240601,wajima,observed,observed,580.341215716664,189190.25085714288,0.003067500640690404,not_applicable
20240601,suzu,observed,observed,524.6623590551059,189190.25085714288,0.002773199764142589,not_applicable
20240601,anamizu,observed,observed,526.4361987363591,189190.25085714288,0.002782575721271546,not_applicable
20240601,noto_cho,observed,observed,530.0824247478241,189190.25085714288,0.0028018485220366253,not_applicable
20240601,shika,observed,observed,948.9056828214904,189190.25085714288,0.005015616177484784,not_applicable
20240601,nakanoto,observed,observed,1290.1727281648095,189190.25085714288,0.006819446151794661,not_applicable
20240601,hakui,observed,observed,376.05401242567314,189190.25085714288,0.001987702911338865,not_applicable
20240601,outside_grid,observed,observed,29170.793558208472,189190.25085714288,0.15418761498569644,not_applicable
20240602,nanao,observed,observed,2530.9646800528863,189190.25085714285,0.013377881093693417,not_applicable
20240602,wajima,observed,observed,615.3822620382263,189190.25085714285,0.003252716560447399,not_applicable
20240602,suzu,observed,observed,520.3057025533207,189190.25085714285,0.0027501718518582775,not_applicable
20240602,anamizu,observed,observed,522.4595404704543,189190.25085714285,0.002761556359819843,not_applicable
20240602,noto_cho,observed,observed,573.7413956403063,189190.25085714285,0.0030326160731904586,not_applicable
20240602,shika,observed,observed,908.5093461891015,189190.25085714285,0.004802093882073844,not_applicable
20240602,nakanoto,observed,observed,1310.2513995897239,189190.25085714285,0.006925575676619256,not_applicable
20240602,hakui,observed,observed,347.690978051598,189190.25085714285,0.0018377848566527813,not_applicable
20240602,outside_grid,observed,observed,27803.99623599047,189190.25085714285,0.14696315539528096,not_applicable
20240603,nanao,observed,observed,2583.659278669242,189190.25085714285,0.013656408123377128,not_applicable
20240603,wajima,observed,observed,738.4066512408727,189190.25085714285,0.0039029846828547315,not_applicable
20240603,suzu,observed,observed,588.8535193418547,189190.25085714285,0.0031124939930784108,not_applicable
20240603,anamizu,observed,observed,577.9665097400109,189190.25085714285,0.003054948693822665,not_applicable
20240603,noto_cho,observed,observed,647.4905710570509,189190.25085714285,0.00342243095573656,not_applicable
20240603,shika,observed,observed,1024.2384033313967,189190.25085714285,0.005413801179981504,not_applicable
20240603,nakanoto,observed,observed,1356.578696440326,189190.25085714285,0.007170447157262219,not_applicable
20240603,hakui,observed,observed,361.4678187980734,189190.25085714285,0.0019106048919561767,not_applicable
20240603,outside_grid,observed,observed,26520.755390092516,189190.25085714285,0.14018034898700082,not_applicable
20240604,nanao,observed,observed,2653.7302088456554,189190.25085714285,0.014026780961612454,not_applicable
20240604,wajima,observed,observed,705.3287092212948,189190.25085714285,0.003728145113322393,not_applicable
20240604,suzu,observed,observed,588.145473073357,189190.25085714285,0.0031087514838038055,not_applicable
20240604,anamizu,observed,observed,600.4550437853402,189190.25085714285,0.003173815992446368,not_applicable
20240604,noto_cho,observed,observed,635.2513893412622,189190.25085714285,0.0033577385011288935,not_applicable
20240604,shika,observed,observed,1002.5030698743788,189190.25085714285,0.00529891506212636,not_applicable
20240604,nakanoto,observed,observed,1328.2705278505734,189190.25085714285,0.007020819105808722,not_applicable
20240604,hakui,observed,observed,355.62059009659623,189190.25085714285,0.001879698285114726,not_applicable
20240604,outside_grid,observed,observed,26708.86067239522,189190.25085714285,0.14117461418539493,not_applicable
20240605,nanao,observed,observed,2586.613031012531,189190.25085714285,0.01367202072672168,not_applicable
20240605,wajima,observed,observed,721.4674133546804,189190.25085714285,0.003813449213614389,not_applicable
20240605,suzu,observed,observed,618.4701763651714,189190.25085714285,0.003269038301726112,not_applicable
20240605,anamizu,observed,observed,564.8298383867028,189190.25085714285,0.0029855123920376034,not_applicable
20240605,noto_cho,observed,observed,598.5132448123837,189190.25085714285,0.0031635522554717675,not_applicable
20240605,shika,observed,observed,1073.0014613406138,189190.25085714285,0.005671547325928728,not_applicable
20240605,nakanoto,observed,observed,1328.3528343306725,189190.25085714285,0.007021254151905052,not_applicable
20240605,hakui,observed,observed,365.6499264013196,189190.25085714285,0.0019327101938113136,not_applicable
20240605,outside_grid,observed,observed,26848.984851378686,189190.25085714285,0.1419152664037234,not_applicable
20240606,nanao,observed,observed,2662.7350924585094,189190.25085714285,0.014074377936467429,not_applicable
20240606,wajima,observed,observed,713.822567367465,189190.25085714285,0.003773040968725555,not_applicable
20240606,suzu,observed,observed,610.0187105217512,189190.25085714285,0.00322436651866578,not_applicable
20240606,anamizu,observed,observed,574.0490124810519,189190.25085714285,0.0030342420387957257,not_applicable
20240606,noto_cho,observed,observed,628.8832532441834,189190.25085714285,0.0033240785420758905,not_applicable
20240606,shika,observed,observed,1019.369513224058,189190.25085714285,0.005388065762404331,not_applicable
20240606,nakanoto,observed,observed,1322.2773779744036,189190.25085714285,0.006989141205657856,not_applicable
20240606,hakui,observed,observed,333.5994005785511,189190.25085714285,0.0017633012222730829,not_applicable
20240606,outside_grid,observed,observed,27255.354484127187,189190.25085714285,0.14406320812327505,not_applicable
20240607,nanao,observed,observed,2567.6879155674856,189190.25085714285,0.013571988535003007,not_applicable
20240607,wajima,observed,observed,662.9430746227152,189190.25085714285,0.0035041080162386494,not_applicable
20240607,suzu,observed,observed,600.269066980756,189190.25085714285,0.0031728329777099234,not_applicable
20240607,anamizu,observed,observed,546.8404486648617,189190.25085714285,0.0028904261513865203,not_applicable
20240607,noto_cho,observed,observed,614.3804506889611,189190.25085714285,0.003247421301602261,not_applicable
20240607,shika,observed,observed,1061.1760548570298,189190.25085714285,0.005609041956703792,not_applicable
20240607,nakanoto,observed,observed,1284.7198367725289,189190.25085714285,0.006790623887605171,not_applicable
20240607,hakui,observed,observed,334.7804134912127,189190.25085714285,0.001769543684066494,not_applicable
20240607,outside_grid,observed,observed,28129.534964048573,189190.25085714285,0.14868385044475216,not_applicable
20240608,nanao,observed,observed,2566.959672090121,189190.25085714285,0.013568139269652042,not_applicable
20240608,wajima,observed,observed,562.632451818492,189190.25085714285,0.002973897699640636,not_applicable
20240608,suzu,observed,observed,564.1591317709662,189190.25085714285,0.0029819672483914696,not_applicable
20240608,anamizu,observed,observed,552.0474708146708,189190.25085714285,0.0029179488283015208,not_applicable
20240608,noto_cho,observed,observed,587.1611097215773,189190.25085714285,0.003103548449570699,not_applicable
20240608,shika,observed,observed,1041.7046209048956,189190.25085714285,0.005506122097652296,not_applicable
20240608,nakanoto,observed,observed,1320.8834948806782,189190.25085714285,0.00698177357922145,not_applicable
20240608,hakui,observed,observed,352.7648476850385,189190.25085714285,0.0018646037313593418,not_applicable
20240608,outside_grid,observed,observed,30605.861900567787,189190.25085714285,0.16177293365754986,not_applicable
20240609,nanao,observed,observed,2518.2720262325556,189190.25085714285,0.013310791728555281,not_applicable
20240609,wajima,observed,observed,609.8858054360628,189190.25085714285,0.003223664024297881,not_applicable
20240609,suzu,observed,observed,575.3501032005269,189190.25085714285,0.0030411191940063155,not_applicable
20240609,anamizu,observed,observed,527.4829900716379,189190.25085714285,0.0027881087301371526,not_applicable
20240609,noto_cho,observed,observed,577.7644532048349,189190.25085714285,0.003053880686701471,not_applicable
20240609,shika,observed,observed,957.9720930136847,189190.25085714285,0.0050635383624341584,not_applicable
20240609,nakanoto,observed,observed,1336.605156732769,189190.25085714285,0.007064873325539574,not_applicable
20240609,hakui,observed,observed,362.88730282142336,189190.25085714285,0.0019181078368326642,not_applicable
20240609,outside_grid,observed,observed,28650.04178372979,189190.25085714285,0.15143508533832103,not_applicable
20240610,nanao,observed,observed,2625.9225206445253,189190.25085714285,0.0138797982916538,not_applicable
20240610,wajima,observed,observed,710.2665793216601,189190.25085714285,0.0037542451373880825,not_applicable
20240610,suzu,observed,observed,625.1825620070863,189190.25085714285,0.0033045178553051356,not_applicable
20240610,anamizu,observed,observed,574.3657919404872,189190.25085714285,0.003035916435113718,not_applicable
20240610,noto_cho,observed,observed,609.9959410676429,189190.25085714285,0.0032242461665122984,not_applicable
20240610,shika,observed,observed,1073.9666807944839,189190.25085714285,0.005676649171555007,not_applicable
20240610,nakanoto,observed,observed,1339.9272475031973,189190.25085714285,0.007082432849644951,not_applicable
20240610,hakui,observed,observed,368.47025804995667,189190.25085714285,0.0019476175774415976,not_applicable
20240610,outside_grid,observed,observed,25927.2612487305,189190.25085714285,0.13704332612946382,not_applicable
20240611,nanao,observed,observed,2635.693782732459,189190.25085714285,0.013931446101430807,not_applicable
20240611,wajima,observed,observed,719.7445061831127,189190.25085714285,0.0038043424696687475,not_applicable
20240611,suzu,observed,observed,624.2561772335395,189190.25085714285,0.0032996212775515264,not_applicable
20240611,anamizu,observed,observed,580.1921898765426,189190.25085714285,0.003066712937098669,not_applicable
20240611,noto_cho,observed,observed,623.4710727817444,189190.25085714285,0.0032954714630222997,not_applicable
20240611,shika,observed,observed,1031.921663828119,189190.25085714285,0.005454412471852584,not_applicable
20240611,nakanoto,observed,observed,1304.3529086010021,189190.25085714285,0.006894398113494317,not_applicable
20240611,hakui,observed,observed,336.61353370712783,189190.25085714285,0.0017792329794060265,not_applicable
20240611,outside_grid,observed,observed,26702.580062227356,189190.25085714285,0.14114141686080017,not_applicable
20240612,nanao,observed,observed,2660.7284734887216,189190.25085714285,0.014063771581432238,not_applicable
20240612,wajima,observed,observed,719.9422213064256,189190.25085714285,0.00380538752945601,not_applicable
20240612,suzu,observed,observed,604.2967242819794,189190.25085714285,0.003194121903978459,not_applicable
20240612,anamizu,observed,observed,563.0367630554608,189190.25085714285,0.0029760347613292646,not_applicable
20240612,noto_cho,observed,observed,630.6599774172136,189190.25085714285,0.0033334697457186816,not_applicable
20240612,shika,observed,observed,1066.3886890872882,189190.25085714285,0.005636594297306134,not_applicable
20240612,nakanoto,observed,observed,1305.9120744497852,189190.25085714285,0.006902639372447773,not_applicable
20240612,hakui,observed,observed,344.09435597697524,189190.25085714285,0.001818774246653968,not_applicable
20240612,outside_grid,observed,observed,26974.998213561557,189190.25085714285,0.1425813332946544,not_applicable
20240613,nanao,observed,observed,2588.221835077695,189190.25085714285,0.01368052435763223,not_applicable
20240613,wajima,observed,observed,688.4197346724918,189190.25085714285,0.003638769606539166,not_applicable
20240613,suzu,observed,observed,598.5016777689174,189190.25085714285,0.0031634911157279702,not_applicable
20240613,anamizu,observed,observed,589.6379043611172,189190.25085714285,0.003116640004914162,not_applicable
20240613,noto_cho,observed,observed,633.7597986577232,189190.25085714285,0.0033498544231873443,not_applicable
20240613,shika,observed,observed,1062.766431595259,189190.25085714285,0.005617448186575701,not_applicable
20240613,nakanoto,observed,observed,1314.5960827479855,189190.25085714285,0.006948540301585805,not_applicable
20240613,hakui,observed,observed,329.732370770172,189190.25085714285,0.0017428613222736948,not_applicable
20240613,outside_grid,observed,observed,27498.773647617327,189190.25085714285,0.1453498450529652,not_applicable
20240614,nanao,observed,observed,2594.6254953609778,189190.25085714285,0.01371437208633004,not_applicable
20240614,wajima,observed,observed,681.4148183257223,189190.25085714285,0.003601743827911393,not_applicable
20240614,suzu,observed,observed,575.6476433053458,189190.25085714285,0.003042691897163433,not_applicable
20240614,anamizu,observed,observed,559.0970390660461,189190.25085714285,0.0029552106228149097,not_applicable
20240614,noto_cho,observed,observed,587.4974842104065,189190.25085714285,0.0031053264190342694,not_applicable
20240614,shika,observed,observed,1032.601012421158,189190.25085714285,0.005458003294265267,not_applicable
20240614,nakanoto,observed,observed,1319.3475758097338,189190.25085714285,0.006973655195404178,not_applicable
20240614,hakui,observed,observed,348.7378798588527,189190.25085714285,0.0018433184494384117,not_applicable
20240614,outside_grid,observed,observed,28417.87714172484,189190.25085714285,0.15020793625979764,not_applicable
20240615,nanao,observed,observed,2462.0846622297286,189190.25085714285,0.01301380304257244,not_applicable
20240615,wajima,observed,observed,617.413188746402,189190.25085714285,0.0032634513985216364,not_applicable
20240615,suzu,observed,observed,506.03949940652586,189190.25085714285,0.002674765201239863,not_applicable
20240615,anamizu,observed,observed,536.2095989063087,189190.25085714285,0.002834234832275789,not_applicable
20240615,noto_cho,observed,observed,579.6749964907413,189190.25085714285,0.0030639792159716127,not_applicable
20240615,shika,observed,observed,960.4318793303722,189190.25085714285,0.005076540017147037,not_applicable
20240615,nakanoto,observed,observed,1342.0069343598288,189190.25085714285,0.007093425418486153,not_applicable
20240615,hakui,observed,observed,297.30331947752035,189190.25085714285,0.0015714515844794427,not_applicable
20240615,outside_grid,observed,observed,30993.28299427006,189190.25085714285,0.16382071937561424,not_applicable
20240616,nanao,observed,observed,2516.384862484439,189190.25085714285,0.013300816776148555,not_applicable
20240616,wajima,observed,observed,597.1064947534145,189190.25085714285,0.003156116618315012,not_applicable
20240616,suzu,observed,observed,565.4314268778604,189190.25085714285,0.002988692199075398,not_applicable
20240616,anamizu,observed,observed,500.61291049675873,189190.25085714285,0.0026460819636777715,not_applicable
20240616,noto_cho,observed,observed,595.113692469853,189190.25085714285,0.0031455832939257643,not_applicable
20240616,shika,observed,observed,976.2633502836434,189190.25085714285,0.005160220179742865,not_applicable
20240616,nakanoto,observed,observed,1367.3770195152404,189190.25085714285,0.007227523687506202,not_applicable
20240616,hakui,observed,observed,352.62111985964873,189190.25085714285,0.0018638440314026126,not_applicable
20240616,outside_grid,observed,observed,29326.60282654268,189190.25085714285,0.155011173639635,not_applicable
20240617,nanao,observed,observed,2605.411692860379,189190.25085714288,0.013771384524605971,not_applicable
20240617,wajima,observed,observed,726.6025744732636,189190.25085714288,0.003840592055781561,not_applicable
20240617,suzu,observed,observed,587.2568278404412,189190.25085714288,0.0031040543853598328,not_applicable
20240617,anamizu,observed,observed,604.4539404361705,189190.25085714288,0.0031949528989873386,not_applicable
20240617,noto_cho,observed,observed,590.2049042854234,189190.25085714288,0.0031196369876959765,not_applicable
20240617,shika,observed,observed,1036.838485700217,189190.25085714288,0.005480401241621754,not_applicable
20240617,nakanoto,observed,observed,1329.8772843314412,189190.25085714288,0.007029311913834442,not_applicable
20240617,hakui,observed,observed,335.9824455131306,189190.25085714288,0.0017758972462425147,not_applicable
20240617,outside_grid,observed,observed,27422.31920671999,189190.25085714288,0.14494573099026398,not_applicable
20240618,nanao,observed,observed,2678.496085460033,189190.25085714285,0.014157685574837361,not_applicable
20240618,wajima,observed,observed,708.5351361896438,189190.25085714285,0.0037450932750475456,not_applicable
20240618,suzu,observed,observed,622.2837985430971,189190.25085714285,0.0032891959058343988,not_applicable
20240618,anamizu,observed,observed,612.3844972904819,189190.25085714285,0.0032368713214133435,not_applicable
20240618,noto_cho,observed,observed,583.3726837184616,189190.25085714285,0.003083524024496194,not_applicable
20240618,shika,observed,observed,997.2810915381967,189190.25085714285,0.005271313331527011,not_applicable
20240618,nakanoto,observed,observed,1307.393855531008,189190.25085714285,0.006910471599925191,not_applicable
20240618,hakui,observed,observed,356.2768322104517,189190.25085714285,0.00188316697396567,not_applicable
20240618,outside_grid,observed,observed,27001.27528890253,189190.25085714285,0.14272022562775252,not_applicable
20240619,nanao,observed,observed,2666.983627347795,189190.25085714285,0.01409683435200701,not_applicable
20240619,wajima,observed,observed,724.0339568053695,189190.25085714285,0.0038270151528689814,not_applicable
20240619,suzu,observed,observed,604.1195398740596,189190.25085714285,0.003193185363077873,not_applicable
20240619,anamizu,observed,observed,579.7016825104707,189190.25085714285,0.003064120269855777,not_applicable
20240619,noto_cho,observed,observed,599.8686578229083,189190.25085714285,0.003170716541180908,not_applicable
20240619,shika,observed,observed,1059.655923402069,189190.25085714285,0.005601007021245576,not_applicable
20240619,nakanoto,observed,observed,1289.1046964421107,189190.25085714285,0.0068138008729398585,not_applicable
20240619,hakui,observed,observed,335.028820263981,189190.25085714285,0.001770856683925857,not_applicable
20240619,outside_grid,observed,observed,27175.098091232223,189190.25085714285,0.14363899814135814,not_applicable
20240620,nanao,observed,observed,2632.4854058822625,189190.25085714285,0.013914487633245154,not_applicable
20240620,wajima,observed,observed,698.3823132190834,189190.25085714285,0.003691428654780052,not_applicable
20240620,suzu,observed,observed,616.2834609877119,189190.25085714285,0.003257480013878021,not_applicable
20240620,anamizu,observed,observed,573.6078271147423,189190.25085714285,0.0030319100720886108,not_applicable
20240620,noto_cho,observed,observed,602.8795667458552,189190.25085714285,0.003186631256179729,not_applicable
20240620,shika,observed,observed,1038.2104554685045,189190.25085714285,0.00548765304113083,not_applicable
20240620,nakanoto,observed,observed,1314.3701000691074,189190.25085714285,0.006947345828414728,not_applicable
20240620,hakui,observed,observed,357.37147441890994,189190.25085714285,0.001888952907455894,not_applicable
20240620,outside_grid,observed,observed,27738.472111109008,189190.25085714285,0.1466168155358823,not_applicable
20240621,nanao,observed,observed,2605.8834941425444,189190.25085714285,0.013773878317388782,not_applicable
20240621,wajima,observed,observed,655.2601895785724,189190.25085714285,0.0034634987088914956,not_applicable
20240621,suzu,observed,observed,562.2762036018975,189190.25085714285,0.0029720146839197917,not_applicable
20240621,anamizu,observed,observed,564.9967381968266,189190.25085714285,0.002986394571797753,not_applicable
20240621,noto_cho,observed,observed,599.5863923323502,189190.25085714285,0.003169224574817529,not_applicable
20240621,shika,observed,observed,1020.1033111484921,189190.25085714285,0.005391944386810767,not_applicable
20240621,nakanoto,observed,observed,1257.9557643051269,189190.25085714285,0.006649157441283835,not_applicable
20240621,hakui,observed,observed,371.06148635832864,189190.25085714285,0.001961313993068894,not_applicable
20240621,outside_grid,observed,observed,28633.237963826658,189190.25085714285,0.1513462656458316,not_applicable
20240622,nanao,observed,observed,2511.9954286286916,189190.25085714285,0.013277615613108383,not_applicable
20240622,wajima,observed,observed,565.9264028173446,189190.25085714285,0.0029913084857880676,not_applicable
20240622,suzu,observed,observed,536.727763617883,189190.25085714285,0.002836973687524549,not_applicable
20240622,anamizu,observed,observed,539.2623677150585,189190.25085714285,0.0028503708054293687,not_applicable
20240622,noto_cho,observed,observed,564.3042561951524,189190.25085714285,0.002982734330328984,not_applicable
20240622,shika,observed,observed,994.0717269122297,189190.25085714285,0.0052543496422701565,not_applicable
20240622,nakanoto,observed,observed,1291.634247920633,189190.25085714285,0.00682717128429595,not_applicable
20240622,hakui,observed,observed,348.35598711580036,189190.25085714285,0.0018412998848383747,not_applicable
20240622,outside_grid,observed,observed,30866.10454291154,189190.25085714285,0.16314849419074173,not_applicable
20240623,nanao,observed,observed,2558.565441853019,189190.25085714285,0.013523770015955982,not_applicable
20240623,wajima,observed,observed,624.2408615951052,189190.25085714285,0.003299540323916945,not_applicable
20240623,suzu,observed,observed,542.0317929039152,189190.25085714285,0.00286500911356792,not_applicable
20240623,anamizu,observed,observed,490.7333340406122,189190.25085714285,0.0025938616383101255,not_applicable
20240623,noto_cho,observed,observed,568.6675311598605,189190.25085714285,0.0030057972257210024,not_applicable
20240623,shika,observed,observed,926.5510101955089,189190.25085714285,0.004897456428107099,not_applicable
20240623,nakanoto,observed,observed,1332.6638095299893,189190.25085714285,0.007044040607231294,not_applicable
20240623,hakui,observed,observed,316.3404963237004,189190.25085714285,0.001672076097423056,not_applicable
20240623,outside_grid,observed,observed,29410.239518227547,189190.25085714285,0.15545325081489086,not_applicable
20240624,nanao,observed,observed,2584.698683061255,189190.25085714285,0.013661902087190293,not_applicable
20240624,wajima,observed,observed,724.3015211955781,189190.25085714285,0.0038284294138522844,not_applicable
20240624,suzu,observed,observed,565.8359875138093,189190.25085714285,0.0029908305790083806,not_applicable
20240624,anamizu,observed,observed,569.5715273896822,189190.25085714285,0.0030105754646932857,not_applicable
20240624,noto_cho,observed,observed,609.3845181720125,189190.25085714285,0.0032210143779139943,not_applicable
20240624,shika,observed,observed,1049.8833124821904,189190.25085714285,0.005549352081968299,not_applicable
20240624,nakanoto,observed,observed,1339.6825639051763,189190.25085714285,0.007081139529313102,not_applicable
20240624,hakui,observed,observed,360.8728127455168,189190.25085714285,0.0019074598776128854,not_applicable
20240624,outside_grid,observed,observed,27026.33609089803,189190.25085714285,0.14285268912352972,not_applicable
20240625,nanao,observed,observed,2672.4042316144305,189190.25085714285,0.01412548595663292,not_applicable
20240625,wajima,observed,observed,716.4300990338782,189190.25085714285,0.0037868235587617725,not_applicable
20240625,suzu,observed,observed,561.6591717926863,189190.25085714285,0.002968753248373215,not_applicable
20240625,anamizu,observed,observed,586.4382529011871,189190.25085714285,0.00309972765638968,not_applicable
20240625,noto_cho,observed,observed,629.8999745280023,189190.25085714285,0.0033294526101328467,not_applicable
20240625,shika,observed,observed,1049.2760893206857,189190.25085714285,0.005546142491840089,not_applicable
20240625,nakanoto,observed,observed,1298.2468566489558,189190.25085714285,0.006862123448576953,not_applicable
20240625,hakui,observed,observed,358.51003857775453,189190.25085714285,0.0018949709985239393,not_applicable
20240625,outside_grid,observed,observed,27385.50612017956,189190.25085714285,0.1447511486247687,not_applicable
20240626,nanao,observed,observed,2610.977689883541,189190.25085714285,0.013800804629489523,not_applicable
20240626,wajima,observed,observed,724.1198334579462,189190.25085714285,0.003827469069771082,not_applicable
20240626,suzu,observed,observed,574.1623655612021,189190.25085714285,0.003034841187428579,not_applicable
20240626,anamizu,observed,observed,651.6584895236405,189190.25085714285,0.00344446125829024,not_applicable
20240626,noto_cho,observed,observed,634.4810047217753,189190.25085714285,0.0033536664909909683,not_applicable
20240626,shika,observed,observed,1075.4685024800094,189190.25085714285,0.0056845873273464465,not_applicable
20240626,nakanoto,observed,observed,1294.4320731152818,189190.25085714285,0.0068419597059084436,not_applicable
20240626,hakui,observed,observed,342.46376309006354,189190.25085714285,0.0018101554469033248,not_applicable
20240626,outside_grid,observed,observed,27424.15064970917,189190.25085714285,0.14495541142031196,not_applicable
20240627,nanao,observed,observed,2618.0797908100817,189190.25085714285,0.013838344095156298,not_applicable
20240627,wajima,observed,observed,728.0945155256362,189190.25085714285,0.003848477985662268,not_applicable
20240627,suzu,observed,observed,608.2427539191112,189190.25085714285,0.0032149793721579977,not_applicable
20240627,anamizu,observed,observed,634.306069457927,189190.25085714285,0.003352741838356619,not_applicable
20240627,noto_cho,observed,observed,589.2876153454264,189190.25085714285,0.0031147884876499064,not_applicable
20240627,shika,observed,observed,1046.0867100352054,189190.25085714285,0.005529284438790153,not_applicable
20240627,nakanoto,observed,observed,1320.0476972329873,189190.25085714285,0.006977355816446125,not_applicable
20240627,hakui,observed,observed,379.30022083382966,189190.25085714285,0.0020048613452087363,not_applicable
20240627,outside_grid,observed,observed,27647.15558119942,189190.25085714285,0.14613414515780587,not_applicable
20240628,nanao,observed,observed,2593.200663636781,189190.25085714288,0.013706840875193409,not_applicable
20240628,wajima,observed,observed,697.0875004284632,189190.25085714288,0.0036845846827214808,not_applicable
20240628,suzu,observed,observed,559.1741544000213,189190.25085714288,0.00295561823014999,not_applicable
20240628,anamizu,observed,observed,558.6857926931217,189190.25085714288,0.0029530369041847935,not_applicable
20240628,noto_cho,observed,observed,600.9779165106255,189190.25085714288,0.0031765797327708103,not_applicable
20240628,shika,observed,observed,1042.2615548650876,189190.25085714288,0.005509065874922366,not_applicable
20240628,nakanoto,observed,observed,1316.2324724357532,189190.25085714288,0.006957189741397601,not_applicable
20240628,hakui,observed,observed,351.71810130907886,189190.25085714288,0.0018590709601345177,not_applicable
20240628,outside_grid,observed,observed,28109.318470408896,189190.25085714288,0.14857699243516612,not_applicable
20240629,nanao,observed,observed,2540.809819642985,189190.25085714285,0.01342991939664769,not_applicable
20240629,wajima,observed,observed,621.3920348713414,189190.25085714285,0.0032844823243061987,not_applicable
20240629,suzu,observed,observed,522.8999112507971,189190.25085714285,0.002763884020882438,not_applicable
20240629,anamizu,observed,observed,541.5529461092145,189190.25085714285,0.0028624780804278336,not_applicable
20240629,noto_cho,observed,observed,582.9585839268003,189190.25085714285,0.0030813352235945345,not_applicable
20240629,shika,observed,observed,955.1993674749959,189190.25085714285,0.005048882609687245,not_applicable
20240629,nakanoto,observed,observed,1317.7036767839081,189190.25085714285,0.006964966063599669,not_applicable
20240629,hakui,observed,observed,347.3359073361333,189190.25085714285,0.0018359080648315536,not_applicable
20240629,outside_grid,observed,observed,30220.478700699,189190.25085714285,0.15973591960358685,not_applicable
20240630,nanao,observed,observed,2458.412361902951,189190.25085714285,0.012994392421199827,not_applicable
20240630,wajima,observed,observed,604.39695757076,189190.25085714285,0.0031946517055317977,not_applicable
20240630,suzu,observed,observed,519.4086846206031,189190.25085714285,0.0027454304979637007,not_applicable
20240630,anamizu,observed,observed,523.0710436577456,189190.25085714285,0.0027647885728145443,not_applicable
20240630,noto_cho,observed,observed,562.926127297236,189190.25085714285,0.0029754499756031315,not_applicable
20240630,shika,observed,observed,898.6782778493766,189190.25085714285,0.004750129955311316,not_applicable
20240630,nakanoto,observed,observed,1358.412053453013,189190.25085714285,0.007180137704234807,not_applicable
20240630,hakui,observed,observed,350.9401689120542,189190.25085714285,0.0018549590548249148,not_applicable
20240630,outside_grid,observed,observed,29043.584328961686,189190.25085714285,0.15351522711861318,not_applicable
20240701,nanao,observed,observed,2614.8358866073404,189190.25085714285,0.013821197840589564,not_applicable
20240701,wajima,observed,observed,702.5923997423961,189190.25085714285,0.0037136818443827854,not_applicable
20240701,suzu,observed,observed,567.4484096389558,189190.25085714285,0.002999353333842952,not_applicable
20240701,anamizu,observed,observed,591.5847549430409,189190.25085714285,0.0031269304431006083,not_applicable
20240701,noto_cho,observed,observed,603.89722258804,189190.25085714285,0.0031920102640174705,not_applicable
20240701,shika,observed,observed,1028.0910483574057,189190.25085714285,0.005434165046557896,not_applicable
20240701,nakanoto,observed,observed,1340.5932033471393,189190.25085714285,0.007085952882209656,not_applicable
20240701,hakui,observed,observed,366.7356434260378,189190.25085714285,0.0019384489515950753,not_applicable
20240701,outside_grid,observed,observed,26840.300004122902,189190.25085714285,0.14186936104012016,not_applicable
20240702,nanao,observed,observed,2662.4207772776504,189190.25085714285,0.014072716565548817,not_applicable
20240702,wajima,observed,observed,739.7086989233343,189190.25085714285,0.003909866896269865,not_applicable
20240702,suzu,observed,observed,597.6421856223458,189190.25085714285,0.003158948111304235,not_applicable
20240702,anamizu,observed,observed,596.7579542117588,189190.25085714285,0.00315427434293308,not_applicable
20240702,noto_cho,observed,observed,612.4776237333069,189190.25085714285,0.003237363558420288,not_applicable
20240702,shika,observed,observed,1050.9581554499814,189190.25085714285,0.005555033362916558,not_applicable
20240702,nakanoto,observed,observed,1311.216933966107,189190.25085714285,0.00693067918682662,not_applicable
20240702,hakui,observed,observed,360.56991965050304,189190.25085714285,0.0019058588802378016,not_applicable
20240702,outside_grid,observed,observed,26784.84314569983,189190.25085714285,0.1415762335762481,not_applicable
20240703,nanao,observed,observed,2636.8637533545034,189190.25085714285,0.013937630197158487,not_applicable
20240703,wajima,observed,observed,696.4130759251311,189190.25085714285,0.0036810198874940503,not_applicable
20240703,suzu,observed,observed,595.1542013840887,189190.25085714285,0.0031457974112708816,not_applicable
20240703,anamizu,observed,observed,596.1382526429909,189190.25085714285,0.0031509987958794642,not_applicable
20240703,noto_cho,observed,observed,578.6221402345305,189190.25085714285,0.00305841414984669,not_applicable
20240703,shika,observed,observed,1033.6474423509367,189190.25085714285,0.005463534392855378,not_applicable
20240703,nakanoto,observed,observed,1316.5621792853374,189190.25085714285,0.006958932467822936,not_applicable
20240703,hakui,observed,observed,339.39927919539036,189190.25085714285,0.0017939575515002093,not_applicable
20240703,outside_grid,observed,observed,26898.94275696746,189190.25085714285,0.14217932813715012,not_applicable
20240704,nanao,observed,observed,2600.4531739287186,189190.25085714285,0.0137451753573302,not_applicable
20240704,wajima,observed,observed,710.6687485386358,189190.25085714285,0.003756370877034569,not_applicable
20240704,suzu,observed,observed,617.1571041220614,189190.25085714285,0.0032620978159602705,not_applicable
20240704,anamizu,observed,observed,597.3093316534956,189190.25085714285,0.0031571887501989867,not_applicable
20240704,noto_cho,observed,observed,631.8701294843313,189190.25085714285,0.003339866227892763,not_applicable
20240704,shika,observed,observed,1003.5468238708019,189190.25085714285,0.005304432016576678,not_applicable
20240704,nakanoto,observed,observed,1363.7690824047663,189190.25085714285,0.007208453269796368,not_applicable
20240704,hakui,observed,observed,339.78201524544204,189190.25085714285,0.0017959805735550862,not_applicable
20240704,outside_grid,observed,observed,27340.25720288063,189190.25085714285,0.14451197711834105,not_applicable
20240705,nanao,observed,observed,2531.1772945578105,189190.25085714285,0.013379004906912973,not_applicable
20240705,wajima,observed,observed,637.3805626275696,189190.25085714285,0.0033689926396305394,not_applicable
20240705,suzu,observed,observed,532.8569763867699,189190.25085714285,0.0028165139269735896,not_applicable
20240705,anamizu,observed,observed,584.1588590212847,189190.25085714285,0.0030876794992062344,not_applicable
20240705,noto_cho,observed,observed,789.1530761180366,189190.25085714285,0.004171214280559965,not_applicable
20240705,shika,observed,observed,1027.6375035001054,189190.25085714285,0.005431767751479289,not_applicable
20240705,nakanoto,observed,observed,1356.5668299966626,189190.25085714285,0.007170384434983404,not_applicable
20240705,hakui,observed,observed,390.6835677551518,189190.25085714285,0.002065030127002454,not_applicable
20240705,outside_grid,observed,observed,28604.905852487216,189190.25085714285,0.1511965110405542,not_applicable
20240706,nanao,observed,observed,2517.3426810593273,189190.25085714285,0.013305879503062593,not_applicable
20240706,wajima,observed,observed,567.547837878623,189190.25085714285,0.00299987888016057,not_applicable
20240706,suzu,observed,observed,485.40275608040116,189190.25085714285,0.0025656858843478556,not_applicable
20240706,anamizu,observed,observed,540.2343424363751,189190.25085714285,0.002855508357268921,not_applicable
20240706,noto_cho,observed,observed,799.8659957413402,189190.25085714285,0.004227839395092917,not_applicable
20240706,shika,observed,observed,922.2140876848931,189190.25085714285,0.004874532823476486,not_applicable
20240706,nakanoto,observed,observed,1338.9750630845883,189190.25085714285,0.007077399903104127,not_applicable
20240706,hakui,observed,observed,346.0732400042144,189190.25085714285,0.001829234003529778,not_applicable
20240706,outside_grid,observed,observed,29859.890680257216,189190.25085714285,0.1578299650482749,not_applicable
20240707,nanao,observed,observed,2501.5041679340256,189190.25085714285,0.013222162117766343,not_applicable
20240707,wajima,observed,observed,567.7491788422426,189190.25085714285,0.0030009431049961913,not_applicable
20240707,suzu,observed,observed,496.8073222183155,189190.25085714285,0.0026259668242284515,not_applicable
20240707,anamizu,observed,observed,503.2370977431429,189190.25085714285,0.0026599525898569486,not_applicable
20240707,noto_cho,observed,observed,612.8647704414469,189190.25085714285,0.003239409893822805,not_applicable
20240707,shika,observed,observed,926.1020014259454,189190.25085714285,0.004895083109357696,not_applicable
20240707,nakanoto,observed,observed,1357.3256132910235,189190.25085714285,0.00717439512417549,not_applicable
20240707,hakui,observed,observed,346.99355248984165,189190.25085714285,0.001834098485084497,not_applicable
20240707,outside_grid,observed,observed,28814.61036281148,189190.25085714285,0.15230494294639596,not_applicable
20240708,nanao,unavailable,missing_observation,,189190.25085714285,,not_applicable
20240708,wajima,unavailable,missing_observation,,189190.25085714285,,not_applicable
20240708,suzu,unavailable,missing_observation,,189190.25085714285,,not_applicable
20240708,anamizu,unavailable,missing_observation,,189190.25085714285,,not_applicable
20240708,noto_cho,unavailable,missing_observation,,189190.25085714285,,not_applicable
20240708,shika,unavailable,missing_observation,,189190.25085714285,,not_applicable
20240708,nakanoto,unavailable,missing_observation,,189190.25085714285,,not_applicable
20240708,hakui,unavailable,missing_observation,,189190.25085714285,,not_applicable
20240708,outside_grid,unavailable,missing_observation,,189190.25085714285,,not_applicable
20240709,nanao,observed,observed,2641.3053137215147,189190.25085714285,0.013961106884497757,not_applicable
20240709,wajima,observed,observed,676.6193542229485,189190.25085714285,0.003576396517037563,not_applicable
20240709,suzu,observed,observed,598.7500985324317,189190.25085714285,0.0031648041895380044,not_applicable
20240709,anamizu,observed,observed,556.6907808091464,189190.25085714285,0.0029424919005446135,not_applicable
20240709,noto_cho,observed,observed,600.4364391015258,189190.25085714285,0.003173717653955193,not_applicable
20240709,shika,observed,observed,1031.4452492611379,189190.25085714285,0.005451894294701157,not_applicable
20240709,nakanoto,observed,observed,1255.7285449506385,189190.25085714285,0.006637385062187144,not_applicable
20240709,hakui,observed,observed,339.7480264204074,189190.25085714285,0.001795800919345207,not_applicable
20240709,outside_grid,observed,observed,27201.466951518618,189190.25085714285,0.14377837562073104,not_applicable
20240710,nanao,observed,observed,2591.445794494557,189190.25085714285,0.013697565190350914,not_applicable
20240710,wajima,observed,observed,740.7233170261364,189190.25085714285,0.003915229847575259,not_applicable
20240710,suzu,observed,observed,602.0351160104487,189190.25085714285,0.0031821677559117152,not_applicable
20240710,anamizu,observed,observed,580.9110768521874,189190.25085714285,0.003070512746932357,not_applicable
20240710,noto_cho,observed,observed,592.0653592114564,189190.25085714285,0.0031294707656924865,not_applicable
20240710,shika,observed,observed,1000.3318356533673,189190.25085714285,0.00528743860278887,not_applicable
20240710,nakanoto,observed,observed,1258.7558287203217,189190.25085714285,0.006653386329461583,not_applicable
20240710,hakui,observed,observed,370.7565003664937,189190.25085714285,0.0019597019333012626,not_applicable
20240710,outside_grid,observed,observed,27563.81107716703,189190.25085714285,0.14569361239433212,not_applicable
20240711,nanao,observed,observed,2650.5137015383425,189190.25085714285,0.014009779518394633,not_applicable
20240711,wajima,observed,observed,700.0743787566814,189190.25085714285,0.0037003723795752353,not_applicable
20240711,suzu,observed,observed,591.2570783591383,189190.25085714285,0.0031251984480193708,not_applicable
20240711,anamizu,observed,observed,601.3017522419887,189190.25085714285,0.0031782914263168366,not_applicable
20240711,noto_cho,observed,observed,637.344405586333,189190.25085714285,0.0033688015249136193,not_applicable
20240711,shika,observed,observed,1029.086687017488,189190.25085714285,0.005439427678514731,not_applicable
20240711,nakanoto,observed,observed,1277.7416042154928,189190.25085714285,0.006753739151074506,not_applicable
20240711,hakui,observed,observed,373.4255231741926,189190.25085714285,0.0019738095461174976,not_applicable
20240711,outside_grid,observed,observed,27617.929318091334,189190.25085714285,0.14597966434827328,not_applicable
20240712,nanao,observed,observed,2558.5610597278614,189190.25085714288,0.013523746853424414,not_applicable
20240712,wajima,observed,observed,623.3621056506307,189190.25085714288,0.0032948954971328305,not_applicable
20240712,suzu,observed,observed,571.0941465621567,189190.25085714288,0.003018623549441713,not_applicable
20240712,anamizu,observed,observed,568.0311848764429,189190.25085714288,0.0030024336999550888,not_applicable
20240712,noto_cho,observed,observed,596.8823078515553,189190.25085714288,0.0031549316370549124,not_applicable
20240712,shika,observed,observed,999.4147564837741,189190.25085714288,0.005282591211522997,not_applicable
20240712,nakanoto,observed,observed,1234.4723645584052,189190.25085714288,0.0065250315963191596,not_applicable
20240712,hakui,observed,observed,334.3568498211656,189190.25085714288,0.0017673048600883653,not_applicable
20240712,outside_grid,observed,observed,28719.7120382737,189190.25085714288,0.15180334033152634,not_applicable
20240713,nanao,observed,observed,2603.84724693646,189190.25085714288,0.013763115356840555,not_applicable
20240713,wajima,observed,observed,498.1064886143236,189190.25085714288,0.00263283380807208,not_applicable
20240713,suzu,observed,observed,520.5821521908211,189190.25085714288,0.002751633077456573,not_applicable
20240713,anamizu,observed,observed,591.1307628614941,189190.25085714288,0.003124530784135677,not_applicable
20240713,noto_cho,observed,observed,548.1564616712466,189190.25085714288,0.0028973821810995867,not_applicable
20240713,shika,observed,observed,906.7265389148142,189190.25085714288,0.00479267052507627,not_applicable
20240713,nakanoto,observed,observed,1265.1925621603425,189190.25085714288,0.006687408872435433,not_applicable
20240713,hakui,observed,observed,366.06196510240034,189190.25085714288,0.0019348881004381821,not_applicable
20240713,outside_grid,observed,observed,33306.748286410584,189190.25085714288,0.1760489672988511,not_applicable
20240714,nanao,observed,observed,2486.2808287292887,189190.25085714282,0.01314169634780322,not_applicable
20240714,wajima,observed,observed,510.3170216476617,189190.25085714282,0.002697374834779415,not_applicable
20240714,suzu,observed,observed,533.9080585803127,189190.25085714282,0.0028220696159627465,not_applicable
20240714,anamizu,observed,observed,531.8706508452201,189190.25085714282,0.002811300521224186,not_applicable
20240714,noto_cho,observed,observed,581.840756348017,189190.25085714282,0.0030754267395488775,not_applicable
20240714,shika,observed,observed,958.225027409856,189190.25085714282,0.0050648752938829275,not_applicable
20240714,nakanoto,observed,observed,1239.0655988944593,189190.25085714282,0.0065493099844244895,not_applicable
20240714,hakui,observed,observed,327.80818137778977,189190.25085714282,0.0017326906639883737,not_applicable
20240714,outside_grid,observed,observed,33323.94814716024,189190.25085714282,0.17613988033835362,not_applicable
20240715,nanao,observed,observed,2484.9149045565437,189190.25085714285,0.013134476503405546,not_applicable
20240715,wajima,observed,observed,630.9147679495138,189190.25085714285,0.0033348164881176474,not_applicable
20240715,suzu,observed,observed,560.4413941091046,189190.25085714285,0.0029623164595954403,not_applicable
20240715,anamizu,observed,observed,551.2679840379948,189190.25085714285,0.0029138287070312944,not_applicable
20240715,noto_cho,observed,observed,612.3521028644446,189190.25085714285,0.0032367000946937293,not_applicable
20240715,shika,observed,observed,945.1850047385982,189190.25085714285,0.004995949846550525,not_applicable
20240715,nakanoto,observed,observed,1323.8849569683007,189190.25085714285,0.00699763836122805,not_applicable
20240715,hakui,observed,observed,370.06615451571724,189190.25085714285,0.0019560529828524485,not_applicable
20240715,outside_grid,observed,observed,29872.940090390945,189190.25085714285,0.15789894011477335,not_applicable
20240716,nanao,observed,observed,2598.174329909246,189190.25085714285,0.013733130106535573,not_applicable
20240716,wajima,observed,observed,678.2800262662208,189190.25085714285,0.00358517430572249,not_applicable
20240716,suzu,observed,observed,581.4257165916013,189190.25085714285,0.0030732329702899677,not_applicable
20240716,anamizu,observed,observed,609.1126554769155,189190.25085714285,0.0032195773974466324,not_applicable
20240716,noto_cho,observed,observed,612.4110994596425,189190.25085714285,0.0032370119320898456,not_applicable
20240716,shika,observed,observed,1028.914616914895,189190.25085714285,0.0054385181702191745,not_applicable
20240716,nakanoto,observed,observed,1281.595416561374,189190.25085714285,0.006774109187735597,not_applicable
20240716,hakui,observed,observed,340.1395416127246,189190.25085714285,0.0017978703451773698,not_applicable
20240716,outside_grid,observed,observed,27718.024221030348,189190.25085714285,0.14650873443769663,not_applicable
20240717,nanao,observed,observed,2596.387059268745,189190.25085714285,0.013723683157591832,not_applicable
20240717,wajima,observed,observed,714.0665985523631,189190.25085714285,0.0037743308406073908,not_applicable
20240717,suzu,observed,observed,596.9604784864883,189190.25085714285,0.0031553448223780407,not_applicable
20240717,anamizu,observed,observed,623.4296700082273,189190.25085714285,0.003295252621018922,not_applicable
20240717,noto_cho,observed,observed,619.7199727116199,189190.25085714285,0.003275644331057889,not_applicable
20240717,shika,observed,observed,1007.1326849843422,189190.25085714285,0.005323385747528956,not_applicable
20240717,nakanoto,observed,observed,1291.87701802123,189190.25085714285,0.0068284544904838864,not_applicable
20240717,hakui,observed,observed,357.334085543474,189190.25085714285,0.001888755281651887,not_applicable
20240717,outside_grid,observed,observed,27381.676794615127,189190.25085714285,0.14473090801751182,not_applicable
20240718,nanao,observed,observed,2581.7604349273884,189190.25085714285,0.013646371434207095,not_applicable
20240718,wajima,observed,observed,699.2477965212742,189190.25085714285,0.0036960033265629245,not_applicable
20240718,suzu,observed,observed,592.136710424982,189190.25085714285,0.003129847905704735,not_applicable
20240718,anamizu,observed,observed,586.0852366342311,189190.25085714285,0.0030978617237353463,not_applicable
20240718,noto_cho,observed,observed,615.3340266228607,189190.25085714285,0.0032524616032540607,not_applicable
20240718,shika,observed,observed,1053.4607290732308,189190.25085714285,0.0055682611778378405,not_applicable
20240718,nakanoto,observed,observed,1287.55190687878,189190.25085714285,0.006805593317020377,not_applicable
20240718,hakui,observed,observed,365.7107327543834,189190.25085714285,0.0019330315970167552,not_applicable
20240718,outside_grid,observed,observed,27942.68022879259,189190.25085714285,0.14769619524365474,not_applicable
20240719,nanao,observed,observed,2557.951425632749,189190.25085714285,0.013520524519861504,not_applicable
20240719,wajima,observed,observed,635.4845704997658,189190.25085714285,0.0033589710231930444,not_applicable
20240719,suzu,observed,observed,573.5077738434657,189190.25085714285,0.003031381222051025,not_applicable
20240719,anamizu,observed,observed,593.2770869714725,189190.25085714285,0.003135875576482293,not_applicable
20240719,noto_cho,observed,observed,589.0266846489507,189190.25085714285,0.0031134092902795688,not_applicable
20240719,shika,observed,observed,1004.6764931652853,189190.25085714285,0.005310403092196935,not_applicable
20240719,nakanoto,observed,observed,1261.3810241324486,189190.25085714285,0.006667262284486925,not_applicable
20240719,hakui,observed,observed,356.93494852615567,189190.25085714285,0.0018866455692565071,not_applicable
20240719,outside_grid,observed,observed,27981.683494511544,189190.25085714285,0.14790235420555817,not_applicable
20240720,nanao,observed,observed,2558.0764613057268,189190.25085714288,0.013521185418995635,not_applicable
20240720,wajima,observed,observed,535.7922976423764,189190.25085714288,0.0028320291094013714,not_applicable
20240720,suzu,observed,observed,525.8394995437563,189190.25085714288,0.002779421757523946,not_applicable
20240720,anamizu,observed,observed,536.2069975631524,189190.25085714288,0.002834221082396265,not_applicable
20240720,noto_cho,observed,observed,541.90912147382,189190.25085714288,0.0028643607110760395,not_applicable
20240720,shika,observed,observed,913.1692255483848,189190.25085714288,0.004826724534753732,not_applicable
20240720,nakanoto,observed,observed,1270.7442322373474,189190.25085714288,0.006716753249599967,not_applicable
20240720,hakui,observed,observed,356.22723194644067,189190.25085714288,0.0018829048026128314,not_applicable
20240720,outside_grid,observed,observed,30542.54549015992,189190.25085714288,0.16143826308059883,not_applicable
20240721,nanao,observed,observed,2446.3566395443545,189190.25085714285,0.012930669674895633,not_applicable
20240721,wajima,observed,observed,588.6127537180375,189190.25085714285,0.0031112213819225695,not_applicable
20240721,suzu,observed,observed,480.5852593240993,189190.25085714285,0.002540222115816043,not_applicable
20240721,anamizu,observed,observed,554.7239255274518,189190.25085714285,0.0029320957238241764,not_applicable
20240721,noto_cho,observed,observed,532.899081482382,189190.25085714285,0.002816736481230066,not_applicable
20240721,shika,observed,observed,946.8034102567204,189190.25085714285,0.005004504227713349,not_applicable
20240721,nakanoto,observed,observed,1325.8318575922035,189190.25085714285,0.007007929063920616,not_applicable
20240721,hakui,observed,observed,336.80450282617727,189190.25085714285,0.001780242381942279,not_applicable
20240721,outside_grid,observed,observed,29767.771206477475,189190.25085714285,0.15734305056212994,not_applicable
20240722,nanao,observed,observed,2563.4530475381275,189190.25085714282,0.013549604358174807,not_applicable
20240722,wajima,observed,observed,680.6709436096628,189190.25085714282,0.0035978119407624027,not_applicable
20240722,suzu,observed,observed,601.8638579609267,189190.25085714282,0.0031812625398725904,not_applicable
20240722,anamizu,observed,observed,596.2059133502479,189190.25085714282,0.003151356429039474,not_applicable
20240722,noto_cho,observed,observed,613.7859555334275,189190.25085714282,0.0032442789876995087,not_applicable
20240722,shika,observed,observed,1058.439781097644,189190.25085714282,0.005594578876566266,not_applicable
20240722,nakanoto,observed,observed,1274.0478846545714,189190.25085714282,0.006734215314385319,not_applicable
20240722,hakui,observed,observed,359.2794827780854,189190.25085714282,0.0018990380379027916,not_applicable
20240722,outside_grid,observed,observed,27831.53057465278,189190.25085714282,0.14710869322578526,not_applicable
20240723,nanao,observed,observed,2637.1733971900658,189190.25085714288,0.013939266876819088,not_applicable
20240723,wajima,observed,observed,734.8023332077756,189190.25085714288,0.0038839333944465414,not_applicable
20240723,suzu,observed,observed,594.2569681808409,189190.25085714288,0.0031410549195241724,not_applicable
20240723,anamizu,observed,observed,610.2441299333649,189190.25085714288,0.003225558014583737,not_applicable
20240723,noto_cho,observed,observed,602.4529181932108,189190.25085714288,0.0031843761264850885,not_applicable
20240723,shika,observed,observed,1022.5712447532061,189190.25085714288,0.005404989105518694,not_applicable
20240723,nakanoto,observed,observed,1291.8233803447638,189190.25085714288,0.0068281709786421115,not_applicable
20240723,hakui,observed,observed,353.03295794022716,189190.25085714288,0.0018660208776127769,not_applicable
20240723,outside_grid,observed,observed,27581.901405825887,189190.25085714288,0.14578923216637055,not_applicable
20240724,nanao,observed,observed,2660.6830789675028,189190.25085714288,0.014063531640309407,not_applicable
20240724,wajima,observed,observed,722.9379627343081,189190.25085714288,0.0038212220738593817,not_applicable
20240724,suzu,observed,observed,614.4872912614688,189190.25085714288,0.0032479860271736032,not_applicable
20240724,anamizu,observed,observed,632.5457747357871,189190.25085714288,0.0033434374756097815,not_applicable
20240724,noto_cho,observed,observed,600.8187153720676,189190.25085714288,0.003175738245760583,not_applicable
20240724,shika,observed,observed,1014.3679639966477,189190.25085714288,0.005361629150555938,not_applicable
20240724,nakanoto,observed,observed,1329.7429157221716,189190.25085714288,0.007028601683742453,not_applicable
20240724,hakui,observed,observed,332.5354995574729,189190.25085714288,0.001757677777004322,not_applicable
20240724,outside_grid,observed,observed,27986.95787199682,189190.25085714288,0.14793023290153418,not_applicable
20240725,nanao,observed,observed,2602.438343949709,189190.25085714285,0.013755668339986529,not_applicable
20240725,wajima,observed,observed,700.6680930675784,189190.25085714285,0.0037035105661794984,not_applicable
20240725,suzu,observed,observed,565.7693510114646,189190.25085714285,0.0029904783594725277,not_applicable
20240725,anamizu,observed,observed,597.8833052770618,189190.25085714285,0.0031602225937557545,not_applicable
20240725,noto_cho,observed,observed,617.7154337733709,189190.25085714285,0.00326504897041342,not_applicable
20240725,shika,observed,observed,986.9755724762268,189190.25085714285,0.005216841607876983,not_applicable
20240725,nakanoto,observed,observed,1280.1286596907075,189190.25085714285,0.006766356373496909,not_applicable
20240725,hakui,observed,observed,347.71660825508854,189190.25085714285,0.0018379203298252858,not_applicable
20240725,outside_grid,observed,observed,28603.26483893849,189190.25085714285,0.15118783716047163,not_applicable
20240726,nanao,observed,observed,2561.410818673989,189190.25085714288,0.013538809780468574,not_applicable
20240726,wajima,observed,observed,651.5427472091468,189190.25085714288,0.003443849480918154,not_applicable
20240726,suzu,observed,observed,559.905371808696,189190.25085714288,0.0029594832147639537,not_applicable
20240726,anamizu,observed,observed,585.6122262939709,189190.25085714288,0.0030953615402527553,not_applicable
20240726,noto_cho,observed,observed,581.6805897256348,189190.25085714288,0.003074580149295645,not_applicable
20240726,shika,observed,observed,971.9207219315157,189190.25085714288,0.005137266415833503,not_applicable
20240726,nakanoto,observed,observed,1279.1932414260968,189190.25085714288,0.006761412047558479,not_applicable
20240726,hakui,observed,observed,359.99677398791016,189190.25085714288,0.0019028294130216197,not_applicable
20240726,outside_grid,observed,observed,29355.71565427317,189190.25085714288,0.1551650548655364,not_applicable
20240727,nanao,observed,observed,2474.5956138213264,189190.25085714288,0.013079931987033982,not_applicable
20240727,wajima,observed,observed,546.4943267715898,189190.25085714288,0.002888596660217161,not_applicable
20240727,suzu,observed,observed,495.468469468153,189190.25085714288,0.0026188900708328786,not_applicable
20240727,anamizu,observed,observed,518.8157043833901,189190.25085714288,0.0027422961914414217,not_applicable
20240727,noto_cho,observed,observed,572.5882952062664,189190.25085714288,0.00302652114795612,not_applicable
20240727,shika,observed,observed,915.824341539322,189190.25085714288,0.004840758640522438,not_applicable
20240727,nakanoto,observed,observed,1317.2700097651173,189190.25085714288,0.006962673836506432,not_applicable
20240727,hakui,observed,observed,373.45011504689154,189190.25085714288,0.0019739395310009017,not_applicable
20240727,outside_grid,observed,observed,31256.137153672847,189190.25085714288,0.16521008356437078,not_applicable
20240728,nanao,observed,observed,2466.5714666286103,189190.25085714285,0.013037518875595303,not_applicable
20240728,wajima,observed,observed,577.8554589718401,189190.25085714285,0.0030543617144848417,not_applicable
20240728,suzu,observed,observed,512.3673712085357,189190.25085714285,0.002708212335927517,not_applicable
20240728,anamizu,observed,observed,519.2897697472746,189190.25085714285,0.0027448019514461617,not_applicable
20240728,noto_cho,observed,observed,564.8896966294408,189190.25085714285,0.0029858287838308737,not_applicable
20240728,shika,observed,observed,895.1869983349649,189190.25085714285,0.004731676152863282,not_applicable
20240728,nakanoto,observed,observed,1364.8113055503377,189190.25085714285,0.0072139621326518764,not_applicable
20240728,hakui,observed,observed,357.98689586047817,189190.25085714285,0.0018922058311069809,not_applicable
20240728,outside_grid,observed,observed,30268.132670963274,189190.25085714285,0.15998780346149377,not_applicable
20240729,nanao,observed,observed,2568.5936082926196,189190.25085714285,0.013576775741114478,not_applicable
20240729,wajima,observed,observed,683.5830960088578,189190.25085714285,0.00361320465992209,not_applicable
20240729,suzu,observed,observed,573.0905788469836,189190.25085714285,0.0030291760608728356,not_applicable
20240729,anamizu,observed,observed,580.7494871530287,189190.25085714285,0.0030696586347440883,not_applicable
20240729,noto_cho,observed,observed,593.0037404427003,189190.25085714285,0.0031344307529380896,not_applicable
20240729,shika,observed,observed,1037.6288973029586,189190.25085714285,0.005484579108077139,not_applicable
20240729,nakanoto,observed,observed,1313.1453587657452,189190.25085714285,0.006940872232138951,not_applicable
20240729,hakui,observed,observed,349.9610501975434,189190.25085714285,0.0018497837420903798,not_applicable
20240729,outside_grid,observed,observed,28124.94096268054,189190.25085714285,0.1486595680023577,not_applicable
20240730,nanao,observed,observed,2607.597029623047,189190.25085714282,0.013782935525531061,not_applicable
20240730,wajima,observed,observed,712.1959434578848,189190.25085714282,0.003764443147737367,not_applicable
20240730,suzu,observed,observed,567.7071240414398,189190.25085714282,0.0030007208165822156,not_applicable
20240730,anamizu,observed,observed,588.1019644225529,189190.25085714282,0.0031085215107972317,not_applicable
20240730,noto_cho,observed,observed,586.8843620117399,189190.25085714282,0.0031020856484560355,not_applicable
20240730,shika,observed,observed,1003.8117208475358,189190.25085714282,0.005305832178453593,not_applicable
20240730,nakanoto,observed,observed,1296.7465675155668,189190.25085714282,0.006854193393372778,not_applicable
20240730,hakui,observed,observed,330.2746539329554,189190.25085714282,0.00174572766004917,not_applicable
20240730,outside_grid,observed,observed,27995.7234306119,189190.25085714282,0.14797656487992827,not_applicable
20240731,nanao,observed,observed,2621.1794853762717,189190.25085714285,0.013854728103064458,not_applicable
20240731,wajima,observed,observed,710.3670610957831,189190.25085714285,0.003754776252356575,not_applicable
20240731,suzu,observed,observed,603.046896451415,189190.25085714285,0.003187515708231575,not_applicable
20240731,anamizu,observed,observed,593.3932165695294,189190.25085714285,0.0031364894009131544,not_applicable
20240731,noto_cho,observed,observed,614.7545507762553,189190.25085714285,0.003249398676681576,not_applicable
20240731,shika,observed,observed,997.3072907765144,189190.25085714285,0.005271451812438152,not_applicable
20240731,nakanoto,observed,observed,1284.8637127901316,189190.25085714285,0.006791384370859201,not_applicable
20240731,hakui,observed,observed,320.5227118230358,189190.25085714285,0.0016941819695828926,not_applicable
20240731,outside_grid,observed,observed,28240.813507235227,189190.25085714285,0.1492720337294748,not_applicable
20240801,nanao,observed,observed,2610.7434350572607,189190.25085714285,0.013799566432356112,not_applicable
20240801,wajima,observed,observed,689.2901500298032,189190.25085714285,0.003643370347609955,not_applicable
20240801,suzu,observed,observed,597.7923745523053,189190.25085714285,0.0031597419626220435,not_applicable
20240801,anamizu,observed,observed,618.4130510189217,189190.25085714285,0.0032687363551617893,not_applicable
20240801,noto_cho,observed,observed,589.6062768595278,189190.25085714285,0.00311647283191531,not_applicable
20240801,shika,observed,observed,1012.485576659833,189190.25085714285,0.0053516794447529895,not_applicable
20240801,nakanoto,observed,observed,1248.0172229342982,189190.25085714285,0.006596625445973288,not_applicable
20240801,hakui,observed,observed,339.6712435053661,189190.25085714285,0.0017953950690717732,not_applicable
20240801,outside_grid,observed,observed,28454.150229665345,189190.25085714285,0.15039966436299623,not_applicable
20240802,nanao,observed,observed,2558.205402043499,189190.25085714285,0.01352186695907071,not_applicable
20240802,wajima,observed,observed,613.8783821558225,189190.25085714285,0.0032447675256763665,not_applicable
20240802,suzu,observed,observed,562.0158867263,189190.25085714285,0.0029706387310130316,not_applicable
20240802,anamizu,observed,observed,579.3722596987297,189190.25085714285,0.0030623790447649045,not_applicable
20240802,noto_cho,observed,observed,587.5338874655271,189190.25085714285,0.00310551883516013,not_applicable
20240802,shika,observed,observed,968.444287164032,189190.25085714285,0.005118891078036056,not_applicable
20240802,nakanoto,observed,observed,1211.950067497468,189190.25085714285,0.0064059858370429925,not_applicable
20240802,hakui,observed,observed,353.73941105714175,189190.25085714285,0.0018697549659905553,not_applicable
20240802,outside_grid,observed,observed,29619.993530122025,189190.25085714285,0.15656194437042117,not_applicable
20240803,nanao,observed,observed,2592.871245047069,189190.25085714288,0.01370509967241885,not_applicable
20240803,wajima,observed,observed,557.2818437934462,189190.25085714288,0.002945616073072647,not_applicable
20240803,suzu,observed,observed,505.34915412486913,189190.25085714288,0.002671116253799236,not_applicable
20240803,anamizu,observed,observed,576.8506833787069,189190.25085714288,0.0030490507875814673,not_applicable
20240803,noto_cho,observed,observed,569.1091644219006,189190.25085714288,0.003008131559863693,not_applicable
20240803,shika,observed,observed,899.8440576321344,189190.25085714288,0.004756291899584216,not_applicable
20240803,nakanoto,observed,observed,1320.2515454253764,189190.25085714288,0.006978433293702303,not_applicable
20240803,hakui,observed,observed,357.722688462434,189190.25085714288,0.0018908093141255444,not_applicable
20240803,outside_grid,observed,observed,31751.947522438513,189190.25085714288,0.16783078080706354,not_applicable
20240804,nanao,observed,observed,2449.4060506600263,189190.2508571428,0.012946787900342541,not_applicable
20240804,wajima,observed,observed,598.1583926181472,189190.2508571428,0.0031616766186848364,not_applicable
20240804,suzu,observed,observed,514.4936849734999,189190.2508571428,0.002719451359901167,not_applicable
20240804,anamizu,observed,observed,545.8126165388904,189190.2508571428,0.0028849933549220386,not_applicable
20240804,noto_cho,observed,observed,576.6888776934627,189190.2508571428,0.003048195533758869,not_applicable
20240804,shika,observed,observed,910.6837026558247,189190.2508571428,0.004813586844617487,not_applicable
20240804,nakanoto,observed,observed,1333.3232773845396,189190.2508571428,0.007047526346330232,not_applicable
20240804,hakui,observed,observed,382.9099053577778,189190.2508571428,0.002023940999195103,not_applicable
20240804,outside_grid,observed,observed,30560.41581645345,189190.2508571428,0.16153271998951765,not_applicable
20240805,nanao,observed,observed,2637.2082984782614,189190.2508571428,0.013939451354021474,not_applicable
20240805,wajima,observed,observed,698.578555492047,189190.2508571428,0.0036924659295448706,not_applicable
20240805,suzu,observed,observed,599.3375907842628,189190.2508571428,0.003167909488300333,not_applicable
20240805,anamizu,observed,observed,587.7645990278343,189190.2508571428,0.0031067383037176382,not_applicable
20240805,noto_cho,observed,observed,627.9116146784545,189190.2508571428,0.0033189427670487597,not_applicable
20240805,shika,observed,observed,1049.7625265787244,189190.2508571428,0.005548713645775533,not_applicable
20240805,nakanoto,observed,observed,1261.0464380257401,189190.2508571428,0.006665493767847234,not_applicable
20240805,hakui,observed,observed,364.8052799681382,189190.2508571428,0.0019282456591465805,not_applicable
20240805,outside_grid,observed,observed,29118.261754312545,189190.2508571428,0.15390994843756348,not_applicable
20240806,nanao,observed,observed,2524.9748777221916,189190.25085714282,0.013346220887612201,not_applicable
20240806,wajima,observed,observed,710.2968632342432,189190.25085714282,0.003754405208599184,not_applicable
20240806,suzu,observed,observed,576.6410606499576,189190.25085714282,0.00304794278794724,not_applicable
20240806,anamizu,observed,observed,592.2564964630335,189190.25085714282,0.0031304810569242557,not_applicable
20240806,noto_cho,observed,observed,609.4129292313469,189190.25085714282,0.003221164549813475,not_applicable
20240806,shika,observed,observed,1065.9589605031101,189190.25085714282,0.0056343228875361745,not_applicable
20240806,nakanoto,observed,observed,1246.5638036569726,189190.25085714282,0.006588943130046645,not_applicable
20240806,hakui,observed,observed,334.39633928658697,189190.25085714282,0.0017675135889485603,not_applicable
20240806,outside_grid,observed,observed,29331.54151225561,189190.25085714282,0.15503727797477154,not_applicable
20240807,nanao,observed,observed,2534.579812434055,189190.25085714288,0.013396989543334927,not_applicable
20240807,wajima,observed,observed,717.4991218339785,189190.25085714288,0.003792474076139158,not_applicable
20240807,suzu,observed,observed,567.303325763061,189190.25085714288,0.002998586466230918,not_applicable
20240807,anamizu,observed,observed,602.3284085230828,189190.25085714288,0.003183718007636131,not_applicable
20240807,noto_cho,observed,observed,616.3384416270916,189190.25085714288,0.0032577706241982167,not_applicable
20240807,shika,observed,observed,1023.0414614405228,189190.25085714288,0.005407474522632876,not_applicable
20240807,nakanoto,observed,observed,1297.0612265630473,189190.25085714288,0.006855856581861902,not_applicable
20240807,hakui,observed,observed,362.0975467690502,189190.25085714288,0.0019139334354097836,not_applicable
20240807,outside_grid,observed,observed,29671.189815304686,189190.25085714288,0.15683255178782618,not_applicable
20240808,nanao,observed,observed,2564.3459355503446,189190.25085714288,0.013554323882612093,not_applicable
20240808,wajima,observed,observed,684.5996020004536,189190.25085714288,0.0036185775900122526,not_applicable
20240808,suzu,observed,observed,561.3675998551769,189190.25085714288,0.0029672120910662794,not_applicable
20240808,anamizu,observed,observed,575.8295372970192,189190.25085714288,0.0030436533314384512,not_applicable
20240808,noto_cho,observed,observed,599.864869946842,189190.25085714288,0.0031706965196626256,not_applicable
20240808,shika,observed,observed,999.9105760845657,189190.25085714288,0.005285211957563267,not_applicable
20240808,nakanoto,observed,observed,1293.0194208565542,189190.25085714288,0.006834492871585176,not_applicable
20240808,hakui,observed,observed,344.84591674703,189190.25085714288,0.0018227467598603817,not_applicable
20240808,outside_grid,observed,observed,29733.539691168164,189190.25085714288,0.15716211356799717,not_applicable
20240809,nanao,observed,observed,2483.2076769866912,189190.25085714285,0.013125452636889605,not_applicable
20240809,wajima,observed,observed,616.41435453532,189190.25085714285,0.0032581718758900166,not_applicable
20240809,suzu,observed,observed,565.7136067596875,189190.25085714285,0.0029901837129380237,not_applicable
20240809,anamizu,observed,observed,608.101074029599,189190.25085714285,0.0032142304969444476,not_applicable
20240809,noto_cho,observed,observed,585.1112612730368,189190.25085714285,0.003092713597144353,not_applicable
20240809,shika,observed,observed,1002.00688367105,189190.25085714285,0.005296292378340696,not_applicable
20240809,nakanoto,observed,observed,1235.3945363872208,189190.25085714285,0.006529905905775581,not_applicable
20240809,hakui,observed,observed,348.131450313654,189190.25085714285,0.0018401130541157076,not_applicable
20240809,outside_grid,observed,observed,30327.257817241218,189190.25085714285,0.1603003203380774,not_applicable
20240810,nanao,observed,observed,2451.499290928002,189190.25085714282,0.01295785210824169,not_applicable
20240810,wajima,observed,observed,603.5528217237868,189190.25085714282,0.0031901898696647343,not_applicable
20240810,suzu,observed,observed,505.1509543476838,189190.25085714282,0.0026700686322844525,not_applicable
20240810,anamizu,observed,observed,572.568520378434,189190.25085714282,0.0030264166244527014,not_applicable
20240810,noto_cho,observed,observed,558.7858484006734,189190.25085714282,0.002953565767099762,not_applicable
20240810,shika,observed,observed,971.8386380597568,189190.25085714282,0.005136832546374656,not_applicable
20240810,nakanoto,observed,observed,1355.2960778131057,189190.25085714282,0.007163667639705638,not_applicable
20240810,hakui,observed,observed,357.9221017480413,189190.25085714282,0.0018918633498631364,not_applicable
20240810,outside_grid,observed,observed,33828.767051274655,189190.25085714282,0.17880819385782562,not_applicable
20240811,nanao,observed,observed,2470.552550045698,189190.25085714288,0.013058561627000571,not_applicable
20240811,wajima,observed,observed,568.5348814414564,189190.25085714288,0.0030050960811440317,not_applicable
20240811,suzu,observed,observed,579.8280767495438,189190.25085714288,0.00306478834994183,not_applicable
20240811,anamizu,observed,observed,560.8953669683383,189190.25085714288,0.0029647160169572855,not_applicable
20240811,noto_cho,observed,observed,672.7201440386151,189190.25085714288,0.003555786521719793,not_applicable
20240811,shika,observed,observed,1015.2804017172646,189190.25085714288,0.0053664520085863225,not_applicable
20240811,nakanoto,observed,observed,1369.2445723050616,189190.25085714288,0.007237394982572199,not_applicable
20240811,hakui,observed,observed,406.7764662932639,189190.25085714288,0.002150092113363811,not_applicable
20240811,outside_grid,observed,observed,35951.776545695015,189190.25085714288,0.1900297524994674,not_applicable
20240812,nanao,observed,observed,2587.8697218854836,189190.25085714285,0.01367866319834619,not_applicable
20240812,wajima,observed,observed,632.2301945921595,189190.25085714285,0.003341769418496914,not_applicable
20240812,suzu,observed,observed,609.3611129264905,189190.25085714285,0.0032208906651676134,not_applicable
20240812,anamizu,observed,observed,635.2275984997957,189190.25085714285,0.003357612750243958,not_applicable
20240812,noto_cho,observed,observed,682.519971264723,189190.25085714285,0.003607585317808434,not_applicable
20240812,shika,observed,observed,1069.5181202284225,189190.25085714285,0.005653135483371251,not_applicable
20240812,nakanoto,observed,observed,1397.2342807966495,189190.25085714285,0.007385339754381414,not_applicable
20240812,hakui,observed,observed,380.44826635071655,189190.25085714285,0.002010929551745202,not_applicable
20240812,outside_grid,observed,observed,35137.23382970497,189190.25085714285,0.1857243365898226,not_applicable
20240813,nanao,observed,observed,2614.4233251393916,189190.25085714285,0.013819017170781898,not_applicable
20240813,wajima,observed,observed,655.8839505967444,189190.25085714285,0.003466795712914409,not_applicable
20240813,suzu,observed,observed,615.7890507073718,189190.25085714285,0.003254866717061191,not_applicable
20240813,anamizu,observed,observed,663.2811380094897,189190.25085714285,0.003505894912684121,not_applicable
20240813,noto_cho,observed,observed,691.3690090549863,189190.25085714285,0.0036543585407951998,not_applicable
20240813,shika,observed,observed,1126.5165990308262,189190.25085714285,0.0059544114663786585,not_applicable
20240813,nakanoto,observed,observed,1366.7643815230294,189190.25085714285,0.007224285476290585,not_applicable
20240813,hakui,observed,observed,415.31455126050804,189190.25085714285,0.0021952217377951,not_applicable
20240813,outside_grid,observed,observed,33852.960180391885,189190.25085714285,0.1789360711084113,not_applicable
20240814,nanao,observed,observed,2585.275571026331,189190.25085714285,0.013664951335037168,not_applicable
20240814,wajima,observed,observed,678.497473209048,189190.25085714285,0.003586323661684766,not_applicable
20240814,suzu,observed,observed,619.526076403515,189190.25085714285,0.003274619456323454,not_applicable
20240814,anamizu,observed,observed,626.9247018329914,189190.25085714285,0.003313726256996091,not_applicable
20240814,noto_cho,observed,observed,684.9168688022705,189190.25085714285,0.0036202545622683793,not_applicable
20240814,shika,observed,observed,1144.828481896345,189190.25085714285,0.006051202304080682,not_applicable
20240814,nakanoto,observed,observed,1419.230442677811,189190.25085714285,0.007501604529027602,not_applicable
20240814,hakui,observed,observed,356.5484637116824,189190.25085714285,0.0018846027324151676,not_applicable
20240814,outside_grid,observed,observed,34528.73205947586,189190.25085714285,0.1825079881391374,not_applicable
20240815,nanao,observed,observed,2536.4546150994574,189190.25085714288,0.013406899158956813,not_applicable
20240815,wajima,observed,observed,658.8632754060362,189190.25085714288,0.0034825434842493145,not_applicable
20240815,suzu,observed,observed,587.0130522565116,189190.25085714288,0.0031027658645041063,not_applicable
20240815,anamizu,observed,observed,622.2294742250948,189190.25085714288,0.0032889087646220147,not_applicable
20240815,noto_cho,observed,observed,657.009779512953,189190.25085714288,0.003472746489506267,not_applicable
20240815,shika,observed,observed,1037.3035251055812,189190.25085714288,0.005482859293256325,not_applicable
20240815,nakanoto,observed,observed,1375.4029818380184,189190.25085714288,0.007269946393149941,not_applicable
20240815,hakui,observed,observed,347.0398486873098,189190.25085714288,0.0018343431921836121,not_applicable
20240815,outside_grid,observed,observed,34684.46864726851,189190.25085714288,0.183331162626655,not_applicable
20240816,nanao,observed,observed,2567.453337022247,189190.25085714285,0.013570748626793278,not_applicable
20240816,wajima,observed,observed,659.87818146568,189190.25085714285,0.003487907957603759,not_applicable
20240816,suzu,observed,observed,549.8984845547333,189190.25085714285,0.002906589964669799,not_applicable
20240816,anamizu,observed,observed,584.5777406533717,189190.25085714285,0.0030898935754083076,not_applicable
20240816,noto_cho,observed,observed,615.1516642543519,189190.25085714285,0.0032514976932868046,not_applicable
20240816,shika,observed,observed,937.2041951890594,189190.25085714285,0.0049537658042260345,not_applicable
20240816,nakanoto,observed,observed,1346.441024166138,189190.25085714285,0.007116862618797587,not_applicable
20240816,hakui,observed,observed,371.42455597233266,189190.25085714285,0.001963233064545142,not_applicable
20240816,outside_grid,observed,observed,31819.02773349368,189190.25085714285,0.16818534564722448,not_applicable
20240817,nanao,observed,observed,2504.1736869799943,189190.25085714285,0.01323627235354157,not_applicable
20240817,wajima,observed,observed,577.4396919808655,189190.25085714285,0.0030521641012934064,not_applicable
20240817,suzu,observed,observed,504.821612355806,189190.25085714285,0.0026683278343818872,not_applicable
20240817,anamizu,observed,observed,518.6223333705233,189190.25085714285,0.00274127409325195,not_applicable
20240817,noto_cho,observed,observed,552.5764882480022,189190.25085714285,0.002920745047614803,not_applicable
20240817,shika,observed,observed,960.3549353733364,189190.25085714285,0.00507613331565641,not_applicable
20240817,nakanoto,observed,observed,1339.436645150608,189190.25085714285,0.007079839680333284,not_applicable
20240817,hakui,observed,observed,377.65782586305477,189190.25085714285,0.001996180163364884,not_applicable
20240817,outside_grid,observed,observed,32777.04099854893,189190.25085714285,0.1732491016320857,not_applicable
20240818,nanao,observed,observed,2465.055615201208,189190.25085714285,0.013029506563012945,not_applicable
20240818,wajima,observed,observed,564.9347328693913,189190.25085714285,0.002986066831191911,not_applicable
20240818,suzu,observed,observed,483.90369037701396,189190.25085714285,0.002557762295808829,not_applicable
20240818,anamizu,observed,observed,548.1578832266033,189190.25085714285,0.0028973896949928786,not_applicable
20240818,noto_cho,observed,observed,530.9245206683652,189190.25085714285,0.0028062995754959126,not_applicable
20240818,shika,observed,observed,902.1836491580884,189190.25085714285,0.004768658242539809,not_applicable
20240818,nakanoto,observed,observed,1351.3923579609018,189190.25085714285,0.0071430338077057435,not_applicable
20240818,hakui,observed,observed,388.2642345902362,189190.25085714285,0.0020522422948918953,not_applicable
20240818,outside_grid,observed,observed,30831.741027205262,189190.25085714285,0.16296685948414036,not_applicable
20240819,nanao,observed,observed,2506.604575833543,189190.25085714285,0.01324912126537786,not_applicable
20240819,wajima,observed,observed,708.1126755225332,189190.25085714285,0.003742860281195079,not_applicable
20240819,suzu,observed,observed,549.0340979399949,189190.25085714285,0.0029020210896309314,not_applicable
20240819,anamizu,observed,observed,589.7648637220691,189190.25085714285,0.003117311072056241,not_applicable
20240819,noto_cho,observed,observed,591.9468690318228,189190.25085714285,0.003128844463971881,not_applicable
20240819,shika,observed,observed,1004.5536826048202,189190.25085714285,0.005309753954305799,not_applicable
20240819,nakanoto,observed,observed,1270.4466153505525,189190.25085714285,0.006715180140597541,not_applicable
20240819,hakui,observed,observed,345.7958890886266,189190.25085714285,0.0018277680140597538,not_applicable
20240819,outside_grid,observed,observed,28981.290619137268,189190.25085714285,0.15318596221441125,not_applicable
20240820,nanao,observed,observed,2533.1434363261606,189190.25085714285,0.013389397312226896,not_applicable
20240820,wajima,observed,observed,704.4135319241959,189190.25085714285,0.003723307774754721,not_applicable
20240820,suzu,observed,observed,598.6579130923523,189190.25085714285,0.003164316926374803,not_applicable
20240820,anamizu,observed,observed,615.815904348256,189190.25085714285,0.0032550086569379166,not_applicable
20240820,noto_cho,observed,observed,592.2106678931644,189190.25085714285,0.00313023882155715,not_applicable
20240820,shika,observed,observed,1024.4880597161464,189190.25085714285,0.005415120784895703,not_applicable
20240820,nakanoto,observed,observed,1248.269860823449,189190.25085714285,0.006597960810179458,not_applicable
20240820,hakui,observed,observed,355.9503276906587,189190.25085714285,0.0018814411740456754,not_applicable
20240820,outside_grid,observed,observed,29142.692166413904,189190.25085714285,0.1540390798911699,not_applicable
20240821,nanao,observed,observed,2484.461905452023,189190.25085714285,0.013132082093004016,not_applicable
20240821,wajima,observed,observed,695.8594360132854,189190.25085714285,0.003678093521524676,not_applicable
20240821,suzu,observed,observed,610.0325701885793,189190.25085714285,0.003224439776493629,not_applicable
20240821,anamizu,observed,observed,561.0786907830551,189190.25085714285,0.0029656850088259803,not_applicable
20240821,noto_cho,observed,observed,602.5739319100552,189190.25085714285,0.003185015766827528,not_applicable
20240821,shika,observed,observed,1036.435566984764,189190.25085714285,0.005478271540362691,not_applicable
20240821,nakanoto,observed,observed,1249.7946422478951,189190.25085714285,0.006606020323909885,not_applicable
20240821,hakui,observed,observed,344.2529244890605,189190.25085714285,0.001819612389800176,not_applicable
20240821,outside_grid,observed,observed,29108.649022482077,189190.25085714285,0.15385913856873076,not_applicable
20240822,nanao,observed,observed,2559.4543642789404,189190.25085714282,0.013528468579554764,not_applicable
20240822,wajima,observed,observed,669.5956766986453,189190.25085714282,0.003539271572742169,not_applicable
20240822,suzu,observed,observed,576.8648362056796,189190.25085714282,0.0030491255949613868,not_applicable
20240822,anamizu,observed,observed,596.0971293572479,189190.25085714282,0.0031507814311603176,not_applicable
20240822,noto_cho,observed,observed,592.250670726934,189190.25085714282,0.00313045026392053,not_applicable
20240822,shika,observed,observed,1026.172787562852,189190.25085714282,0.00542402572497096,not_applicable
20240822,nakanoto,observed,observed,1285.2369742315407,189190.25085714282,0.006793357313120857,not_applicable
20240822,hakui,observed,observed,344.93377663190574,189190.25085714282,0.0018232111595029522,not_applicable
20240822,outside_grid,observed,observed,29587.06374271355,189190.25085714282,0.15638788789943878,not_applicable
20240823,nanao,observed,observed,2524.1627475336572,189190.25085714288,0.01334192822356183,not_applicable
20240823,wajima,observed,observed,733.7982847106819,189190.25085714288,0.003878626310743524,not_applicable
20240823,suzu,observed,observed,553.2425659234193,189190.25085714288,0.002924265724142263,not_applicable
20240823,anamizu,observed,observed,553.1392140523334,189190.25085714288,0.0029237194387463842,not_applicable
20240823,noto_cho,observed,observed,585.7984053155129,189190.25085714288,0.0030963456238442644,not_applicable
20240823,shika,observed,observed,980.1891453797331,189190.25085714288,0.005180970694519939,not_applicable
20240823,nakanoto,observed,observed,1263.1665684132322,189190.25085714288,0.006676700108437651,not_applicable
20240823,hakui,observed,observed,351.18965795026696,189190.25085714288,0.0018562777751980966,not_applicable
20240823,outside_grid,observed,observed,30180.91674640816,189190.25085714288,0.1595268075900893,not_applicable
20240824,nanao,observed,observed,2439.5898375418574,189190.25085714285,0.012894902493596176,not_applicable
20240824,wajima,observed,observed,565.225063199535,189190.25085714285,0.0029876014257538847,not_applicable
20240824,suzu,observed,observed,510.98575313335544,189190.25085714285,0.00270090953851105,not_applicable
20240824,anamizu,observed,observed,496.72917558631593,189190.25085714285,0.0026255537657772603,not_applicable
20240824,noto_cho,observed,observed,588.700179611577,189190.25085714285,0.003111683487623806,not_applicable
20240824,shika,observed,observed,1021.0067754552573,189190.25085714285,0.005396719814205529,not_applicable
20240824,nakanoto,observed,observed,1263.7973630044598,189190.25085714285,0.006680034289709518,not_applicable
20240824,hakui,observed,observed,353.1986693044695,189190.25085714285,0.0018668967756228043,not_applicable
20240824,outside_grid,observed,observed,32167.341023240737,189190.25085714285,0.1700264198472374,not_applicable
20240825,nanao,observed,observed,2443.7318825012117,189190.25085714285,0.012916796036950489,not_applicable
20240825,wajima,observed,observed,564.116491401531,189190.25085714285,0.0029817418648463772,not_applicable
20240825,suzu,observed,observed,524.697899224912,189190.25085714285,0.0027733876182716743,not_applicable
20240825,anamizu,observed,observed,554.6206960872756,189190.25085714285,0.002931550085559475,not_applicable
20240825,noto_cho,observed,observed,558.8165126214815,189190.25085714285,0.002953727848500199,not_applicable
20240825,shika,observed,observed,922.6379726269708,189190.25085714285,0.004876773345597246,not_applicable
20240825,nakanoto,observed,observed,1353.8133296289238,189190.25085714285,0.007155830300426978,not_applicable
20240825,hakui,observed,observed,335.7757389610602,189190.25085714285,0.0017748046605985197,not_applicable
20240825,outside_grid,observed,observed,30873.149307361113,189190.25085714285,0.16318573059387378,not_applicable
20240826,nanao,observed,observed,2625.439534317999,189190.25085714285,0.013877245378253992,not_applicable
20240826,wajima,observed,observed,676.4435770202634,189190.25085714285,0.0035754674141800493,not_applicable
20240826,suzu,observed,observed,593.3208355302143,189190.25085714285,0.0031361068175665644,not_applicable
20240826,anamizu,observed,observed,574.8376420808739,189190.25085714285,0.0030384104861456767,not_applicable
20240826,noto_cho,observed,observed,629.3578998532296,189190.25085714285,0.0033265873743592443,not_applicable
20240826,shika,observed,observed,1028.0372848135767,189190.25085714285,0.0054338808694209375,not_applicable
20240826,nakanoto,observed,observed,1291.8616382385153,189190.25085714285,0.006828373197802868,not_applicable
20240826,hakui,observed,observed,363.1586109571464,189190.25085714285,0.0019195418860740699,not_applicable
20240826,outside_grid,observed,observed,28847.928135733495,189190.25085714285,0.1524810501864417,not_applicable
20240827,nanao,observed,observed,2613.6953878395875,189190.25085714285,0.013815169523788957,not_applicable
20240827,wajima,observed,observed,666.0157226801496,189190.25085714285,0.0035203490648313407,not_applicable
20240827,suzu,observed,observed,629.8491993132571,189190.25085714285,0.003329184228360979,not_applicable
20240827,anamizu,observed,observed,561.5006000690446,189190.25085714285,0.002967915088251733,not_applicable
20240827,noto_cho,observed,observed,610.8464497476015,189190.25085714285,0.003228741687164685,not_applicable
20240827,shika,observed,observed,1015.114621958884,189190.25085714285,0.00536557574906645,not_applicable
20240827,nakanoto,observed,observed,1239.5718305381586,189190.25085714285,0.0065519857652398625,not_applicable
20240827,hakui,observed,observed,354.10499997076204,189190.25085714285,0.001871687353690048,not_applicable
20240827,outside_grid,observed,observed,28187.718351682972,189190.25085714285,0.1489913894821539,not_applicable
20240828,nanao,observed,observed,2573.6291020898716,189190.25085714282,0.013603391773253759,not_applicable
20240828,wajima,observed,observed,686.7371174572717,189190.25085714282,0.0036298758225963,not_applicable
20240828,suzu,observed,observed,648.7213127408868,189190.25085714282,0.0034289362681311467,not_applicable
20240828,anamizu,observed,observed,565.3318056210752,189190.25085714282,0.0029881656325301672,not_applicable
20240828,noto_cho,observed,observed,614.3844568680233,189190.25085714282,0.0032474424770013327,not_applicable
20240828,shika,observed,observed,1076.0925367299214,189190.25085714282,0.0056878857755861675,not_applicable
20240828,nakanoto,observed,observed,1233.3675997904486,189190.25085714282,0.006519192158171839,not_applicable
20240828,hakui,observed,observed,344.90145408010306,189190.25085714282,0.0018230403126878745,not_applicable
20240828,outside_grid,observed,observed,28158.674448310492,189190.25085714282,0.1488378725686719,not_applicable
20240829,nanao,observed,observed,2591.972826403719,189190.25085714285,0.013700350914809622,not_applicable
20240829,wajima,observed,observed,665.6380439462263,189190.25085714285,0.003518352774154563,not_applicable
20240829,suzu,observed,observed,620.2582881031707,189190.25085714285,0.0032784896964459676,not_applicable
20240829,anamizu,observed,observed,577.644341306982,189190.25085714285,0.003053245813089809,not_applicable
20240829,noto_cho,observed,observed,586.7612674244358,189190.25085714285,0.003101435009288602,not_applicable
20240829,shika,observed,observed,988.4182034529301,189190.25085714285,0.005224466900248906,not_applicable
20240829,nakanoto,observed,observed,1276.2672190714118,189190.25085714285,0.006745946016188321,not_applicable
20240829,hakui,observed,observed,344.80419450954105,189190.25085714285,0.0018225262292712004,not_applicable
20240829,outside_grid,observed,observed,28081.46412759478,189190.25085714285,0.14842976316363699,not_applicable
20240830,nanao,observed,observed,2539.8074229804038,189190.25085714285,0.013424621044020956,not_applicable
20240830,wajima,observed,observed,633.0135387047483,189190.25085714285,0.0033459099284282646,not_applicable
20240830,suzu,observed,observed,560.989758152685,189190.25085714285,0.0029652149389890452,not_applicable
20240830,anamizu,observed,observed,555.9909405223013,189190.25085714285,0.0029387927655010557,not_applicable
20240830,noto_cho,observed,observed,568.232942882425,189190.25085714285,0.003003500129145114,not_applicable
20240830,shika,observed,observed,1008.9450278468908,189190.25085714285,0.005332965220331268,not_applicable
20240830,nakanoto,observed,observed,1268.67951125419,189190.25085714285,0.006705839785646075,not_applicable
20240830,hakui,observed,observed,354.40596832559146,189190.25085714285,0.001873278177495534,not_applicable
20240830,outside_grid,observed,observed,27944.00265396451,189190.25085714285,0.1477031851660526,not_applicable
20240831,nanao,observed,observed,2584.4876543164537,189190.25085714285,0.013660786655798637,not_applicable
20240831,wajima,observed,observed,527.1781513954091,189190.25085714285,0.0027864974490333554,not_applicable
20240831,suzu,observed,observed,524.0530151749541,189190.25085714285,0.002769978964564434,not_applicable
20240831,anamizu,observed,observed,512.737866790547,189190.25085714285,0.0027101706587286793,not_applicable
20240831,noto_cho,observed,observed,575.6716444714382,189190.25085714285,0.00304281875975801,not_applicable
20240831,shika,observed,observed,932.2604635571719,189190.25085714285,0.0049276347979533034,not_applicable
20240831,nakanoto,observed,observed,1270.0984653201745,189190.25085714285,0.006713339929335064,not_applicable
20240831,hakui,observed,observed,344.8426174295399,189190.25085714285,0.0018227293207086544,not_applicable
20240831,outside_grid,observed,observed,28264.05526775072,189190.25085714285,0.14939488234567036,not_applicable
20240901,nanao,observed,observed,2509.5925665719305,189190.25085714282,0.013264914842080942,not_applicable
20240901,wajima,observed,observed,579.0154319139837,189190.25085714282,0.003060492965629593,not_applicable
20240901,suzu,observed,observed,530.2384509764828,189190.25085714282,0.0028026732274744155,not_applicable
20240901,anamizu,observed,observed,518.7482614715748,189190.25085714282,0.0027419397094794306,not_applicable
20240901,noto_cho,observed,observed,545.4460547329784,189190.25085714282,0.0028830558248207176,not_applicable
20240901,shika,observed,observed,914.7092037240362,189190.25085714282,0.004834864373718344,not_applicable
20240901,nakanoto,observed,observed,1307.17802955834,189190.25085714282,0.006909330811899962,not_applicable
20240901,hakui,observed,observed,354.0555452345624,189190.25085714282,0.001871425951551325,not_applicable
20240901,outside_grid,observed,observed,28371.080270284907,189190.25085714282,0.14996058275596796,not_applicable
20240902,nanao,observed,observed,2682.2912176749805,189190.25085714285,0.014177745446832632,not_applicable
20240902,wajima,observed,observed,687.0837134257827,189190.25085714285,0.00363170781957786,not_applicable
20240902,suzu,observed,observed,610.4856355640187,189190.25085714285,0.0032268345371823364,not_applicable
20240902,anamizu,observed,observed,591.4667403786966,189190.25085714285,0.0031263066553324243,not_applicable
20240902,noto_cho,observed,observed,581.3302962414645,189190.25085714285,0.003072728608412416,not_applicable
20240902,shika,observed,observed,1007.0609500052119,189190.25085714285,0.005323006579052752,not_applicable
20240902,nakanoto,observed,observed,1239.4676691928832,189190.25085714285,0.006551435201218707,not_applicable
20240902,hakui,observed,observed,371.4954526583509,189190.25085714285,0.0019636078020683337,not_applicable
20240902,outside_grid,observed,observed,27564.02209243278,189190.25085714285,0.14569472775447775,not_applicable
20240903,nanao,observed,observed,2622.219304457399,189190.25085714285,0.013860224258793501,not_applicable
20240903,wajima,observed,observed,701.5114087055364,189190.25085714285,0.0037079680666803816,not_applicable
20240903,suzu,observed,observed,582.3434005749463,189190.25085714285,0.003078083558410589,not_applicable
20240903,anamizu,observed,observed,602.2221727828586,189190.25085714285,0.0031831564790174905,not_applicable
20240903,noto_cho,observed,observed,640.5149655623106,189190.25085714285,0.003385560105028679,not_applicable
20240903,shika,observed,observed,1059.9570591492597,189190.25085714285,0.005602598729834293,not_applicable
20240903,nakanoto,observed,observed,1234.9948796957722,189190.25085714285,0.006527793446546641,not_applicable
20240903,hakui,observed,observed,351.1218922618613,189190.25085714285,0.0018559195871408443,not_applicable
20240903,outside_grid,observed,observed,28186.42498894949,189190.25085714285,0.14898455317464004,not_applicable
20240904,nanao,observed,observed,2644.8171773741383,189190.25085714285,0.01397966948820864,not_applicable
20240904,wajima,observed,observed,723.8680505030147,189190.25085714285,0.003826138224477571,not_applicable
20240904,suzu,observed,observed,596.5864218942108,189190.25085714285,0.003153367677199667,not_applicable
20240904,anamizu,observed,observed,577.5733985335595,189190.25085714285,0.003052870831963133,not_applicable
20240904,noto_cho,observed,observed,641.6895384219775,189190.25085714285,0.003391768526732997,not_applicable
20240904,shika,observed,observed,1080.3622385152241,189190.25085714285,0.005710454072662567,not_applicable
20240904,nakanoto,observed,observed,1275.985123314813,189190.25085714285,0.006744454946985121,not_applicable
20240904,hakui,observed,observed,355.0153973063815,189190.25085714285,0.0018764994268888244,not_applicable
20240904,outside_grid,observed,observed,28461.75657554192,189190.25085714285,0.15043986910844223,not_applicable
20240905,nanao,observed,observed,2614.895798043248,189190.25085714285,0.013821514513545151,not_applicable
20240905,wajima,observed,observed,702.767857939527,189190.25085714285,0.003714609261077546,not_applicable
20240905,suzu,observed,observed,612.5440697358888,189190.25085714285,0.0032377147710344733,not_applicable
20240905,anamizu,observed,observed,580.3440605183362,189190.25085714285,0.003067515677414862,not_applicable
20240905,noto_cho,observed,observed,604.361229109646,189190.25085714285,0.003194462856154242,not_applicable
20240905,shika,observed,observed,1027.1059045796958,189190.25085714285,0.00542895788723945,not_applicable
20240905,nakanoto,observed,observed,1267.171319835312,189190.25085714285,0.006697867961452994,not_applicable
20240905,hakui,observed,observed,366.74003897615404,189190.25085714285,0.0019384721850867392,not_applicable
20240905,outside_grid,observed,observed,29166.407029023878,189190.25085714285,0.15416442917583195,not_applicable
20240906,nanao,observed,observed,2596.3503086436035,189190.25085714285,0.013723488905377593,not_applicable
20240906,wajima,observed,observed,653.7191908613355,189190.25085714285,0.003455353475665918,not_applicable
20240906,suzu,observed,observed,585.1183753668992,189190.25085714285,0.0030927512000008964,not_applicable
20240906,anamizu,observed,observed,549.5475821475616,189190.25085714285,0.0029047352052116245,not_applicable
20240906,noto_cho,observed,observed,610.3143538972631,189190.25085714285,0.003225929196309963,not_applicable
20240906,shika,observed,observed,1003.2869266061339,189190.25085714285,0.005303058281600956,not_applicable
20240906,nakanoto,observed,observed,1273.3497048874729,189190.25085714285,0.006730524956325453,not_applicable
20240906,hakui,observed,observed,334.323110079368,189190.25085714285,0.001767126522453922,not_applicable
20240906,outside_grid,observed,observed,29451.769861963323,189190.25085714285,0.15567276711421188,not_applicable
20240907,nanao,observed,observed,2550.672044824069,189190.25085714285,0.013482048008647527,not_applicable
20240907,wajima,observed,observed,576.3776174553846,189190.25085714285,0.0030465503103043402,not_applicable
20240907,suzu,observed,observed,540.5674997583859,189190.25085714285,0.002857269321803306,not_applicable
20240907,anamizu,observed,observed,539.2452800280352,189190.25085714285,0.002850280485304806,not_applicable
20240907,noto_cho,observed,observed,587.7266701408952,189190.25085714285,0.0031065378235831313,not_applicable
20240907,shika,observed,observed,987.6981385719877,189190.25085714285,0.005220660864379298,not_applicable
20240907,nakanoto,observed,observed,1324.5336148788338,189190.25085714285,0.007001066962372106,not_applicable
20240907,hakui,observed,observed,404.1584975772033,189190.25085714285,0.0021362543563747506,not_applicable
20240907,outside_grid,observed,observed,31341.676118278403,189190.25085714285,0.1656622155543545,not_applicable
20240908,nanao,observed,observed,2460.266571127052,189190.25085714285,0.013004193186385666,not_applicable
20240908,wajima,observed,observed,609.5865780853518,189190.25085714285,0.0032220824028910944,not_applicable
20240908,suzu,observed,observed,526.1992018801636,189190.25085714285,0.0027813230306327754,not_applicable
20240908,anamizu,observed,observed,501.56715850247946,189190.25085714285,0.002651125817689262,not_applicable
20240908,noto_cho,observed,observed,602.4681435312505,189190.25085714285,0.003184456602820263,not_applicable
20240908,shika,observed,observed,974.2086146898802,189190.25085714285,0.005149359495408159,not_applicable
20240908,nakanoto,observed,observed,1336.4578397763746,189190.25085714285,0.00706409465456828,not_applicable
20240908,hakui,observed,observed,326.883034365324,189190.25085714285,0.0017278006286494789,not_applicable
20240908,outside_grid,observed,observed,30074.256080831823,189190.25085714285,0.15896303295004788,not_applicable
20240909,nanao,observed,observed,2567.2451358219882,189190.25085714285,0.013569648140910334,not_applicable
20240909,wajima,observed,observed,693.3000248513665,189190.25085714285,0.0036645652812991717,not_applicable
20240909,suzu,observed,observed,579.827683301235,189190.25085714285,0.003064786270298154,not_applicable
20240909,anamizu,observed,observed,573.3283285270023,189190.25085714285,0.003030432730700914,not_applicable
20240909,noto_cho,observed,observed,609.873880782115,189190.25085714285,0.0032236009943378604,not_applicable
20240909,shika,observed,observed,1054.4936754193907,189190.25085714285,0.005573721006457339,not_applicable
20240909,nakanoto,observed,observed,1230.615535121144,189190.25085714285,0.0065046456122645506,not_applicable
20240909,hakui,observed,observed,394.3297052366541,189190.25085714285,0.00208430245982607,not_applicable
20240909,outside_grid,observed,observed,28607.0698589854,189190.25085714285,0.15120794929642828,not_applicable
20240910,nanao,observed,observed,2569.6526530153933,189190.25085714285,0.01358237351752196,not_applicable
20240910,wajima,observed,observed,705.2070277866135,189190.25085714285,0.00372750194363405,not_applicable
20240910,suzu,observed,observed,585.7922548954906,189190.25085714285,0.0030963131146637206,not_applicable
20240910,anamizu,observed,observed,570.466294738341,189190.25085714285,0.0030153049227103087,not_applicable
20240910,noto_cho,observed,observed,582.2800556928104,189190.25085714285,0.003077748737341063,not_applicable
20240910,shika,observed,observed,1018.5377687772246,189190.25085714285,0.005383669423570458,not_applicable
20240910,nakanoto,observed,observed,1282.4848603725763,189190.25085714285,0.006778810507212541,not_applicable
20240910,hakui,observed,observed,347.60129078645934,189190.25085714285,0.0018373107980544532,not_applicable
20240910,outside_grid,observed,observed,28708.503422149275,189190.25085714285,0.15174409512161915,not_applicable
20240911,nanao,observed,observed,2596.364072241867,189190.25085714282,0.01372356165541731,not_applicable
20240911,wajima,observed,observed,687.6931124481599,189190.25085714282,0.0036349289106204297,not_applicable
20240911,suzu,observed,observed,604.9438714402867,189190.25085714282,0.003197542519762705,not_applicable
20240911,anamizu,observed,observed,566.9815907717268,189190.25085714282,0.0029968858765341637,not_applicable
20240911,noto_cho,observed,observed,613.7946278882938,189190.25085714282,0.0032443248270322815,not_applicable
20240911,shika,observed,observed,1072.5410645066818,189190.25085714282,0.005669113813462594,not_applicable
20240911,nakanoto,observed,observed,1258.9401280141071,189190.25085714282,0.006654360477404992,not_applicable
20240911,hakui,observed,observed,390.7129111505749,189190.25085714282,0.0020651852269364633,not_applicable
20240911,outside_grid,observed,observed,28863.596404389158,189190.25085714282,0.15256386771316247,not_applicable
20240912,nanao,observed,observed,2626.602169444942,189190.25085714282,0.013883390700868005,not_applicable
20240912,wajima,observed,observed,693.1987118957996,189190.25085714282,0.0036640297729677025,not_applicable
20240912,suzu,observed,observed,613.1206675031368,189190.25085714282,0.003240762484987152,not_applicable
20240912,anamizu,observed,observed,585.1938462089981,189190.25085714282,0.003093150115070553,not_applicable
20240912,noto_cho,observed,observed,640.3070048993246,189190.25085714282,0.0033844608905499005,not_applicable
20240912,shika,observed,observed,1030.753585947302,189190.25085714282,0.005448238380558109,not_applicable
20240912,nakanoto,observed,observed,1234.2808744697377,189190.25085714282,0.006524019440101809,not_applicable
20240912,hakui,observed,observed,358.6057734360996,189190.25085714282,0.0018954770227926918,not_applicable
20240912,outside_grid,observed,observed,28871.99609816574,189190.25085714282,0.15260826584540513,not_applicable
20240913,nanao,observed,observed,2569.969329479954,189190.25085714285,0.013584047369441528,not_applicable
20240913,wajima,observed,observed,619.184872600974,189190.25085714285,0.003272815960630652,not_applicable
20240913,suzu,observed,observed,604.9954382432874,189190.25085714285,0.003197815085620443,not_applicable
20240913,anamizu,observed,observed,548.1325938913732,189190.25085714285,0.002897256023542497,not_applicable
20240913,noto_cho,observed,observed,572.8327203658646,189190.25085714285,0.003027813102263971,not_applicable
20240913,shika,observed,observed,1020.7984183840875,189190.25085714285,0.005395618504438108,not_applicable
20240913,nakanoto,observed,observed,1292.710023445829,189190.25085714285,0.006832857494448546,not_applicable
20240913,hakui,observed,observed,355.36650046917214,189190.25085714285,0.0018783552474778873,not_applicable
20240913,outside_grid,observed,observed,29884.315147263063,189190.25085714285,0.15795906507798146,not_applicable
20240914,nanao,observed,observed,2522.319205328642,189190.25085714285,0.01333218384087476,not_applicable
20240914,wajima,observed,observed,534.5232479654439,189190.25085714285,0.0028253213130366916,not_applicable
20240914,suzu,observed,observed,576.8866509887137,189190.25085714285,0.003049240901024649,not_applicable
20240914,anamizu,observed,observed,563.8601782244525,189190.25085714285,0.002980387074227319,not_applicable
20240914,noto_cho,observed,observed,573.2742677851791,189190.25085714285,0.003030146982669087,not_applicable
20240914,shika,observed,observed,1066.7477066195477,189190.25085714285,0.005638491950756208,not_applicable
20240914,nakanoto,observed,observed,1321.365989389898,189190.25085714285,0.006984323893030084,not_applicable
20240914,hakui,observed,observed,375.57838700991977,189190.25085714285,0.0019851889053919495,not_applicable
20240914,outside_grid,observed,observed,33617.38542288177,189190.25085714285,0.17769089723479561,not_applicable
20240915,nanao,observed,observed,2372.4878036380082,189190.25085714282,0.012540222304739524,not_applicable
20240915,wajima,observed,observed,537.1921382484267,189190.25085714282,0.0028394282253690725,not_applicable
20240915,suzu,observed,observed,570.1018051336955,189190.25085714282,0.0030133783456113617,not_applicable
20240915,anamizu,observed,observed,557.6914257022139,189190.25085714282,0.002947780993870163,not_applicable
20240915,noto_cho,observed,observed,574.9773113389206,189190.25085714282,0.003039148733795405,not_applicable
20240915,shika,observed,observed,927.7866694624746,189190.25085714282,0.004903987733295224,not_applicable
20240915,nakanoto,observed,observed,1369.1307879945464,189190.25085714282,0.007236793554591638,not_applicable
20240915,hakui,observed,observed,357.6848643287793,189190.25085714282,0.0018906093876838637,not_applicable
20240915,outside_grid,observed,observed,33418.049214122635,189190.25085714282,0.1766372689011155,not_applicable
20240916,nanao,observed,observed,2421.2026677420645,189190.25085714285,0.012797713712903258,not_applicable
20240916,wajima,observed,observed,664.2237407079999,189190.25085714285,0.0035108772132743447,not_applicable
20240916,suzu,observed,observed,590.7123624038373,189190.25085714285,0.003122319251269892,not_applicable
20240916,anamizu,observed,observed,551.5062939749508,189190.25085714285,0.002915088338200852,not_applicable
20240916,noto_cho,observed,observed,594.0175251492958,189190.25085714285,0.003139789299173968,not_applicable
20240916,shika,observed,observed,994.5120729955399,189190.25085714285,0.005256677172792027,not_applicable
20240916,nakanoto,observed,observed,1381.8999409891044,189190.25085714285,0.00730428727023875,not_applicable
20240916,hakui,observed,observed,405.053393012394,189190.25085714285,0.002140984491416785,not_applicable
20240916,outside_grid,observed,observed,30497.07856573282,189190.25085714285,0.16119793925724588,not_applicable
20240917,nanao,observed,observed,2657.6904695905205,189190.25085714282,0.014047713650939325,not_applicable
20240917,wajima,observed,observed,679.8275239120685,189190.25085714282,0.0035933538902350993,not_applicable
20240917,suzu,observed,observed,637.5831410992796,189190.25085714282,0.003370063405543647,not_applicable
20240917,anamizu,observed,observed,586.551079656262,189190.25085714282,0.003100324023034176,not_applicable
20240917,noto_cho,observed,observed,606.1380741935201,189190.25085714282,0.0032038546988936217,not_applicable
20240917,shika,observed,observed,1028.2642753829634,189190.25085714282,0.00543508066998338,not_applicable
20240917,nakanoto,observed,observed,1197.1359309879701,189190.25085714282,0.006327682983474265,not_applicable
20240917,hakui,observed,observed,344.2017256250014,189190.25085714282,0.0018193417687516439,not_applicable
20240917,outside_grid,observed,observed,28317.92382115207,189190.25085714282,0.14967961453011064,not_applicable
20240918,nanao,observed,observed,2593.5716480171454,189190.25085714285,0.013708801781628515,not_applicable
20240918,wajima,observed,observed,680.4702766489703,189190.25085714285,0.003596751278493689,not_applicable
20240918,suzu,observed,observed,589.4051825800058,189190.25085714285,0.0031154099109740297,not_applicable
20240918,anamizu,observed,observed,584.7889796548507,189190.25085714285,0.0030910101181504516,not_applicable
20240918,noto_cho,observed,observed,638.6097092140429,189190.25085714285,0.0033754895208435226,not_applicable
20240918,shika,observed,observed,1026.5805823327437,189190.25085714285,0.005426181199515997,not_applicable
20240918,nakanoto,observed,observed,1290.963113500706,189190.25085714285,0.006823623879411786,not_applicable
20240918,hakui,observed,observed,344.53660014110676,189190.25085714285,0.0018211118098324507,not_applicable
20240918,outside_grid,observed,observed,28522.783478612233,189190.25085714285,0.1507624380716622,not_applicable
20240919,nanao,observed,observed,2634.4604875637283,189190.25085714282,0.013924927292120375,not_applicable
20240919,wajima,observed,observed,715.4900786916581,189190.25085714282,0.003781854907692486,not_applicable
20240919,suzu,observed,observed,617.8712141370727,189190.25085714282,0.003265872376286588,not_applicable
20240919,anamizu,observed,observed,603.301234352806,189190.25085714282,0.0031888600581663033,not_applicable
20240919,noto_cho,observed,observed,652.8391656193121,189190.25085714282,0.003450701939775267,not_applicable
20240919,shika,observed,observed,1000.4372547582414,189190.25085714282,0.005287995814930599,not_applicable
20240919,nakanoto,observed,observed,1223.2538741733451,189190.25085714282,0.0064657341941843595,not_applicable
20240919,hakui,observed,observed,351.5527979375157,189190.25085714282,0.0018581972186451222,not_applicable
20240919,outside_grid,observed,observed,28736.475199792974,189190.25085714282,0.1518919451166214,not_applicable
20240920,nanao,observed,observed,2566.0472497628907,189190.25085714285,0.013563316492986244,not_applicable
20240920,wajima,observed,observed,635.9905188292648,189190.25085714285,0.0033616453064989056,not_applicable
20240920,suzu,observed,observed,599.52914592341,189190.25085714285,0.003168921988354005,not_applicable
20240920,anamizu,observed,observed,580.2567059588871,189190.25085714285,0.00306705394876313,not_applicable
20240920,noto_cho,observed,observed,611.405135955603,189190.25085714285,0.0032316947262640595,not_applicable
20240920,shika,observed,observed,1003.0002809644817,189190.25085714285,0.005301543163140288,not_applicable
20240920,nakanoto,observed,observed,1283.8570276907224,189190.25085714285,0.0067860633509078646,not_applicable
20240920,hakui,observed,observed,349.716653842726,189190.25085714285,0.0018484919400355163,not_applicable
20240920,outside_grid,observed,observed,29497.667382241056,189190.25085714285,0.1559153669314318,not_applicable
20240921,nanao,observed,observed,2496.449539621577,189190.25085714285,0.013195444946614298,not_applicable
20240921,wajima,observed,observed,674.1192530604995,189190.25085714285,0.003563181770764317,not_applicable
20240921,suzu,observed,observed,591.7612750002518,189190.25085714285,0.0031278634724528666,not_applicable
20240921,anamizu,observed,observed,573.9454947721931,189190.25085714285,0.0030336948768336807,not_applicable
20240921,noto_cho,observed,observed,590.587780494212,189190.25085714285,0.0031216607505857347,not_applicable
20240921,shika,observed,observed,944.5563960433079,189190.25085714285,0.004992627219235205,not_applicable
20240921,nakanoto,observed,observed,1279.1090115833815,189190.25085714285,0.006760966835173943,not_applicable
20240921,hakui,observed,observed,351.6216265370164,189190.25085714285,0.0018585610249152065,not_applicable
20240921,outside_grid,observed,observed,32700.49122398633,189190.25085714285,0.17284448366569585,not_applicable
20240922,nanao,observed,observed,2424.8142086544294,189190.25085714285,0.012816803179173336,not_applicable
20240922,wajima,observed,observed,668.1981154975665,189190.25085714285,0.0035318845049902782,not_applicable
20240922,suzu,observed,observed,601.2654326445166,189190.25085714285,0.0031780994523789223,not_applicable
20240922,anamizu,observed,observed,584.6733510603709,189190.25085714285,0.0030903989418664944,not_applicable
20240922,noto_cho,observed,observed,627.225832402023,189190.25085714285,0.003315317938214691,not_applicable
20240922,shika,observed,observed,915.9506262268163,189190.25085714285,0.004841426141553397,not_applicable
20240922,nakanoto,observed,observed,1361.2279177197051,189190.25085714285,0.007195021474693035,not_applicable
20240922,hakui,observed,observed,360.17232880958363,189190.25085714285,0.0019037573404432399,not_applicable
20240922,outside_grid,observed,observed,33454.941424892444,189190.25085714285,0.1768322694923334,not_applicable
20240923,nanao,observed,observed,2482.7190320765276,189190.25085714285,0.01312286981400127,not_applicable
20240923,wajima,observed,observed,728.0552131589124,189190.25085714285,0.0038482702457467814,not_applicable
20240923,suzu,observed,observed,667.6001249709687,189190.25085714285,0.0035287237156584363,not_applicable
20240923,anamizu,observed,observed,604.3253031921694,189190.25085714285,0.003194272963084626,not_applicable
20240923,noto_cho,observed,observed,580.6395410289825,189190.25085714285,0.0030690774942067297,not_applicable
20240923,shika,observed,observed,1012.7355164916921,189190.25085714285,0.005353000547879217,not_applicable
20240923,nakanoto,observed,observed,1340.2757704054775,189190.25085714285,0.007084275031790707,not_applicable
20240923,hakui,observed,observed,365.7758414057867,189190.25085714285,0.0019333757408143788,not_applicable
20240923,outside_grid,observed,observed,30369.771456294646,189190.25085714285,0.16052503402633994,not_applicable
20240924,nanao,observed,observed,2611.2860465179715,189190.25085714288,0.013802434505410893,not_applicable
20240924,wajima,observed,observed,741.1989141172562,189190.25085714288,0.003917743703807094,not_applicable
20240924,suzu,observed,observed,645.687432151565,189190.25085714288,0.003412900132148575,not_applicable
20240924,anamizu,observed,observed,620.55843578155,189190.25085714288,0.003280076182414559,not_applicable
20240924,noto_cho,observed,observed,635.3589887282959,189190.25085714288,0.0033583072375545082,not_applicable
20240924,shika,observed,observed,1017.5113953892401,189190.25085714288,0.005378244337534922,not_applicable
20240924,nakanoto,observed,observed,1260.9219280242132,189190.25085714288,0.006664835647246604,not_applicable
20240924,hakui,observed,observed,368.94903568686857,189190.25085714288,0.0019501482450354228,not_applicable
20240924,outside_grid,observed,observed,28400.983359227357,189190.25085714288,0.15011864105340647,not_applicable
20240925,nanao,observed,observed,2575.2406475335224,189190.25085714288,0.013611909894226424,not_applicable
20240925,wajima,observed,observed,772.4105344579519,189190.25085714288,0.0040827184855375944,not_applicable
20240925,suzu,observed,observed,652.4589612960013,189190.25085714288,0.0034486922996294963,not_applicable
20240925,anamizu,observed,observed,653.9677861156484,189190.25085714288,0.0034566674717792832,not_applicable
20240925,noto_cho,observed,observed,628.8566301886635,189190.25085714288,0.00332393782100068,not_applicable
20240925,shika,observed,observed,989.4657620843387,189190.25085714288,0.005230003964799867,not_applicable
20240925,nakanoto,observed,observed,1305.349015397616,189190.25085714288,0.006899663219873217,not_applicable
20240925,hakui,observed,observed,334.74356355886687,189190.25085714288,0.0017693489069456913,not_applicable
20240925,outside_grid,observed,observed,28852.179294098958,189190.25085714288,0.15250352046884896,not_applicable
20240926,nanao,observed,observed,2568.869599001376,189190.25085714285,0.013578234540960169,not_applicable
20240926,wajima,observed,observed,716.1022383148967,189190.25085714285,0.00378509059040058,not_applicable
20240926,suzu,observed,observed,640.1033460572618,189190.25085714285,0.00338338441413983,not_applicable
20240926,anamizu,observed,observed,637.4273287242465,189190.25085714285,0.0033692398304686773,not_applicable
20240926,noto_cho,observed,observed,627.5795849387501,189190.25085714285,0.0033171877625588334,not_applicable
20240926,shika,observed,observed,1016.4584237725346,189190.25085714285,0.005372678661650807,not_applicable
20240926,nakanoto,observed,observed,1253.4465187843707,189190.25085714285,0.006625322991568131,not_applicable
20240926,hakui,observed,observed,358.90744470401324,189190.25085714285,0.0018970715619750591,not_applicable
20240926,outside_grid,observed,observed,29050.737126520875,189190.25085714285,0.15355303455069164,not_applicable
20240927,nanao,observed,observed,2572.2388548331205,189190.25085714285,0.013596043364704942,not_applicable
20240927,wajima,observed,observed,690.5899844164728,189190.25085714285,0.003650240862241553,not_applicable
20240927,suzu,observed,observed,574.0641594544528,189190.25085714285,0.0030343221009201337,not_applicable
20240927,anamizu,observed,observed,561.6925428296286,189190.25085714285,0.002968929637150074,not_applicable
20240927,noto_cho,observed,observed,609.698644946468,189190.25085714285,0.0032226747529757764,not_applicable
20240927,shika,observed,observed,1016.7988501223092,189190.25085714285,0.005374478047973475,not_applicable
20240927,nakanoto,observed,observed,1277.554462060913,189190.25085714285,0.006752749976665509,not_applicable
20240927,hakui,observed,observed,361.42038994572107,189190.25085714285,0.0019103541980005558,not_applicable
20240927,outside_grid,observed,observed,29397.181647156158,189190.25085714285,0.1553842310265443,not_applicable
20240928,nanao,observed,observed,2440.1278785633745,189190.25085714285,0.012897746408750787,not_applicable
20240928,wajima,observed,observed,656.3522899514475,189190.25085714285,0.00346927120704046,not_applicable
20240928,suzu,observed,observed,554.9573304198626,189190.25085714285,0.0029333294284752003,not_applicable
20240928,anamizu,observed,observed,581.9959862949521,189190.25085714285,0.003076247236092604,not_applicable
20240928,noto_cho,observed,observed,616.9024477730385,189190.25085714285,0.0032607517828117908,not_applicable
20240928,shika,observed,observed,952.7801771066254,189190.25085714285,0.005036095532354189,not_applicable
20240928,nakanoto,observed,observed,1391.2718217694444,189190.25085714285,0.007353824076379024,not_applicable
20240928,hakui,observed,observed,351.50252637615915,189190.25085714285,0.001857931499026226,not_applicable
20240928,outside_grid,observed,observed,31003.1433856924,189190.25085714285,0.1638728382949437,not_applicable
20240929,nanao,observed,observed,2419.072010157122,189190.25085714285,0.01278645172886714,not_applicable
20240929,wajima,observed,observed,673.4784052926365,189190.25085714285,0.003559794451571284,not_applicable
20240929,suzu,observed,observed,561.7948862409954,189190.25085714285,0.002969470592145922,not_applicable
20240929,anamizu,observed,observed,538.5032242907055,189190.25085714285,0.0028463582127037194,not_applicable
20240929,noto_cho,observed,observed,609.3098766195874,189190.25085714285,0.003220619846208016,not_applicable
20240929,shika,observed,observed,864.3535749752633,189190.25085714285,0.004568700401100133,not_applicable
20240929,nakanoto,observed,observed,1310.6218179428206,189190.25085714285,0.006927533591212733,not_applicable
20240929,hakui,observed,observed,346.57992982031567,189190.25085714285,0.001831912206099972,not_applicable
20240929,outside_grid,observed,observed,30229.199920493673,189190.25085714285,0.15978201722095964,not_applicable
20240930,nanao,observed,observed,2635.847266771859,189190.25085714282,0.01393225736965792,not_applicable
20240930,wajima,observed,observed,715.8210548131252,189190.25085714282,0.003783604343088695,not_applicable
20240930,suzu,observed,observed,613.8851963581603,189190.25085714282,0.0032448035434008904,not_applicable
20240930,anamizu,observed,observed,615.6147549321578,189190.25085714282,0.003253945444562084,not_applicable
20240930,noto_cho,observed,observed,647.5034911402325,189190.25085714282,0.003422499247221577,not_applicable
20240930,shika,observed,observed,1020.871948301896,189190.25085714282,0.0053960071603940864,not_applicable
20240930,nakanoto,observed,observed,1257.0647910633995,189190.25085714282,0.006644448037719484,not_applicable
20240930,hakui,observed,observed,364.3963720590523,189190.25085714282,0.00192608430089882,not_applicable
20240930,outside_grid,observed,observed,28010.525398118607,189190.25085714282,0.14805480341198607,not_applicable
20241001,nanao,observed,observed,2659.9144014042135,189190.25085714285,0.01405946865313218,not_applicable
20241001,wajima,observed,observed,755.2031813410337,189190.25085714285,0.003991765843744697,not_applicable
20241001,suzu,observed,observed,634.9396610247387,189190.25085714285,0.0033560908035593245,not_applicable
20241001,anamizu,observed,observed,610.9085095636873,189190.25085714285,0.0032290697157803497,not_applicable
20241001,noto_cho,observed,observed,654.5525290333104,189190.25085714285,0.0034597582384282666,not_applicable
20241001,shika,observed,observed,1049.2884384585682,189190.25085714285,0.005546207765488316,not_applicable
20241001,nakanoto,observed,observed,1242.9385692904507,189190.25085714285,0.006569781284496477,not_applicable
20241001,hakui,observed,observed,349.1521557569846,189190.25085714285,0.001845508181183335,not_applicable
20241001,outside_grid,observed,observed,27974.092271851816,189190.25085714285,0.1478622293966669,not_applicable
20241002,nanao,observed,observed,2596.456547198674,189190.25085714288,0.013724050448874621,not_applicable
20241002,wajima,observed,observed,748.8507344798995,189190.25085714288,0.003958188813044891,not_applicable
20241002,suzu,observed,observed,650.4468011192868,189190.25085714288,0.0034380566555220525,not_applicable
20241002,anamizu,observed,observed,637.653223650951,189190.25085714288,0.0033704338398094385,not_applicable
20241002,noto_cho,observed,observed,690.6399569989735,189190.25085714288,0.003650505001552507,not_applicable
20241002,shika,observed,observed,1019.3282847896241,189190.25085714288,0.005387847841902364,not_applicable
20241002,nakanoto,observed,observed,1286.714053877834,189190.25085714288,0.006801164690295954,not_applicable
20241002,hakui,observed,observed,400.97204048674587,189190.25085714288,0.002119411749126116,not_applicable
20241002,outside_grid,observed,observed,27817.501941983974,189190.25085714288,0.14703454229778945,not_applicable
20241003,nanao,observed,observed,2633.0212325502175,189190.25085714285,0.013917319844025187,not_applicable
20241003,wajima,observed,observed,729.9517502869263,189190.25085714285,0.0038582947428835077,not_applicable
20241003,suzu,observed,observed,629.1402718675423,189190.25085714285,0.003325437061461506,not_applicable
20241003,anamizu,observed,observed,602.6333467076403,189190.25085714285,0.003185329814709572,not_applicable
20241003,noto_cho,observed,observed,650.1116142631269,189190.25085714285,0.003436284963510222,not_applicable
20241003,shika,observed,observed,981.7143125486418,189190.25085714285,0.0051890322471739424,not_applicable
20241003,nakanoto,observed,observed,1299.3716004086657,189190.25085714285,0.006868068489373791,not_applicable
20241003,hakui,observed,observed,313.61205430148533,189190.25085714285,0.0016576544133782725,not_applicable
20241003,outside_grid,observed,observed,28823.779453797484,189190.25085714285,0.15235340786963836,not_applicable
20241004,nanao,observed,observed,2565.532814325441,189190.25085714288,0.013560597349504383,not_applicable
20241004,wajima,observed,observed,678.0804396469769,189190.25085714288,0.00358411935379796,not_applicable
20241004,suzu,observed,observed,585.571723694516,189190.25085714288,0.003095147456285577,not_applicable
20241004,anamizu,observed,observed,569.9423972550594,189190.25085714288,0.003012535765838281,not_applicable
20241004,noto_cho,observed,observed,635.0997919384707,189190.25085714288,0.0033569372050678927,not_applicable
20241004,shika,observed,observed,994.9967142740718,189190.25085714288,0.0052592388337462034,not_applicable
20241004,nakanoto,observed,observed,1259.956038845676,189190.25085714288,0.006659730261666949,not_applicable
20241004,hakui,observed,observed,408.05214433825245,189190.25085714288,0.002156834945191609,not_applicable
20241004,outside_grid,observed,observed,29439.103591401305,189190.25085714288,0.1556058172026565,not_applicable
20241005,nanao,observed,observed,2523.849423539206,189190.25085714285,0.013340272091741974,not_applicable
20241005,wajima,observed,observed,579.178548586049,189190.25085714285,0.0030613551489150756,not_applicable
20241005,suzu,observed,observed,591.624442185749,189190.25085714285,0.0031271402173491665,not_applicable
20241005,anamizu,observed,observed,604.2925838854443,189190.25085714285,0.0031941000191481553,not_applicable
20241005,noto_cho,observed,observed,597.5140168356072,189190.25085714285,0.0031582706515188713,not_applicable
20241005,shika,observed,observed,1008.7841258757007,189190.25085714285,0.005332114743256149,not_applicable
20241005,nakanoto,observed,observed,1281.5936686191296,189190.25085714285,0.006774099948664153,not_applicable
20241005,hakui,observed,observed,362.9311472912578,189190.25085714285,0.0019183395848727232,not_applicable
20241005,outside_grid,observed,observed,31137.736677599965,189190.25085714285,0.16458425598849702,not_applicable
20241006,nanao,observed,observed,2450.7797893651255,189190.25085714285,0.012954049049893718,not_applicable
20241006,wajima,observed,observed,601.791666947245,189190.25085714285,0.0031808809609415686,not_applicable
20241006,suzu,observed,observed,532.380863377782,189190.25085714285,0.002813997343762611,not_applicable
20241006,anamizu,observed,observed,592.1898391201363,189190.25085714285,0.003130128727231815,not_applicable
20241006,noto_cho,observed,observed,594.2721632272198,189190.25085714285,0.0031411352357471815,not_applicable
20241006,shika,observed,observed,976.7256908949613,189190.25085714285,0.005162663966403241,not_applicable
20241006,nakanoto,observed,observed,1341.2480943072587,189190.25085714285,0.007089414429288073,not_applicable
20241006,hakui,observed,observed,361.86165594213435,189190.25085714285,0.00191268659089297,not_applicable
20241006,outside_grid,observed,observed,30349.758176075135,189190.25085714285,0.16041925013880431,not_applicable
20241007,nanao,observed,observed,2626.039304425724,189190.25085714285,0.013880415573890435,not_applicable
20241007,wajima,observed,observed,676.8735295071291,189190.25085714285,0.0035777400074290026,not_applicable
20241007,suzu,observed,observed,604.4692507490909,189190.25085714285,0.003195033824472934,not_applicable
20241007,anamizu,observed,observed,574.4427704406103,189190.25085714285,0.003036323319188211,not_applicable
20241007,noto_cho,observed,observed,617.5659070538538,189190.25085714285,0.003264258619331165,not_applicable
20241007,shika,observed,observed,987.3601131224804,189190.25085714285,0.005218874168458257,not_applicable
20241007,nakanoto,observed,observed,1264.5194331330285,189190.25085714285,0.0066838509246856725,not_applicable
20241007,hakui,observed,observed,354.78096591438634,189190.25085714285,0.001875260296484731,not_applicable
20241007,outside_grid,observed,observed,28440.29421927681,189190.25085714285,0.1503264258619331,not_applicable
20241008,nanao,observed,observed,2614.3309764068217,189190.25085714285,0.013818529044506091,not_applicable
20241008,wajima,observed,observed,692.0382197840197,189190.25085714285,0.0036578957776559865,not_applicable
20241008,suzu,observed,observed,610.3704409896127,189190.25085714285,0.00322622565499161,not_applicable
20241008,anamizu,observed,observed,611.1187059785668,189190.25085714285,0.0032301807477385356,not_applicable
20241008,noto_cho,observed,observed,629.2908557103065,189190.25085714285,0.0033262330001638542,not_applicable
20241008,shika,observed,observed,1040.836599635001,189190.25085714285,0.005501534010972555,not_applicable
20241008,nakanoto,observed,observed,1289.4743659645703,189190.25085714285,0.0068157548294507505,not_applicable
20241008,hakui,observed,observed,345.4846348998998,189190.25085714285,0.0018261228225801894,not_applicable
20241008,outside_grid,observed,observed,28566.619378294934,189190.25085714285,0.15099414081260207,not_applicable
20241009,nanao,observed,observed,2691.2588088757807,189190.25085714285,0.014225145305758616,not_applicable
20241009,wajima,observed,observed,711.8192284946994,189190.25085714285,0.0037624519512487594,not_applicable
20241009,suzu,observed,observed,621.718237756194,189190.25085714285,0.003286206529879027,not_applicable
20241009,anamizu,observed,observed,579.3429499504364,189190.25085714285,0.0030622241226790116,not_applicable
20241009,noto_cho,observed,observed,671.1560735295783,189190.25085714285,0.003547519338279047,not_applicable
20241009,shika,observed,observed,1050.6075143356823,189190.25085714285,0.005553179984570102,not_applicable
20241009,nakanoto,observed,observed,1298.117718110222,189190.25085714285,0.006861440862988379,not_applicable
20241009,hakui,observed,observed,345.3157922959101,189190.25085714285,0.001825230373824375,not_applicable
20241009,outside_grid,observed,observed,28737.293663666336,189190.25085714285,0.15189627125853225,not_applicable
20241010,nanao,observed,observed,2569.338051931314,189190.2508571429,0.01358071063540909,not_applicable
20241010,wajima,observed,observed,672.9218707439156,189190.2508571429,0.0035568527854642853,not_applicable
20241010,suzu,observed,observed,623.0476355313439,189190.2508571429,0.0032932333072585524,not_applicable
20241010,anamizu,observed,observed,570.1309633123407,189190.2508571429,0.003013532466547894,not_applicable
20241010,noto_cho,observed,observed,645.2139622924868,189190.2508571429,0.003410397519794433,not_applicable
20241010,shika,observed,observed,1055.3996658381486,189190.2508571429,0.005578509786083419,not_applicable
20241010,nakanoto,observed,observed,1365.4022651006048,189190.2508571429,0.007217085758460232,not_applicable
20241010,hakui,observed,observed,349.445621881549,189190.2508571429,0.0018470593505656619,not_applicable
20241010,outside_grid,observed,observed,28757.549218647622,189190.2508571429,0.152003335734051,not_applicable
20241011,nanao,observed,observed,2617.085309912379,189190.25085714285,0.013833087582766274,not_applicable
20241011,wajima,observed,observed,675.460337094814,189190.25085714285,0.0035702703180242232,not_applicable
20241011,suzu,observed,observed,571.2945188263608,189190.25085714285,0.0030196826540377286,not_applicable
20241011,anamizu,observed,observed,583.3717151473406,189190.25085714285,0.003083518904934712,not_applicable
20241011,noto_cho,observed,observed,628.4455371309987,189190.25085714285,0.003321764912746675,not_applicable
20241011,shika,observed,observed,1023.9737166430959,189190.25085714285,0.005412402129622928,not_applicable
20241011,nakanoto,observed,observed,1272.2032338832398,189190.25085714285,0.006724465072166313,not_applicable
20241011,hakui,observed,observed,373.8539254003384,189190.25085714285,0.0019760739451772,not_applicable
20241011,outside_grid,observed,observed,29999.00083654443,189190.25085714285,0.15856525746242925,not_applicable
20241012,nanao,observed,observed,2583.8776985222357,189190.25085714285,0.013657562621835711,not_applicable
20241012,wajima,observed,observed,612.8971933252933,189190.25085714285,0.003239581270961423,not_applicable
20241012,suzu,observed,observed,526.5529247678344,189190.25085714285,0.002783192698261357,not_applicable
20241012,anamizu,observed,observed,591.169670962211,189190.25085714285,0.0031247364400853925,not_applicable
20241012,noto_cho,observed,observed,632.1351037509396,189190.25085714285,0.0033412667982995778,not_applicable
20241012,shika,observed,observed,992.4498496053961,189190.25085714285,0.005245776910327123,not_applicable
20241012,nakanoto,observed,observed,1349.3696700906205,189190.25085714285,0.007132342517530286,not_applicable
20241012,hakui,observed,observed,392.227044325234,189190.25085714285,0.0020731884573767165,not_applicable
20241012,outside_grid,observed,observed,34628.91775123704,189190.25085714285,0.18303753810964213,not_applicable
20241013,nanao,observed,observed,2449.3837505021206,189190.25085714288,0.012946670028740776,not_applicable
20241013,wajima,observed,observed,593.6798916731226,189190.25085714288,0.0031380046751003513,not_applicable
20241013,suzu,observed,observed,530.1508687142216,189190.25085714288,0.00280221029525743,not_applicable
20241013,anamizu,observed,observed,561.9153801936723,189190.25085714288,0.0029701074851788915,not_applicable
20241013,noto_cho,observed,observed,599.7749270861536,189190.25085714288,0.0031702211100668306,not_applicable
20241013,shika,observed,observed,942.5034568496696,189190.25085714288,0.004981776030105018,not_applicable
20241013,nakanoto,observed,observed,1334.109482136916,189190.25085714288,0.007051681976701321,not_applicable
20241013,hakui,observed,observed,377.54055894948226,189190.25085714288,0.0019955603274428887,not_applicable
20241013,outside_grid,observed,observed,35369.95935069722,189190.25085714288,0.18695445029778515,not_applicable
20241014,nanao,observed,observed,2402.0685458651683,189190.25085714285,0.012696576779101399,not_applicable
20241014,wajima,observed,observed,658.6049021614305,189190.25085714285,0.0034811778047630034,not_applicable
20241014,suzu,observed,observed,626.2086610280847,189190.25085714285,0.0033099414911233116,not_applicable
20241014,anamizu,observed,observed,581.470994701083,189190.25085714285,0.0030734722960970673,not_applicable
20241014,noto_cho,observed,observed,645.9074743179578,189190.25085714285,0.003414063205644149,not_applicable
20241014,shika,observed,observed,1016.3875652275051,189190.25085714285,0.005372304125728852,not_applicable
20241014,nakanoto,observed,observed,1317.803142072556,189190.25085714285,0.0069654918057465145,not_applicable
20241014,hakui,observed,observed,379.7361598047889,189190.25085714285,0.0020071655811246154,not_applicable
20241014,outside_grid,observed,observed,31043.193728941606,189190.25085714285,0.16408453177844906,not_applicable
20241015,nanao,observed,observed,2600.7714055153388,189190.25085714285,0.013746857429134526,not_applicable
20241015,wajima,observed,observed,728.2419019428226,189190.25085714285,0.0038492570237814022,not_applicable
20241015,suzu,observed,observed,610.7904952849822,189190.25085714285,0.0032284459295219645,not_applicable
20241015,anamizu,observed,observed,624.2844528513699,189190.25085714285,0.0032997707335499318,not_applicable
20241015,noto_cho,observed,observed,634.1080539597003,189190.25085714285,0.003351695190882293,not_applicable
20241015,shika,observed,observed,1081.4597352005921,189190.25085714285,0.005716255094017504,not_applicable
20241015,nakanoto,observed,observed,1237.5578363285676,189190.25085714285,0.0065413404270130435,not_applicable
20241015,hakui,observed,observed,310.7928306690462,189190.25085714285,0.0016427528863721694,not_applicable
20241015,outside_grid,observed,observed,28523.203648849158,189190.25085714285,0.15076465895902305,not_applicable
20241016,nanao,observed,observed,2654.3940949110724,189190.25085714285,0.014030290053980633,not_applicable
20241016,wajima,observed,observed,706.587065011279,189190.25085714285,0.003734796385173258,not_applicable
20241016,suzu,observed,observed,608.9593865631557,189190.25085714285,0.0032187672663058077,not_applicable
20241016,anamizu,observed,observed,605.1837304905764,189190.25085714285,0.0031988103390567907,not_applicable
20241016,noto_cho,observed,observed,626.8667839359604,189190.25085714285,0.003313420121258289,not_applicable
20241016,shika,observed,observed,996.9889549365253,189190.25085714285,0.005269769189583397,not_applicable
20241016,nakanoto,observed,observed,1320.8323700760457,189190.25085714285,0.00698150334962769,not_applicable
20241016,hakui,observed,observed,358.5794510072505,189190.25085714285,0.001895337890735253,not_applicable
20241016,outside_grid,observed,observed,28645.686870883976,189190.25085714285,0.15141206664245227,not_applicable
20241017,nanao,observed,observed,2608.8256774150645,189190.25085714282,0.01378942977027386,not_applicable
20241017,wajima,observed,observed,718.2777534975761,189190.25085714282,0.0037965896775513353,not_applicable
20241017,suzu,observed,observed,607.2800864291598,189190.25085714282,0.003209891015408166,not_applicable
20241017,anamizu,observed,observed,612.6071047311701,189190.25085714282,0.0032380479541398175,not_applicable
20241017,noto_cho,observed,observed,642.1774920402878,189190.25085714282,0.003394347695670612,not_applicable
20241017,shika,observed,observed,1073.8834038215612,189190.25085714282,0.005676208995739682,not_applicable
20241017,nakanoto,observed,observed,1235.4333874294618,189190.25085714282,0.006530111260132189,not_applicable
20241017,hakui,observed,observed,365.17254033575875,189190.25085714282,0.001930186881624782,not_applicable
20241017,outside_grid,observed,observed,29333.932925303987,189190.25085714282,0.1550499182299514,not_applicable
20241018,nanao,observed,observed,2583.4280301795766,189190.25085714285,0.013655185816790937,not_applicable
20241018,wajima,observed,observed,661.60699532772,189190.25085714285,0.0034970459224524103,not_applicable
20241018,suzu,observed,observed,563.7743067108488,189190.25085714285,0.002979933184488209,not_applicable
20241018,anamizu,observed,observed,594.7367400313531,189190.25085714285,0.0031435908422175383,not_applicable
20241018,noto_cho,observed,observed,604.8425342401287,189190.25085714285,0.003197006883281972,not_applicable
20241018,shika,observed,observed,1047.8848526908168,189190.25085714285,0.005538788853776997,not_applicable
20241018,nakanoto,observed,observed,1343.3180706239618,189190.25085714285,0.007100355671277684,not_applicable
20241018,hakui,observed,observed,363.4860661688367,189190.25085714285,0.0019212727110516083,not_applicable
20241018,outside_grid,observed,observed,30304.696629341626,189190.25085714285,0.16018106901409332,not_applicable
20241019,nanao,observed,observed,2508.8300867758735,189190.25085714282,0.013260884614346677,not_applicable
20241019,wajima,observed,observed,611.8908276586176,189190.25085714282,0.003234261939430775,not_applicable
20241019,suzu,observed,observed,521.4335404208571,189190.25085714282,0.0027561332471332813,not_applicable
20241019,anamizu,observed,observed,567.3836225269097,189190.25085714282,0.0029990108896009652,not_applicable
20241019,noto_cho,observed,observed,545.9624489847162,189190.25085714282,0.002885785321977142,not_applicable
20241019,shika,observed,observed,967.3935160298405,189190.25085714282,0.005113337033208531,not_applicable
20241019,nakanoto,observed,observed,1306.358614464344,189190.25085714282,0.006904999642136808,not_applicable
20241019,hakui,observed,observed,287.90945165000073,189190.25085714282,0.0015217985617419609,not_applicable
20241019,outside_grid,observed,observed,32390.70123491698,189190.25085714282,0.17120703148374772,not_applicable
20241020,nanao,observed,observed,2388.8799225032203,189190.25085714285,0.012626865875383074,not_applicable
20241020,wajima,observed,observed,645.5258326213863,189190.25085714285,0.0034120459679966354,not_applicable
20241020,suzu,observed,observed,517.3363055760045,189190.25085714285,0.002734476555912197,not_applicable
20241020,anamizu,observed,observed,551.2619221658539,189190.25085714285,0.0029137966658869256,not_applicable
20241020,noto_cho,observed,observed,555.4879505299874,189190.25085714285,0.0029361341190325668,not_applicable
20241020,shika,observed,observed,943.5782219695765,189190.25085714285,0.004987456899573913,not_applicable
20241020,nakanoto,observed,observed,1317.112173488262,189190.25085714285,0.0069618395637247215,not_applicable
20241020,hakui,observed,observed,325.286794361495,189190.25085714285,0.001719363407404742,not_applicable
20241020,outside_grid,observed,observed,31463.4855090343,189190.25085714285,0.16630606157815347,not_applicable
20241021,nanao,observed,observed,2581.186176180128,189190.25085714285,0.0136433360835764,not_applicable
20241021,wajima,observed,observed,711.3349408484139,189190.25085714285,0.003759892159483109,not_applicable
20241021,suzu,observed,observed,639.882659662899,189190.25085714285,0.0033822179354583816,not_applicable
20241021,anamizu,observed,observed,656.2617210423477,189190.25085714285,0.003468792488350203,not_applicable
20241021,noto_cho,observed,observed,580.412376399262,189190.25085714285,0.003067876773616259,not_applicable
20241021,shika,observed,observed,1056.2845690947936,189190.25085714285,0.005583187105620954,not_applicable
20241021,nakanoto,observed,observed,1263.2763313599096,189190.25085714285,0.006677280280757209,not_applicable
20241021,hakui,observed,observed,350.55588415478155,189190.25085714285,0.0018529278467920927,not_applicable
20241021,outside_grid,observed,observed,29004.78939151586,189190.25085714285,0.15331016931425984,not_applicable
20241022,nanao,observed,observed,2653.1615397711544,189190.25085714282,0.01402377515622912,not_applicable
20241022,wajima,observed,observed,724.861873199112,189190.25085714282,0.0038313912578214915,not_applicable
20241022,suzu,observed,observed,640.8859579385054,189190.25085714282,0.0033875210537272194,not_applicable
20241022,anamizu,observed,observed,615.1724024904905,189190.25085714282,0.0032516073090626957,not_applicable
20241022,noto_cho,observed,observed,633.5082289492017,189190.25085714282,0.0033485247050471035,not_applicable
20241022,shika,observed,observed,1028.1082338624135,189190.25085714282,0.005434255883717476,not_applicable
20241022,nakanoto,observed,observed,1294.3574535646471,189190.25085714282,0.006841565290496992,not_applicable
20241022,hakui,observed,observed,363.46164873776763,189190.25085714282,0.0019211436482116449,not_applicable
20241022,outside_grid,observed,observed,29087.781500476267,189190.25085714282,0.15374883942852,not_applicable
20241023,nanao,observed,observed,2612.2549135172944,189190.25085714285,0.01380755563081209,not_applicable
20241023,wajima,observed,observed,690.4737987457446,189190.25085714285,0.003649626741428235,not_applicable
20241023,suzu,observed,observed,607.053641836715,189190.25085714285,0.0032086941007076516,not_applicable
20241023,anamizu,observed,observed,630.8111865234358,189190.25085714285,0.0033342689893664764,not_applicable
20241023,noto_cho,observed,observed,632.1011889498643,189190.25085714285,0.0033410875353570017,not_applicable
20241023,shika,observed,observed,1036.731950039539,189190.25085714285,0.005479838127718183,not_applicable
20241023,nakanoto,observed,observed,1262.8048752710977,189190.25085714285,0.0066747883125576005,not_applicable
20241023,hakui,observed,observed,328.4131177282033,189190.25085714285,0.0017358881667543606,not_applicable
20241023,outside_grid,observed,observed,28999.25454610806,189190.25085714285,0.1532809138669906,not_applicable
20241024,nanao,observed,observed,2647.8521826537103,189190.25085714285,0.013995711568949173,not_applicable
20241024,wajima,observed,observed,722.2010820768226,189190.25085714285,0.0038173271550982564,not_applicable
20241024,suzu,observed,observed,579.661394824818,189190.25085714285,0.0030639073218551786,not_applicable
20241024,anamizu,observed,observed,584.3581048262253,189190.25085714285,0.0030887326496938407,not_applicable
20241024,noto_cho,observed,observed,581.6274594765697,189190.25085714285,0.003074299319555083,not_applicable
20241024,shika,observed,observed,1064.5147831096056,189190.25085714285,0.005626689421292741,not_applicable
20241024,nakanoto,observed,observed,1253.1477638637907,189190.25085714285,0.006623743867278023,not_applicable
20241024,hakui,observed,observed,359.35292801463197,189190.25085714285,0.0018994262462603245,not_applicable
20241024,outside_grid,observed,observed,29550.17016745731,189190.25085714285,0.15619288009597587,not_applicable
20241025,nanao,observed,observed,2547.850282115397,189190.25085714282,0.013467133060885223,not_applicable
20241025,wajima,observed,observed,647.5827085398957,189190.25085714282,0.0034229179654129437,not_applicable
20241025,suzu,observed,observed,597.0210232019581,189190.25085714282,0.0031556648426496747,not_applicable
20241025,anamizu,observed,observed,576.4905764556677,189190.25085714282,0.0030471473759553,not_applicable
20241025,noto_cho,observed,observed,583.0428466938456,189190.25085714282,0.0030817806100066967,not_applicable
20241025,shika,observed,observed,1018.8780220366318,189190.25085714282,0.005385467894992034,not_applicable
20241025,nakanoto,observed,observed,1294.837803567883,189190.25085714282,0.006844104269123319,not_applicable
20241025,hakui,observed,observed,353.9317973655654,189190.25085714282,0.0018707718593428929,not_applicable
20241025,outside_grid,observed,observed,30358.08767202888,189190.25085714282,0.1604632772274942,not_applicable
20241026,nanao,observed,observed,2504.0616699995835,189190.25085714285,0.013235680267110566,not_applicable
20241026,wajima,observed,observed,622.9105496604506,189190.25085714285,0.0032925087145785803,not_applicable
20241026,suzu,observed,observed,534.9487892181845,189190.25085714285,0.0028275705898932564,not_applicable
20241026,anamizu,observed,observed,620.9735678890536,189190.25085714285,0.003282270439812194,not_applicable
20241026,noto_cho,observed,observed,584.1709142325095,189190.25085714285,0.0030877432192508466,not_applicable
20241026,shika,observed,observed,987.5188830998947,189190.25085714285,0.005219713376486657,not_applicable
20241026,nakanoto,observed,observed,1362.6097061257233,189190.25085714285,0.007202325172424593,not_applicable
20241026,hakui,observed,observed,373.49566156703077,189190.25085714285,0.001974180275542087,not_applicable
20241026,outside_grid,observed,observed,33281.334736248275,189190.25085714285,0.17591463928751244,not_applicable
20241027,nanao,observed,observed,2522.735300484547,189190.25085714285,0.013334383188642523,not_applicable
20241027,wajima,observed,observed,631.4344329877093,189190.25085714285,0.00333756327361976,not_applicable
20241027,suzu,observed,observed,554.5259961973265,189190.25085714285,0.0029310495318072595,not_applicable
20241027,anamizu,observed,observed,582.240748193861,189190.25085714285,0.0030775409702982516,not_applicable
20241027,noto_cho,observed,observed,585.1277015268332,189190.25085714285,0.0030928004951410624,not_applicable
20241027,shika,observed,observed,947.9599964147964,189190.25085714285,0.005010617577385628,not_applicable
20241027,nakanoto,observed,observed,1308.8291630363383,189190.25085714285,0.006918058182737082,not_applicable
20241027,hakui,observed,observed,314.7933914273035,189190.25085714285,0.0016638985888601803,not_applicable
20241027,outside_grid,observed,observed,31473.56523606441,189190.25085714285,0.16635933983633241,not_applicable
20241028,nanao,observed,observed,2631.991985244057,189190.25085714285,0.01391187956736454,not_applicable
20241028,wajima,observed,observed,681.7247992145469,189190.25085714285,0.003603382289129242,not_applicable
20241028,suzu,observed,observed,605.0606214118278,189190.25085714285,0.0031981596232921526,not_applicable
20241028,anamizu,observed,observed,612.1189380650526,189190.25085714285,0.003235467659098683,not_applicable
20241028,noto_cho,observed,observed,642.3068154434607,189190.25085714285,0.0033950312583943087,not_applicable
20241028,shika,observed,observed,1018.6779772908036,189190.25085714285,0.005384410521554862,not_applicable
20241028,nakanoto,observed,observed,1282.2246621735214,189190.25085714285,0.006777435181592558,not_applicable
20241028,hakui,observed,observed,331.8494721885402,189190.25085714285,0.0017540516526885891,not_applicable
20241028,outside_grid,observed,observed,28851.68374120883,189190.25085714285,0.15250090113255718,not_applicable
20241029,nanao,observed,observed,2682.9953444813245,189190.25085714285,0.014181467239066397,not_applicable
20241029,wajima,observed,observed,695.9331264553232,189190.25085714285,0.003678483025961104,not_applicable
20241029,suzu,observed,observed,651.6435124179233,189190.25085714285,0.0034443820940328364,not_applicable
20241029,anamizu,observed,observed,606.2683686247045,189190.25085714285,0.003204543394165149,not_applicable
20241029,noto_cho,observed,observed,615.7124775003267,189190.25085714285,0.0032544619752380892,not_applicable
20241029,shika,observed,observed,1085.4212028430475,189190.25085714285,0.005737194162624409,not_applicable
20241029,nakanoto,observed,observed,1229.253895489016,189190.25085714285,0.006497448414597341,not_applicable
20241029,hakui,observed,observed,343.24450878985056,189190.25085714285,0.0018142822224440822,not_applicable
20241029,outside_grid,observed,observed,28691.202764139867,189190.25085714285,0.15165264929959066,not_applicable
20241030,nanao,observed,observed,2625.825502336171,189190.25085714288,0.013879285483473067,not_applicable
20241030,wajima,observed,observed,683.9833358820342,189190.25085714288,0.0036153202016657214,not_applicable
20241030,suzu,observed,observed,593.1580619037857,189190.25085714288,0.003135246447512129,not_applicable
20241030,anamizu,observed,observed,593.7058621087207,189190.25085714288,0.003138141946632475,not_applicable
20241030,noto_cho,observed,observed,615.2891901831659,189190.25085714288,0.0032522246119741625,not_applicable
20241030,shika,observed,observed,1067.0052391726942,189190.25085714288,0.005639853186612599,not_applicable
20241030,nakanoto,observed,observed,1252.380828522751,189190.25085714288,0.0066196900889381495,not_applicable
20241030,hakui,observed,observed,352.0164116913306,189190.25085714288,0.0018606477347352182,not_applicable
20241030,outside_grid,observed,observed,28785.805168932522,189190.25085714288,0.15215268777601346,not_applicable
20241031,nanao,observed,observed,2597.7357527044255,189190.25085714285,0.013730811925747538,not_applicable
20241031,wajima,observed,observed,682.3000281647754,189190.25085714285,0.003606422767946847,not_applicable
20241031,suzu,observed,observed,605.941145757767,189190.25085714285,0.003202813797288698,not_applicable
20241031,anamizu,observed,observed,625.0034779511952,189190.25085714285,0.0033035712734644767,not_applicable
20241031,noto_cho,observed,observed,609.6659692898162,189190.25085714285,0.003222502039759827,not_applicable
20241031,shika,observed,observed,984.3393951606466,189190.25085714285,0.0052029076059734135,not_applicable
20241031,nakanoto,observed,observed,1333.3772708403146,189190.25085714285,0.007047811738709226,not_applicable
20241031,hakui,observed,observed,390.4491490653917,189190.25085714285,0.002063791063738369,not_applicable
20241031,outside_grid,observed,observed,28942.645719455286,189190.25085714285,0.1529816974623593,not_applicable
